Rating,Tanggal,Nama,Ulasan
5,2026-06-08T02:10:30.704Z,Vivian Lucia,"Tempat ini adalah bintang 5 yang mudah dari saya! Ketenangan suasana melampaui setiap sudut tempat ini! Makanannya khas ‘prasmanan’, rasanya enak! Cukup otentik untuk restoran Jawa <3

Pemandangannya bintang 5, pastinya."
5,2026-06-07T07:12:25.106Z,Zulfaolita Primansyah,"Ketemu resto ini gak sengaja ternyata masakannya enak bumbunya medok, kalo kesini mesti nyoba tempe garisnya ehehe
Macam-macam masakannya banyak, harganya juga sesuai??
Penyajian minum an juga cepet jadi datang dah bisa langsung makan ??????

Ps foto makan beratnya gada udah keduluan di makan ehehe"
5,2026-06-07T03:39:33.378Z,Amir Rosyidi,"Pertama datang
Disambut ramah karyawan
""Sugeng rawuh"" ""Mbah Gito""
Makanan enak
Suasana asyik
Good pokoke"
4,2026-06-06T17:12:55.337Z,jati nugroho,"jika kamu ingin mendapatkan tempat yg special bersama orang yg special maka kamu akan mendapatkannya di sini.
Jika Kamu kangen dgn makan tradisional yg enak kamu juga akan mendapatkannya disini.
knp bintang saya kasih bintang 4...?
karena bintang 5 hanya milik jend besar soedirman dan Bpk Soeharto ????"
4,2026-06-06T16:05:29.930Z,Arista Mahesa,"Udah 3xnya kesini, 2x pas jam pagi ke siang. Kali ini dateng malem hari, ternyata kalau malam hari (pukul 7) menu prasmanan tinggal dikit banget.
Coba menu sharing aja, porsi lumayan bahkan nasi dan tehnya free refill.
Agak kecewanya karena mau tiup lilin acara ulang tahun Bapak, tapi tidak diperkenankan karena memang tidak boleh bawa makanan dari luar. Mungkin bisa kali ya untuk yang ulang tahun malah diberikan free “cake” ? Ngarep, hehehe."
5,2026-06-06T13:18:06.289Z,TUTI MIANA,Bagus
5,2026-06-06T07:04:49.831Z,Riyadi Budi,"Enak.. nyaman dan pelayanan memuaskan, pas datang disambut waitres dan dipastikan dulu dapat tempat makan baru ambil makanan prasmanan atau pesen menu."
1,2026-06-06T06:18:09.809Z,Sandi Wibisono.,"Cocok untuk yg suka foto², ndak cocok untuk yg mau makan ditempat sebelum jam 12 krn bnyk menu baru bisa dipesan jam 15. Tp menu yg lain bs lgsg ambil & bayar."
1,2026-06-06T02:48:21.022Z,Novi S Limbong,"Pelayanannya kurang bagus.. makanannya TIDAK enak, harganya mahal"
5,2026-06-04T02:15:34.624Z,Vhanie Ndull,"Tempat makan dengan menu prasmanan dan banyak pilihan, tempat nyaman, fasilitas lengkap, parkiran luas"
5,2026-06-03T10:47:27.127Z,Sarah Citraboga,"Puaaaasss
Makanannya
Tempatnya
Pelayanannya oke..."
5,2026-06-03T08:35:14.923Z,Hendra Do,Enakkkkk
5,2026-06-03T02:46:58.356Z,Dini A L,"Pilihan makanannya banyak, tempatnya juga luas bisa menampung banyak orang. Pilihan yang tepat sebagai resto keluarga. Pemandangannya indah & adem juga."
5,2026-06-03T00:31:55.813Z,Hidayat Widiyatmoko,Pelayanan ramah khas Jawa... Tempat luas.. Parkir luas.. Tempat asri.. Mushola bersih. Toilet bersih. Makan banyak pilihan.. Minuman banyak pilihan... Gak terlalu ANTRI..
5,2026-06-02T22:53:35.398Z,Muhammad Maut,"Makanannya enak bangeut, minumannya juga banyak,apalagi ada macam2 jenang"
5,2026-06-02T10:56:22.185Z,Kristina R,enak
5,2026-06-02T09:58:08.587Z,M Zidanul Adzkar,Enak
5,2026-06-02T09:42:59.884Z,Novi Triana,"Sebelum kesini sempet ngeliat rating dulu, awalnya ragu ternyata pas dateng dan nyobain sarapan kesini ternyata Luarbiasa Masyaallah banget pengalaman yg di dapet. Rekomended bgt pindang pedesnya..????"
5,2026-06-02T08:57:52.491Z,Ibnu Fadhilah,Berasa banget di rumah
5,2026-06-02T06:03:14.860Z,Agung Radit,"Resto nya nyaman,bersih&ramah untuk anak2,sempetin sholat dhuhur di mushola nya bareng karyawan yg lain,tempat nya juga bersih.pelayanan juga ramah, kebetulan saya bawa anak kecil umur 2,5 tahun,senang sekali karena ada kolam ikan,angsa&burung2 kecil.
Makanan juga enak,harga ramah dikantong."
1,2026-06-01T05:27:51.089Z,Home Decor Lovers,"Dah pesen makanan dari jam5 baru lengkap semua jam 7 malam , lama banget , terus pelayannya gak ramah , saya dipesankan meja no 24 oleh temen saya eh di kasih di no 2 … rasanya jg biasa aja not recommended …"
5,2026-05-31T10:36:01.750Z,Rangga Aja,"tadi pagi saya bersama keluarga datang ke resto jam 10an dan masyaalah sudah banyak antrian, saya kagum dengan pelayanannya yang sat set dan nggak ribet, tadi saya sempat mau marah karena minuman saya lama datengnya. Terus ada mas mas yang pake baju abu abu panjang agak gemuk tinggi saya panggil dan mas nya dengan bahasa khas Jogja beserta tenang menjelaskan bahwa antrian lagi panjang dan minuman saya di antrian ke tiga. Jadi kita sekeluarga nggak jadi bete berkat penjelasan tadi. Semoga semua karyawan seperti mas nya yang sabar walaupun kelihatan lagi repot gedebak gedebuk tapi tetap sabar dan tenang saat menghadapi tamu. Sukses terus buat resto Mbah Gito dan saya akan sering kesini ??"
5,2026-05-31T06:15:14.878Z,Avrizal Maulana Rifa'i,"pelayanan terbaik,makannya juga enak enak memang Worth it dengan harga segitu di sini,semoga pas balik kesini lagi masih sama"
5,2026-05-30T23:11:12.187Z,Santi Megawati,"Makanan enak, pelayanan cepat, suasana oke"
5,2026-05-30T14:20:25.217Z,Imam Muslih,"Makanan enak ??...meski menunggu agak lama, masih tolerable."
4,2026-05-30T10:32:58.992Z,Niko Yoga,"Cukup jauh dan tidak direkomendasikan untuk mobil dengan ground clearance rendah. Suasana dan makanannya lumayan, dan pelayanannya juga bagus."""
5,2026-05-30T07:59:03.805Z,Chairunnisa,"Tempat makan dengan vibe adem dan syahdu, dikelilingi sawah, ada kolam ikan, kandang burung, bebek.
Makanan tradisional yg sudah familier dgn lidah indonesia, menurut saya agak medok harus pake nasi untuk mengurangi.
Saya pesen matcha juga rasanya kentel bgt enak, lebih enak dari matcha2 viral pada umumnya. Bakwan jagungnya juga enak.
Cuma karena restonya cukup rame, parkir mobil ngga dapet di halaman resto jadi agak jauh dan ngambil makanannya ngantri cukup panjang. Buat lansia agak merepotkan harus ngantri. Ternyata bisa juga a la carte, tapi saya taunya telat hehe. Overall cukup baik"
4,2026-05-30T07:23:46.821Z,Ricko Setyawan,Good atmosphere tpi mungkin perlu recipe improvement
5,2026-05-30T02:58:05.989Z,Hendy Pratama,"Tempatnya asli, enak banget. Makanannya oke, vibe-nya pun juga bagus. Di sini makannya prasmanan ya, ada varian kopi juga—v60 dan kawan-kawan. yang paling asyik itu lokasinya yang berada di pinggir sawah. Jadi, tambah asri. Banyak area outdoor, gubuk, dll. Toilet ada di mana-mana. Saran saya, kesini enaknya pagi-pagi jam 7 atau jam 8. Vibe-nya mantap, kalau agak siang, tempatnya sudah full, antreannya panjang banget. Overall suka banget, harga juga masih oke. Saya makan 2 orang, habisnya 122 ribu."
5,2026-05-28T06:01:04.343Z,L,"Masuk kedai langsung disambut resepsionis but nyariin meja.
Makanannya enak, suasana tetap tenang walau pas rame pengunjung."
5,2026-05-28T01:30:36.268Z,LUKMAN ROSIDI,Besar
5,2026-05-26T14:23:28.866Z,yrelav,Penuh wisatawan
5,2026-05-26T06:07:40.911Z,Ika Rachma Pangesti,"Suasananya cukup adem, makanannya enak dan banyak pilihan, cukup affordable harganya."
1,2026-05-26T03:24:00.034Z,Satrio Wicaksono,"Pelayanannya lelet, ga rame tapi pesenan harus ditagihin baru dibikin,  sepi aja kaya gini gimana kalo rame? Makanan habis belum selesai itu minuman, giliran bawa minum dari luar ga boleh, kalo ngelarang gitu siapin pelayanan yang baik orang makan butuh minum. Pesen tambahan Pisang Goreng sama Dadar Jagung juga sama aja, Lelet banget ??, daripada pegawainya diem diem aja berdiri mending diberdayakan deh yang optimal"
4,2026-05-25T13:18:06.045Z,Barol Channel,"Tempat nyaman , makanan enak"
4,2026-05-25T11:31:02.902Z,zusuf vani,"Beberapa kali kesana baru ini bisa review.
Untuk makanannya perlu bener2 ketat. Karena saya makan berkuah, dan bumbu laosnya terasa banget. Overall oke semua sih."
2,2026-05-25T07:49:07.769Z,Shaffira Wdya,"makananya biasa aja, pelayananya sangat jelek, pelayannya judes2, bilang makanan wl 1,5 jam padahal enggak terlalu ramai. minuman lama banget nunggunya, sampai di tanya berkali2. baru pertama kali dateng tapi udah kecewa"
5,2026-05-25T06:16:55.036Z,Kiara Paramita Octaviani,"Mencoba tempat ini karena saya ingin sarapan tradisional Jawa. Pelayanannya bagus, makanannya enak. Kamu bisa makan nasi dengan 2 sayur hanya 15k dan kopi mulai dari 20k-ish. Dengan harga terpisah untuk lauk, Anda dapat menghabiskan 50k per orang di sini. Ini adalah pengalaman yang menyenangkan untuk makan selain nasi, tetapi cuaca bisa terlalu cerah."
1,2026-05-25T05:47:33.999Z,Annisa Tia Fadillah,"Ga worth it trs rasanya kurang enak + mahal. Kmren kesini udh tau kl makan tuh butuh minum, pesen air putih and wedang2an bukanya air putih dikasih langsung pas slesai payment malah dianternya agak lamaan pdhl gk ngantri atau apapun, trs wedang2an dianternya pas selesai makan udh agak lamaan, udh gt dianternya panas2 lg jd gbs langsung diminum, ini resto konsep makanan ndeso tp harga nya gk masuk wkwk enakan klothok ??"
5,2026-05-25T03:57:36.500Z,Tun Susdiyanti,Masakan Jawa... Banyak pilihan.. Suasana desa... Pelayanan ramah
5,2026-05-24T13:08:54.002Z,Kulinerku,Tempat yang nyaman buat makan dan harga relatif murah. Tempat makannya luas dan bersih. Parkiran mobil luas. Tersedia beraneka ragam masakan jawa. Rasanya enak. Pengajian prasmanan. Ambil nomor tempat duduk terlebih dahulu. Ambil makanan dan dicatat makanan yang diambil. Bayar ketika selesai makan.
5,2026-05-24T09:10:24.415Z,Wagiso Sastro,Secara umum sangat memuaskan
5,2026-05-23T13:21:22.152Z,Lidya Tasya,"Senang sekali bisa menikmati makan siang bersama rekan2 bhayangkari kemarin, dengan ambience yang sangat nyaman, masakannya enak semua,ada yang asin sedikit tapi masih oke...????
Pelayanan nya ramah,cepat, tanggap.
Agak sedikit menyesal karena hanya sedikit memberikan tip sama mbak nya, badan nya berisi saya lupa menanyakan namanya mbak tersebut.. terima kasih mbak, semoga Pawon mbh Gito jaya selalu"
5,2026-05-22T13:08:06.937Z,ryant mamets,Makan siang untuk keluarga dengan vibe saung dan sawah itu top lah
3,2026-05-21T10:24:11.601Z,Anwar,"Makin mahal, sementara resto baru konsep sawah yg terjangkau makin banyak."
5,2026-05-20T04:31:25.232Z,Atika Hardeyanti,Dtg kesini kepagian heheh baru buka sudah nyampe jd bebas pilih tempat duduk. Suasana restonya sangat nyaman dan luas banyak bgt tempat duduk. Ada smoking area juga jd terpisah sm yg non smoking. Satu yg harus diperhatikan yaitu toiletnya. Shower hand nya terlalu pendek dan salah pemasangan sepertinya. Lebih baik disediakan ember/ pancuran air agar lebih memudahkan saat dipakai. Untuk makanan enak enak. Staffnya juga ramah ramah semua ??
5,2026-05-20T04:12:59.825Z,Edo Dwi Prayudi,Selama 4 hari di Jogja jujur disini pengalaman makan yg terbaik. Suasana nya asri dekat persawahan view nya khas pedesaan. Makanannya juga enak2 bgt terutama mie godok jawanya kuahnya enak bgt. Kalo ke Jogja psti kesini lagi sih
1,2026-05-19T10:04:58.017Z,Hangopo Ngopo,Makanan kurang enakk gak jelass banget rasanyaa sayaa suka pelayanan nyaa tapi tolong untukk yang nganterin minuman di kemuning jangann mas mas yangg di tengahh itu mas siapaa yaa badan e yang berisi agak hitam tolong jangan itu gaa jelas soalnya pelayanan nyaaa
5,2026-05-18T08:26:45.978Z,Alfananda Winditasari,Tempat makan keluarga yang syahdu. Dekat sawah. Ambil makanan sendiri
5,2026-05-18T04:13:16.785Z,Ade Indarta,"Buat alternatif kalau mau makan suasana Jawa tapi males ngantri panjang.
Tempatnya kesannya tidak terlalu luas. Di kelilingi sawah. Masakan Jawa tentunya. Prasmanan. Banyak sudut buat foto2 cantik. Kami datang pas jam 7 pagian. Masih sepi. Langsung masuk tidak antre. Parkir mobil juga luas. Makan ber 7 habis 380 ribu"
5,2026-05-18T01:37:24.771Z,anggi,"Menyempatkan makan siang di Pawon mbah gito, untungnya langsung dapat meja tapi harus nunggu makanan siap di sesi kedua sekitar jam setengah satu, nunggu setengah jam masih harus antri cukup lama buat ambil makanannya, makanan bervariasi dan cukup enak di lidahku ya apalagi ditambah mamnya sambil liat pemandangan persawahan. Cocok banget buat rombongan keluarga karena untuk anak-anak banyak yang bisa dilihat khususnya hewan2 yang dipelihara di resto. So far untuk harga, makanan dan experience yang didapatkan sih cukup worth it untuk dicoba."
5,2026-05-17T09:59:41.585Z,Saiful Bahri,"Cocok utk makan bersama keluarga dan anak-anak. Akses jalan cuma cukup utk Hi-Ace. Bus ndak bisa, masuk."
4,2026-05-17T06:14:28.256Z,Andhinta Karina,"Pilihan menunya banyak banget sampai bingung milihnya ?? utk makanan layaknya menu rumahan yg enak enak ????
Utk suasana tenang dgn sejauh mata memandang hamparan sawah yg buat mata seger liatnya??
Amaze nya sekarang lebih luas tempatnya, lebih teratur sih, gak perlu rebutan tempat karena begitu masuk sdh disambut staf utk ditanya jumlah org & kemudian diarahkan ke gazebo yg bisa ditempatin ????????"
5,2026-05-16T08:14:28.334Z,Aditya Rahman,"Makanan enak enak, pelayanan paripurna,

Di pesanan ada 1 menu yg basi dan saya laporkan ke petugas, petugasnya gercep langsung handle, diganti rugi, digratiskan pula untuk semua menu dalam 1 piring yang sama dengan menu yg basi tadi,

Yakin sustain sih kalo pelayanan nya kaya gini, josjos mbah gitooo!"
5,2026-05-16T08:07:52.534Z,Sadarsih Purnawati,Makan bikin kalap.
5,2026-05-16T03:35:30.447Z,Nuri Agustina,"Cita rasa masakan omahan Jowo yg mantab, cocok di lidah kami sekeluarga. Ada aneka jenang yg maknyuss (candil & sumsum). Harga sesuai. Pelayanan baik. Parkir luas."
5,2026-05-15T16:37:47.505Z,putrii setia,"Untuk makanan khas desa rekomen banget , puas makan disana , lauknya juga pedes banget
Cocok untuk keluarga yang bawa anak kecil luas ada ikan, merak
Puas deh ????????"
5,2026-05-15T13:18:56.661Z,Fatimah Prehatiningsih,"Rumah makan dengan nuansa pedesaan yang tenang dan nyaman,makanannya juga enak"
5,2026-05-15T12:55:43.260Z,Aulia Rachman (Aal),"tempat terbaik untuk ""rumah makan"" yang pernah saya coba sebelumnya, terutama makanan Jawa, enak sekali, dan rasanya enak, enak sekali saya dan keluarga saya dari minang kabau, suatu hari nanti saya akan berkunjung lagi"
5,2026-05-15T11:03:49.494Z,tambal ban panggilan mobil,"Menyajikan makanan khas bermacam macam,dengan suasana di perdarahan,sejuk pada pagi hari."
5,2026-05-15T04:09:17.476Z,rizta oktaviany,"pas kesini lumayan antri tapi worth it si menurut ku, enak semua menunyaa, pelayanannya ramah ????"
5,2026-05-15T00:43:02.505Z,raditya_dita,Warung makan yang menyajikan menu masakan rumahan. Vibenya makan di pedesaan yang nyaman...pokoknya cihuiy banget dah ....gaskeuuuun....
5,2026-05-14T16:17:45.274Z,Nuri Jogja,"Resto view sawah dgn menu rumahan Jawa yg wajib coba. Good taste, good ambiance, with affordable prices. Pasti datang lg. Seru banget Reuni & acara keluarga disini ?? Parkir luas, pelayanan sat set & ramah."
5,2026-05-14T14:26:53.619Z,Anditya Windra putratama,Tempatnya makin luas dan nyaman... mangstapp
2,2026-05-14T12:41:21.064Z,Tahani Chairunnisa,"Makan di tempat ini cukup menyenangkan dengan kondisi pinggir sawah, saya datang pada malam hari. Pilihan makanannya cukup banyak, namun yang membuat saya kecewa dengan restoran ini adalah pelayanannya kepada pelanggan. Kami datang sebanyak 8 orang, kami memilih duduk di sofa, namun sayang sofa tersebut hanya muat untuk 4 orang, kami berinisiatif meminta untuk menggabungkan dua meja. Namun selain itu kata pelayannya tidak diperbolehkan menggabungkan dua meja, namun respon dari pelayannya sangat KASAR. Mulai dari menjawab kita seolah-olah dia tidak menyukai kita. Menjawab dengan suara keras. Dan bagian yang asin harus menunggu sekitar 1 jam hingga 1,5 jam untuk Makanannya.. Kami bertanya kepada pelayan setelah 1,5 jam untuk makanannya dan kemudian mereka menjawab ""Baru di pesan"" kami kaget, dan kami bertanya lagi, jawabannya adalah ""Sedang di proses"".... Jawabannya, tidak Profesional.....
Tentang makanannya, dan menunggu setelah sekian lama Ya pasti tidak layak untuk makanan itu :( sebaiknya kamu cari resto lain yang menyambutmu dengan hangat dan baik hati. Tolong, di setiap restoran, utamakan pelayanan yang ramah! Karena itu bingkai kesan pertama Restoran tersebut.

Sekali saja dan tidak akan pernah lagi. Terima kasih ????"
5,2026-05-14T01:43:13.656Z,I Gede Agus Swanjaya,Salah 1 alternatif kopi klotok
5,2026-05-13T16:47:05.766Z,Galih Nurrizki,"Suasananya syahdu banget, cocok buat yang mau lunch sambil mensyahdukan pikiran, must try dia punya menu manyung lezatos banget"
5,2026-05-13T05:39:40.376Z,irma rizki,"Enak banget ambiencesnya, makanannya sedap-sedap, harga terjangkau. Cocok buat bawa orang tua,keluarga, dan anak-anak juga. Asri dan bikin healing menjadi sempurna ??"
5,2026-05-13T04:34:20.217Z,airul hidayat,nyaman enak
5,2026-05-12T23:02:49.484Z,Sumi Ahong,"Makananya homey,rasa enak,pelayanan cepat,suasana seperti rasa drmh"
5,2026-05-10T14:05:21.396Z,Inge Caninmon,"Makanan enak
Mangut manyung enak"
5,2026-05-10T12:58:01.758Z,Maidah Sayektiani,"Kesini malem2, seru juga, walupun makanan sudah ga lengkap, tapi telor dadar sayur lodeh ditambah kuah mangut lele mantap endul"
5,2026-05-09T10:52:55.637Z,mei Sholihah,"Pawon mbah gito sekarang makin luas, jd walaupun ramai jangan khwtr tidak kebagian temlat, hny saja mmg tempat parkir yang mgkn perlu di perhatiakan mengingat t4 nya yang masuk ke perkampungan...
Konsep nya ke rumah makan keluarga, tp sayang gak ada jalur utk.kursi roda... jd agak kesulitan klo mau ajak keluarga yg pakai kursi roda, semoga kedepannya di perhatikan lg ya agar ramah utk kursi roda..

Utk makanan variasi lauknya banyak, ada ikan, ayam , telur dan lainnya, sayur juga beraneka ragam dr oseng sampai yg berkuah... yg pengen makan masakan jawa bisa banget kesini..

Edit : 9 mei 2026,..
Udah setahun gak ke mbah gito... alhamdulillah skrg mbah gito sdh ada jalur utk kursi roda  dan juga t4 parkir yg luaaaas...
Semoga makin sukses ya ke depannya....
Karena makan di mbah gito makin nyaman, dan pelayanannya juga terbaik... pelayan ramah dan gercep... ??????"
4,2026-05-09T00:21:30.497Z,Micko Fadjar,"Tempat makan dengan hidangan masakan khas jawa.tempatnya terletak di tengah sawah dan lumayan rame juga,jadi waktu itu ngantri lumayan panjang karena model prasmanan gitu."
5,2026-05-08T17:45:31.140Z,HOMY COZY,"Makanannya enak, parkir luas, pelayanan top banget, rekomemded"
5,2026-05-08T10:10:35.910Z,afanfashya_,Mantap masakan nya Josjis
2,2026-05-08T06:28:23.458Z,sakysss,"Dari segi rasa makanan enak, suasana juga tenang, tapi ternyata tidak boleh bawa tumblr. Saya awalnya tidak dapat info kalau tidak boleh bawa tumblr (sementara pegawai disana pun tau dari awal kalau saya bawa tumblr) dan pada saat saya makan tiba tiba ada pegawai yang menginfokan kalau tidak boleh bawa tumblr (walaupun isinya air mineral), setelah itu tumblr saya diambil, dan setelah itu saya tidak ditawarkan apakah ingin memesan minum atau tidak.

Saran saya kalau ada peraturan seperti itu diinformasikan sejak awal (saat mengambil menu makan atau dengan staff bagian depan) atau di pasang tertulis peraturan tersebut, menurut saya kurang sopan kalau posisi sudah mulai makan dan tiba tiba tumblr diambil."
5,2026-05-08T06:26:54.509Z,Agus A. Zuhro,Mengantar ibu2 rt mengadakan acara diluar dengan suasana sawah.
4,2026-05-08T02:10:22.521Z,Usmantoro Ahmad,Suasana dan tempatnya asri. Minumannya oke.. untuk sayur yang pedas sebaiknya diberi tanda biar yang tidak suka pedas menghindarinya.
5,2026-05-07T07:25:09.020Z,kevin chan,"Semua nya ok ! Harga, makanan, suasana, semua TOP .. suka banget"
5,2026-05-06T15:33:12.760Z,Muhammad Fakhrurrozi Rizal Zulfi,tempatnya nyaman buat makan sama keluarga or temen. cocok yang bosen sama makanan modern.
5,2026-05-06T07:25:16.385Z,Dhedhe Yusuf,"Tempatnya asik syahdu cocok buat sarapan dengan pemandangan sawah, pilihan menunya bnyak dan enak2 dan yg terpenting tidak antri,"
5,2026-05-05T02:45:05.955Z,Urwaatunn Ghurroh77,"First time kesinii, nemenin cowoku dr jkt jalan² ke jogja. Awalnya mau ke kopi klothok tp kejauhan jd mending disinii dan yapp! Ga nyesel dinner disinii hehe. Crew²nya ramahh bgtt apalagi mas bagian depan, begitu masuk disapa ""SUGENG RAWUHH"" yg lain menyaut ""MONGGOOOOO..."" kompak bgtt!! Waktu itu di tgl 2mei2026, nomor meja 20, kalo ada yg inget aku make baju merah maroon??
Oiyaa boleh ngasih saran yaa, next mungkin kalo menyajikan minuman lebih di percepat yaa! Kemarin nasiku udah mau habis dan minumnya baru datang. Bisa lebih di perbaiki biar makin mantap pelayanannyaa???????? terimakasihh teman² crew yg sudah menyambut dg hangat sekaliii????????"
5,2026-05-05T02:40:48.447Z,Rut Mila Sari,"Tipe masakan rumahan tapi rasanya enak. Kalau kesini jangan lupa order pisang gorengnya. Rasanya manis, lembut, luarnya garing. Pokonya recommended banget..."
4,2026-05-04T07:19:50.226Z,Aditya,"Pelayanan cepat dan ramah, atsmosphere lumayan lah dgn meja kayu meski tidak cozy2 bgt. Rasa masakan lumayan, namun ragam harus diperbanyak. Kalau bisa ada cumi asin atau yg lebih pedas2. Andalannya sih ikan dimangut. Toilet bersih. Parkir lumayan gampang. Akses dari jalan kaliurang harus lewat jalan kecil tp tidak jauh hanya 100-200 meter saja. Pemandangan sawah dan kolam ikan, sayang tidak berkontur."
2,2026-05-03T16:51:18.480Z,Anggie Wibowo,"Entah apa yang istimewa. Rasa masakan juga biasa aja. Harga overpriced. Pesan nasi gurih porsinya mini harganya diatas 20rb. Tidak ada lauk daging""an, cuma telur suwir aja dan sedikit. Nasinya pun kepyur sekali terlalu kering. Condiments seperti kering tempenya cenderung asin. Yaudahlah yaa..."
4,2026-05-03T13:29:57.609Z,Faris Hisyam,"Minggu 3 MEi 2026 pertama kali kesini..
tempatnya memang masuk"" kampung, tapi komplex resto sangat luas...
menyediakan macam masakan jawa, banyak juga tempat duduk...
walau banyak tempat duduk tadi sempat waiting list, tergantung juga tingkat keramaian...
suasana ala"" pinggir sawah hijau...
dan ada juga beberapa hewan juga...
air di selokan juga bening..."
5,2026-05-02T15:50:52.411Z,Zainal Aini,Mantapp suasana persawahan
5,2026-05-02T11:15:21.504Z,Kusno Joko,Acara keluarga
4,2026-05-02T08:22:36.745Z,Herline Yuanita,"Lumayan oke lah, menu masakan rumahan jadi bisa utk melepas rindu"
5,2026-05-02T01:21:08.743Z,Imam Suharjo,"Kesini akhir April 2028 malam kesan makan di desa di tepi sawah.
Fasilitas mushola dan kamar mandi bersih terawat.
Menu makanan banyak dan lengkap. Bisa pilih menu atau prasmanan ambil sendiri. Minuman beragam mulai dari teh, kopi dan minuman lain
Parkir mobil 3rb, motor 2rb. Tempat agak masuk sktr 300 meter dari Jakal."
3,2026-05-01T16:25:14.406Z,Ardisa Wiratama,Harga lumayan overprice
5,2026-05-01T08:35:13.906Z,Redo Anya Rizkyansyah,"makanan nya beranekaragam, pilihat seat nya banyak, pemandangan nya oke.."
5,2026-05-01T02:55:07.498Z,Legal Jogja,Agak pricy hiks.. Tapi worthedddd
5,2026-04-29T22:57:41.614Z,Imam Candra,Bakalan balik lagi sih klo ke Jogja
5,2026-04-29T07:11:20.836Z,Nabila Amalia,"varian lauk dan sayurnya cukup banyak, pilihan nasinya pun ada putih & merah, rasanya medok & enak gitu

cobain wedang mbah utinya gaiss, rempahnya banyaak dan lumayan ngebantu ngeredain flu"
5,2026-04-28T12:42:34.852Z,Budi Sapto,"Dekat dengan persawahan, jadi udara relatif segar berangin.
Saya coba menu mangut lele kesukaan saya, dan cocok."
5,2026-04-28T00:29:47.450Z,Rizky Fatih,enak
5,2026-04-26T02:53:38.179Z,Fernando Haratua,Bakmi godognya juara
5,2026-04-23T23:40:57.495Z,Endah Ratnaningsih,"Tempatnya cukup luas, mudah dicari, dan musholanya bersih. Makanan dan minumannya enak sekali, mengingatkan masakan rumah apalagi pemandangannya sawah. Pelayanannya cepat dan karyawannya ramah. Sistem ordernya kita ditanyain mau meja mana dulu nanti dicarikan, terus ambil nasi sendiri, pilih lauk, dan ke kasir. Mendoannya enak sih, rekomended!"
3,2026-04-23T12:13:03.625Z,Sri Wahyuni,"Saya sering kesini KLO pagi KRNA emang enak smua menu prasmanan nya,tapi malem baru kali ini dan agak kecewa,,pesen bakmie Jawa,sama bakmie goreng tapi kq amis bangeet ya,mana ga ada ayam nya ,tapi soal pelayanan selalu best"
4,2026-04-23T09:40:28.704Z,Tutut Jogja,"Lauknya banyak.
Seperti masakan rumahan.
Tempatnya besar.
Suasana jawa"
5,2026-04-21T16:31:55.750Z,Pramono Dw,"Tempat nyaman, masakan variatif dan terjangkau"
5,2026-04-21T07:28:27.392Z,Ahmad Habibi Zaenal,Menunya banyak terus ramah banget pelayannya... klo sore abis prasmanan jadinya diarahin beli menu modern gitu lupa namanya. Dikasih buku menu terus ditulisin
5,2026-04-20T14:10:23.605Z,Ren Hikaru,"Serasa pulang ke rumah kalau kesini, makanan dan pelayanan top. Cocok utk makan ramai2 bareng keluarga, kids friendly, ada sungainya mengalir jernih dan ada mini zoo nya. Aestetik dan pengen lama2 di sini. Sukses terus Pawon Mba Gito ????"
5,2026-04-20T12:58:45.025Z,Budi,"Pokoknya enak deh, rasa masakan seperti masakan nenek, tempat luas tidak membosankan karena banyak hiburan untuk anak anak"
5,2026-04-20T12:57:45.219Z,Wati,"Pemandangan sejuk dan nyaman, ada berbagai aviary yang sangat menghibur anak anak"
5,2026-04-20T12:57:04.911Z,Hari,Makanan sedep rasanya seperti nostalgia
5,2026-04-20T04:07:40.827Z,JACX 2277,"Konsepnya prasmanan rumahan dengan pilihan menu yang banyak banget dan menggoda selera
Minumannya juga macam macam.
Lokasi tempat mkn ada yg khusus non smoking.
Di area dalam ada kolam ikan dengan beberapa unggas piaraan seperti angsa, merak dan burung lainnya yang lucu
Dijamin kl kesini ga kan cukup kl cm mkn ja pasti betah untuk nongkrong sambil ngeliatin sawah.
Untuk harga standar"
5,2026-04-19T16:42:02.678Z,m tira,Kuliner yang wajib di kunjungi kalau lagi di Jogja. Tempatnya syahdu..makanannya enak2
5,2026-04-19T14:22:08.114Z,Graha Purnama Ardiansyah,"Nikmatin sarapan pagi nasi kuning yang mantab, sambil ngopi liatin pemandangan sawah, kalau lagi cerah bisa liat gunung merapi. MasyaAllah, rekomen banget disini"
5,2026-04-19T14:19:09.460Z,Wasilah Grup,Tempat terbaik buat menikmati kuliner di yogyakarta. Bakmie sama pemandangannya joss
5,2026-04-19T14:12:06.670Z,Halimah Tulmawa,"Kuliner ndeso yang lengkap di Jogja, makanannya enak suasana nya syahdu. Ada mini zoo bikin anak happy"
5,2026-04-19T14:07:04.570Z,ANGGI KHADIA,"Salah satu tempat makan favorite di Jogja, tempatnya luas dan nyaman. Makanannya enak2, staf nya juga ramah dan helpfull sekali"
4,2026-04-18T07:32:24.771Z,Daffa Yafindalisti,"ambiencenya okee bangett. penataan tempatnya nyaman. fasilitas lengkap, ada mushola yg bersih, mukena wangi, toilet bersih (cuma heran aja bidetnya di kiri kaya kidal ????), banyak spot buat foto yg nampak segar segarrr.

sistem pesannya prasmanan, jadinya bs bebas pilih dan silakan antri buat membayar. sayangnya pembayaran blm bisa QRIS yah kakak-kakak, bisanya transfer lewat BRI jadi kalau mau bayar no admin cukup lama antriannya harus nge-flip wkwk (maaf sy lah pelakunya).

pelayanannya bagus. btw aku selain ambil makan, aku pesan minum jg kan. bikinnya cepet dan nganternya cepet bgt. bahkan aku blm sampe balik ke meja, minumannya dah sampe di mejaku wkwkwk applause ????????

buat makanannya sih harga rata-rata lah di resto gini, cuma beberapa teman mengeluhkan kalau sayur asemnya terlalu manis."
2,2026-04-17T14:09:45.402Z,Indah Kuriatin,Makanannya asin semua
5,2026-04-12T15:41:10.778Z,Elisabeth Hestiningtyas,"Disambut hangat oleh bapak parkir yang ramah bintang limaaaaaaaaaaaaa

Pilihan menu makanan dan minumannya beragam

Harganya terjangkau sesuai dengan kualitas rasanya

Karyawannya ramah, sopan, senyum, dan sangat membantu

Tempatnya nyaman dan bersih"
5,2026-04-12T07:53:23.940Z,Shifa Mirzaq,"MasyaaaAllah, tempatnya syahdu, minumannya enakk, apalagi sambil lihat barista” nya:)"
2,2026-04-12T06:05:21.897Z,Sendy Agustin,Enak semua. Buat minuman menurutku Basic Terlalu mahal banget sih. Kayak es teh / es jeruk 10.000 terlalu mahal. Kasih masukan aja kalo 7 rb masih ok lah ya.
5,2026-04-12T02:40:36.741Z,Muhadi Hadi,"Selepas maen Jeep di petilasan Mbah Marijan perut keroncongan dan lanjut cari makan siang, gasss.... Mampir lah di Pawon Mbah Gito.. awal kaget Krn antrian panjang hawatir lama dan gak kebagian menu, Tapiiii.....gak disangka Menu nya seabreg, pariatif, enak2 dan tempat mknnya juga luas indoor dan outdoor,

#keren
#puas"
5,2026-04-11T15:51:57.789Z,fahrun nisa,"Makanannya enak, semuanya enak, pelayanannya cepat, suasananya nyaman, tiap ke jogja pasti mampir kesini"
5,2026-04-11T08:52:03.466Z,Eza Fatiha Zahra,"Untuk tempat enak dan luas, makanan agak asin. Kemarin makan nasi + sayur, telor, cakalang dan es teh habis 40k. Es tehnya lumayan mahal (10k) untuk budget mahasiswa. Tapi pelayanannya memang ramah-ramah????"
5,2026-04-10T12:34:51.411Z,Rudy Harinugroho,Uuueeenak kuadrat pamgkat tiga
5,2026-04-10T05:06:43.643Z,maylafaeyza faeyza,"pilihan makanan nya beragam&enak enak, dengan suasana di pinggir sawah jadi lebih sejuk dan terasa adem, apalagi bersama keluarga tercinta????????????????????"
5,2026-04-09T12:41:16.693Z,Ma'ruf Ridho Syahrofi,"Tempat rekomended buat kumpul keluarga, tempat bersih, suasana syahdu. Mushola cukup lah. Cocok buat kumpul keluarga, meeting, atau sekedar nyantai-nyantai…"
4,2026-04-08T14:57:03.937Z,Putri Febriningtyas,"Makanannya juara, tempatnya enak buat kumpul keluarga!"
5,2026-04-08T07:46:08.204Z,Rini Widiani,Suasananya nyaman berasa di rumah. Makanannya jg enak2. Sukses terus yaaa
5,2026-04-08T00:18:40.428Z,Noor Husna Mohd Shafie,"Makanannya sangat enak. Ini makanan lokal Jawa. Sebagai orang Malaysia, saya sangat menikmatinya. Banyak pilihan. Ada juga pilihan ramah anak-anak. Seperti opor ayam. Sangat direkomendasikan. Salah satu pit stop sebelum ke Yogyakarta. Tempatnya sangat luas dan menenangkan. Banyak tanaman hijau dan memberikan nuansa. Jadi, tidak terlalu panas.

Ada juga mini zoo yang bisa mengalihkan perhatian anak-anak dari gadget dan orang tua juga bisa makan dengan tenang.

Burung merak, ikan koi dan burung ada disana. Area parkir yang luas. Mudah untuk parkir. Pasti akan mengulanginya lagi."
4,2026-04-07T15:14:09.257Z,Mega Sorring,"Tempatnya luas dan bagus, bersih, suasana oke, parkir luas, pelayanan ramah. Tapi mohon maaf nih, sayang sekali menurut sy dari segi rasa makanannya kurang enak karena keasinan. Dateng pertama agak kecewa tapi ya udahlah. Lalu kedua kalinya terpaksa dateng lagi karena ada acara di sini. Okelah sy coba lagi, siapa tau yg dulu itu kebetulan aja. Kali ini sy pesen sate lilit, ayam suwir, soun goreng. Tapi ternyata masih sama aja, semuanya keasinan. Jujur asin banget. Bukan hanya punya sy, ternyata makanan ortu dan saudara2 sy juga katanya begitu. Apakah lagi lagi kebetulan kami apes dapet yg asin? Entah siapa yg salah. Makanannya atau lidah kami yg ga cocok. Namun kalo bisa tolong dievaluasi dan diperbaiki lagi ya. Semoga bisa lebih teliti lagi soal rasa setiap menunya biar gak asal2an masak. Terima kasih."
3,2026-04-07T14:46:20.199Z,Ahmad Suroto12,Pengen nyoba mkn di sana pas liburan malah tutup
3,2026-04-07T01:46:40.181Z,Prihantanto handoko,jujur rada kaget Krn pas makan disini nyobain sayur lodeh nya ternyata pake kencur sedangkan gue gabisa makan kencur. tapi kebayar sama suasanya dan makanan lainnya
5,2026-04-05T22:32:36.066Z,Christine Tirza thresia,Juara
5,2026-04-05T14:46:41.898Z,fathur rohman,"sangat suka dengan pelayanannya,
kasir²nya sangat ramah, dan sangat suabarrrrr membacakan pesanan dan membacakan nomor rekeningnya, hafal banget??

barista²nya murah senyum suka di sambut waktu kami lewat..

saya paling suka di layani sama mas Bayu, yang ramah, sopan, beliau handle kami pakai bahasa Jawa halus, yang kami tidak tahu artinya sebenarnya jadi kami hanya iya² aja??

untuk admin yang baca review saya tolong sampaikan salam saya ke mas Bayu ya, insyaallah weekend ini saya kesana lagi"
5,2026-04-05T14:45:11.373Z,Man2L x y z,"hmmm,
cuma mau bilang untuk masakannya cocok untuk lidah kami yang dari Sumatera, yang katanya Yogya itu makanannya manis², menurutku tidak,
di sini bener² menyediakan sesuai dengan selera customer yang datang,

lalu untuk pelayan, saya sangatlah puas saya hampir setiap hari kesana,
kadang pagi sampai sore, dan juga siang sampai malam sangatlah betah.

good jobs untuk seluruh staf"
5,2026-04-05T12:01:06.740Z,Ismir Aprianto,"Restoran ini benar-benar menyajikan masakan rumahan dengan presentasi yang lebih menarik. Suasana tempatnya yang nyaman dan asri memberikan nilai tambah, sehingga sangat berkesan untuk dikunjungi.

Cita rasa masakannya autentik, khas hidangan rumah namun dengan kualitas yang di atas rata-rata. Ditambah lagi, harganya pun cukup terjangkau. Benar-benar perpaduan sempurna antara rasa, suasana, dan harga!"
5,2026-04-04T16:27:53.245Z,anggita rahmanisa,"mas kamal super helpfull, makanannya enak jugaa. vibenyaa okee"
5,2026-04-04T14:17:04.930Z,Ririn Kristiani,"Kesini habis magrib,... aku pesen menu prasmanan, nasi , lauk sayur asem, pesen mie goreng juga. tapi asin mie goreng dan sayur asem nya... Untuk minum, snack camilan pisang goreng enaakkk....suasana oke banget..pelayanan nya ramah banget, saran untuk quality control di kitchen lebih ditingkatkan ya... Sukses terus untuk Pawon Mbah Gito ??"
5,2026-04-04T10:50:51.423Z,Bayu Anggoro,"Masya Allah recommend banget disini. makanan nya enak, pelayanannya bagus, dan tempatnya enak suasana pedesaan. Untuk rasanya seperti masakan nenek di desa ?? jadi bikin nagih dan terus mau nambah. Yang belum ke Pawon Mbah gito bener² harus mampir sih, soalnya nyaman banget...??"
5,2026-04-04T07:10:10.668Z,Colin Van Baelen,"Makanan dan layanan yang luar biasa. Salah satu yang terbaik yang pernah saya kunjungi. Terima kasih, semoga Allah memberkati kalian semua."
5,2026-04-04T04:37:24.723Z,dliyaul awliya,oke banget.
5,2026-04-03T22:57:43.639Z,Ahmad Mutaqin Habibi,"Tempat makan yang asik nyaman, menu ndeso makanan tradisional prasmanan lengkaaap..
Minuman kopi juga lengkap..
Insya Allah Halal dan Thoyib..
Sukses barokah"
5,2026-04-03T17:12:26.561Z,Rosa Rahmi,"untuk tempatnya nyaman banget banyak spot buat foto pokoknya instagramable banget cocok buat nongkrong bareng sama teman,sahabat dan keluarga????untuk makanan juga gak kalah rasa masakan ala ala rumahan bikin kangen sama rumah pokoknya the bestt???"
5,2026-04-03T12:04:45.110Z,Mikuru_san 2,"Untuk pelayanan sangat memuaskan
????????"
5,2026-04-03T10:51:45.544Z,Novi _dyah,"Sistem sudah tertata rapi gak perlu bingung cari tempat duduk, cara pengambilan dan pemesanan menu juga tertata rapi sesuai antrian. Worth it banget kalo ke Jogja mampir ke PAWON MBAH GITO"
5,2026-04-03T10:15:46.981Z,Fathiya Anisa,"top markotop ???? dari segi pelayanan maupun hidangan, semoga bisa balik kesini lagi kalo liburan ke Jogja"
5,2026-04-03T10:08:17.636Z,Putri Chantika,"Tempat nya nyaman bnget ,bisa buat nugas kumpul kluarga, bawa anak rekomendasi bnget ada binatang"" nya ,di saran kan kalo k sana kita req tempat semoking sama non semoking nya karena kalo rame biasanya di tmpatkn seadanya tapi kalo kita nya req di cari sesuai req"
5,2026-04-03T09:59:53.450Z,Donnird 12,"Rumah makan ini menawarkan pengalaman kuliner yang lengkap dengan dua pilihan konsep, yaitu prasmanan dan ala carte. Untuk prasmanan, pilihan menunya cukup beragam, mulai dari masakan tradisional hingga menu kekinian, semuanya tersaji dengan rapi dan menggugah selera. Cocok banget buat yang ingin makan cepat dengan banyak variasi.
Sementara itu, menu ala carte juga tidak kalah menarik. Setiap hidangan disajikan fresh dengan cita rasa yang autentik dan porsi yang pas. Cocok untuk yang ingin menikmati makanan dengan lebih santai dan spesial. Menu best minuman kiwi Tropical dan alacart kwetiau goreng ????"
5,2026-04-03T09:51:44.983Z,firen jay,"Pawon Mbah Gito best banget dari segi makanan dan pelayanannya top the top banget , jadi pengen balik lagi , mangut nila dan kates nya best banget pls ??"
5,2026-04-03T09:50:12.442Z,Ahmad Sofar,"""Gak pernah gagal sama makanan di sini! Rasa pedesnya pas, porsinya juga matap. Tempatnya cozy, cocok buat kumpul bareng teman atau keluarga. Pelayanan ramah banget, jadi makin nyaman deh! ??????????"""
5,2026-04-03T09:35:29.840Z,Dendi Aquatic,Banyak pilihan. Lebih nyaman dibanding 43sto tetanggq sebelah
3,2026-04-03T09:33:59.005Z,Margibang Antares,"Makanannya variatif, tapi agak asin. Harganya mahal"
5,2026-04-03T08:20:14.694Z,agus sulistyo,Asri & nyaman
5,2026-04-03T05:10:52.278Z,Sondi 367,Tempat yang tenang dan nyaman
5,2026-04-03T04:20:53.699Z,Han Nia,"Worth to try itt
Bintang ?????????? untuk pelayanan yang dilakuin sama para pegawai nya super ramah dan juga helpfull,makanan yang disajiin juga macem² karena sistem nya prasmanan dan ambil sendiri sampe bingung mau pilih yang mana soalnya keliatan enak² dan menggiurkan banget.sukses terus buat Pawon Mbah Gito"
5,2026-04-03T03:29:55.266Z,Septian Cahyadi,"Gak kerasa dah satu tahun tidak ke sini. balik lagi seneng sekarang tempat sudah ada area smoking dan no smoking
Semakin maju ya ??
Kalau untuk makanan masih best gak ada perubahan, semakin luas juga mantap pokok ??"
5,2026-04-02T14:59:20.972Z,Idayani,"Suasana nyaman,pegawai ramah"
5,2026-04-02T14:44:55.289Z,Kamal Ismiadi Putra,"Pertama kali datang ke pawon mbah gito dengan view ala desa, yang sangat sejuk, area sawah yang adem, tempat yang luas, dan asri banget, di tambah ada beda-beda limasan khusus smoking dan no smoking, untuk makanan juga ga kalah enak, wajib cobain. Rekomendasi banget untuk mampir ke Pawon Mbah Gito.??"
5,2026-04-02T14:38:32.328Z,???,"Pelayananany bagus, makananya uenak uenak sekali, tempatnya juga bersih."
5,2026-04-02T14:08:22.647Z,Asri Yamini,"Jogja Istimewa
Liburan ke jogja harus mampir di Pawon mbah Gito Menikmati makanan khas ndeso, Mantap dan Selalu ngangeni. The Best Makanan ??"
5,2026-04-02T12:14:18.062Z,???Nuning Wilujeng,"Semua okeeee. Bookingan lancar, suasan enak, menu sdh top, hrga  masuk murah bangat yaa. Tapi pas cuaca kek sekarang ini, pas agak ada angin, dan mendung, maka blower perlu ditambah… buar asoy geboy"
4,2026-04-02T09:18:01.677Z,H. Asep Budiman,Masakan dengan ciri khas lodeh dan tentu saja kopi tubruk dan pisang goreng nya yang manyuuss ditambah tempatnya dengan suasana dipinggir sawah yang hijau sangat indah...
5,2026-04-02T08:57:25.979Z,Soni Nurjaman,"Berlibur ke jogja
Pulang meninggal sejuta kenangan
Datang kembali ke jogja dengan wisata yang sangat bagus
Di situ ada Restoran Yang selalu menunggu atau sedang menantiku
PAWON MBAH GITO
Sarapan pagi ada menu prasmanan
Lanjut makan malamnya
Ada menu Alacart yang sangat enak
Sampai kebingungan saat memilih menu makanan karena ENAK SEMUA ????
OTW JOGJA
Demi Makan di pawon mbah gito ??"
5,2026-04-02T08:48:38.838Z,charika maylina,"Dateng ke sini krna smpt bbrp kali sliweran di tiktok, dikira bakal seperti rumah makan kecil dan biasa pada umumnya ternyata ngga gais. Tempatnya luas dengan beberapa sudut mewah alias mepet sawah, sudah oke karna ada limasan khusus smooking dan non smookingnya. Soal harga yaa setara dengan rasa dari makanan dan minumannya ya, jd mnrtku worth it untuk dikunjungi dan dicoba. Mantepp pokonya????????"
5,2026-04-02T08:32:24.041Z,Syifa Khoerunisa,direkomendasikan??
5,2026-04-02T07:38:08.005Z,Anis Alkhikmah,"bestttt bangettt bisa pilih area smoking dan no smoking nyaaa, worth it buat nongkrong sama temen nih"
5,2026-04-02T07:21:33.862Z,Ahmad Jaelani,Makanan nya enak apalagi minuman wedangan Mbah gito mantap
5,2026-04-02T04:49:35.208Z,Nurlela 72,"pelayanan ramah sekali, meskipun area semi outdoor diberi kebebasan untuk area smoking atau non smoking, paling suka bakmi godog kuning dan wedang temu kangen,,, pelayan yang antar juga ramah, cantik, Kalo TDK salah namanya MB Shifa, insyaallah ada waktu akan kembali ??"
5,2026-04-01T13:44:39.559Z,Amirul Fusilat,"resto ini mengingatkanku pada masakan nenekku... pokoknya menu buffetnya wajib dicoba atau gimana.... banyak banget yang bikin aku bingung. Apakah disarankan??
Suasana pagi hari adalah yang terbaik"
5,2026-04-01T13:19:42.608Z,Aspar 20,"Suasananya bikin nyaman soalnya ada ruangan yang nonsmoking dan area smoking.
Makanan dan minuman nya juga bervariasi. Paling suka sama butter creamy latte"
5,2026-04-01T10:29:52.476Z,Amirul fushilat,"Tempatnya juara pokoknyaaa...
cobain sate lilit ayamnya dah... enak polllll..... tempatnya cozy bet dah."
5,2026-04-01T09:58:35.433Z,Pawon Mbah Gito,"Resto mewah rek (Mepet Sawah). Viewnya emang cakep sih dan pelayanannya itu loh, baru datang langsung di sambut. Kaget tapi berkesan banget. Pulangnya di sapa lagi ga tuh.... cobain dah... asli ngena banget nih resto."
4,2026-04-01T06:59:37.701Z,Teguh Wiyono,Nyaman enak untuk Keluarga.
5,2026-04-01T06:10:38.488Z,Ahmad Abdularasid,Mantap rekomendasi pokoknya utk makanan kas Jawa
5,2026-03-31T09:59:07.481Z,Nurul Islam,Tempatnya nyaman dan sejuk. Pelayanan juga baik.
5,2026-03-31T06:00:01.014Z,Arya Patih (Seneng dolan),Suasana tenang...ga bising...udaranya segar
5,2026-03-30T08:23:59.072Z,Kila Kila,makanan nya enak tempatnya bagus asri sekali. ditambah lg mendung jd banyak angin sepoi2 adem bgt. lovely place ????
5,2026-03-28T07:47:32.575Z,Asih Nurmalasari,"Cuma liat ulasan google, ternyata rating google terbukti...tempatnya asik banget, makanannya enak2 serius.. cookies blend nya...aduuuuuuhh enaaaakkkkkk"
5,2026-03-27T13:46:14.927Z,Azka Syamila,"Rumah makan yang luas dan nyaman. Pelayanan ramah dan cekatan.

Ada musala yg bersih dan cukup lega, lengkap dengan tempat wudhu terpisah dan mukena.

Saya rekomendasikan mie lethek goreng. Porsinya pas, tekstur minya unik, dan enak. Summer pineaple juga seger.

Mereka pakai stainless straw, tapi tidak untuk semua minuman sih — masih pakai sedotan plastik juga.

Take away pakai thinwall dan mika."
5,2026-03-27T12:13:55.325Z,Cholis Sant,"Makan bareng keluarga dalam moment lebaran , kita mutusin buat ke Pawon Mbah gito ini ??.
Tempatnya syahdu karena kita DTG sehabis hujan n pas menjelang Maghrib ??.
Makanannya mantap, berasa taste ndeso ne , cocok dilidah.
Nasi gorengnya menurut sya bisa bersaing dengan nasgor bebek Solaria ?? .
Mie godognya juga seger bet.
Pelayanan juga ramah2.
Mushola nya juga bersih n cukup luas.
Toilet juga bolehlah."
5,2026-03-27T02:18:37.712Z,reyhansyah riznanda,"Semuanya bagus.. makanannya, suasananya, stafnya, bahkan toiletnya juga bersih"
5,2026-03-26T08:06:01.580Z,Nia Kania Hapsyah,Terbaikttt
5,2026-03-26T06:59:17.433Z,oliver upn,Tempat makan dengan pemandangan sawah yang menyejukan dan menu yang enak
5,2026-03-26T06:30:45.974Z,Nico Candra,Besar
5,2026-03-26T00:53:12.896Z,Widuri Setya dewi,Pas ramadhan menu prasmanan hrs buru2 ambil krn pas mau ambil stlh buka trnyata hbs hbsan
5,2026-03-25T12:05:24.939Z,Naina Zizah,"Menu makanan yg amat sangat beragam dan pastinya soal rasa mantap jaya ??, harga juga masih worth it lah yaaa.. Tempatnya juga nyaman bgt, view cantik persawahan yg bikin betah lama2??"
5,2026-03-25T11:39:38.335Z,Adith Bee,View nya bagus
5,2026-03-25T08:24:57.197Z,My Titus,Senang di sini. Telah di sini berkali-kali dan mereka selalu meningkatkan layanan mereka. Semua orang di sini ramah dan juga sopan.
1,2026-03-25T06:58:54.454Z,Regi,Makan sudah habis minumnyaaa lamaaaaaaa bgt.
5,2026-03-25T06:02:07.124Z,Noni Lestari,Masakan dan cemilan enak. Tempat asri nyaman bersih.
5,2026-03-24T15:50:39.186Z,Ranni Arianti,"Antri, waiting list
Kiriman minumannya agak terlalu lama yg membuat makanan sdh habis minum baru dateng
Kemarin oesen es coklat blend sayang coklatnya yg murahan kurang premium dg harga segitu
Kalo makanannya sih oke aja bikin kalap mata"
2,2026-03-24T14:18:50.276Z,frista mawardhi,"Datang tgl 24 maret 2026 malam.pesan mi godog, nasi goreng, kwetiau goreng. Makanan baru datang setelah menunggu lebih dr 1 jam. Bahkan nasi gorengnya  datang setelah hampir 2 jam, itupun setelah berkali2 ditanya kapan siapnya. Akhirnya minta dibungkus krn sudah terlalu lama menunggu & mau pulang. Menunggu bungkusannya pun lebih dr 10 menit. Rasa nya standar. Harga lumayan agak mahal"
5,2026-03-24T06:26:06.751Z,azalia putri,"resto keluarga yang sangat proper karna tempatnya luas, makanannya enak tapi taste banyak yg pedas, harga sangat affordable untuk tempat yang tergolong bagus"
5,2026-03-24T06:12:17.110Z,Sumardian Adi Priyanto,"Makanannya enak, suasana juga oke.
Meskipun pengunjungnya banyak, namun antrian ga sampai lama"
2,2026-03-24T03:29:10.920Z,DESKA NOVA SAPUTRA,Harusnya dikasi tau buat area smoking dan non smoking di awal pemilihan meja
2,2026-03-24T03:27:40.654Z,Jihan Aqila,Service untuk reservasi meja kurang teliti untuk pemilihan meja harusnya di kasi tau untuk area smoking dan non smoking
1,2026-03-24T03:26:15.768Z,Deska Nova,Lain kali kasi tau saat pemilihan meja buat area smoking dan area non smoking
1,2026-03-24T03:24:42.610Z,Deska Nova,"Lain kali saat pemilihan meja dikasi tau area smoking dan non area smoking, jangan pas udah dikasi meja trs ditegur tidak diperbolehkan harusnya sejak awal sudah dijelaskan untuk pemilihan meja. Dan kalau mau tuker meja buat di area smoking gak bisa katanya penuh, banyak alesan."
3,2026-03-24T03:10:59.495Z,Gilang Dj,Lain kali pas pemilihan meja dikasi untuk are smoking area nya jangan tiba tiba udah dikasi meja trs ditegur
5,2026-03-24T02:07:15.227Z,Bruno The cat,"Oma Gito, Jogja"
2,2026-03-23T06:32:35.143Z,Tato Roval Sambora,harga tidak sesuai pricelist
5,2026-03-23T03:42:56.458Z,Syarif,"22 Mar 2026 kami sekeluarga mampir di sini, nasi goreng kampung dan bakmi gorengnya  enak. Datang kurleb jam 18, 30 menit lagi last order, tetap dilayani dengan baik.

Tas anak saya ketinggalan, alhamdulillah, disimpan oleh staf yang bertugas."
4,2026-03-23T02:12:35.758Z,Captain Superbejo,"Update terbaru 23 Maret 2026 :

Sedikit mengganggu pelayanan menurut sy pribadi. Pembayaran hanya bisa menggunakan “uang tunai” atau “transfer bank ke rekening atas nama pribadi.
QRIS dan Debit Card tidak bisa dgn berbagai alasan setelah dikonfirmasi.
Mohon dipertimbangkan lagi sistem pembayaran yg sekarang sudah lebih canggih.

Lokasi yg sangat memanjakan mata dikelilingi persawahan.
Perpaduan nuansa tradisional dan modern.
Ada pilihan menu makanan prasmanan tradisional jg Western Ala Carte.
Tersedia cemilan-cemilan jg lho.
Menyajikan Minuman tradisonal dan modern (kopi & Jus) dgn harga yg bersaing."
5,2026-03-22T15:15:58.420Z,Pramudita RM,Makan di tengah sawah. Harga sangat terjangkau.
5,2026-03-22T12:53:07.837Z,Nafila Syifa,"Saya jatuh cinta dengan semua makanan Mbah Gito! Terutama Garang Asem dan Sayur Lodeh; itu untuk diperjuangkan! Harganya murah dan lauknya beragam, harga rata-rata untuk Jogja."
3,2026-03-22T08:17:11.044Z,Zara,"Knp orng2 pada niat bgt makan di sini? Makanannya udh biasa aja, antri nya panjangg bgt juga. Cashiernya juga cuma satu, aku udh beberapa kali ke sini, masih gaada improvement."
5,2026-03-22T06:58:24.422Z,Anggi Tri Lukito,"Rumah Makan dengan cita rasa rumah si mbah

+ parkir super luas untuk R4
+ terdapat reservation table di depan, jd pasti dapat meja
+ rasa makanan cukup enak
+variasi makanan banyak
+jajanan pun lengkap
+varian minuman juga melimpah
+ tempat bersih
+ fasilitas lengkap
+terdapat spot foto untuk keluarga
+harga standar rumah makan

- Parkir motor kurang memadai

- lorong tunggu untuk reservasi meja kurang memadai, tidak ada kipas ataupun pencegah rembesan kalau hujan

- pelayanan minum harus diperbaiki, karena berdasarkan urutan pesanan, seringkali tamu menunggu lama

Overall, tempat ini sangat rekomended untuk melepas rasa lapar bersama keluarga.
rasa yang enak, tempat yg nyaman sudah sangat menarik perhatian untuk singgah"
5,2026-03-18T09:22:15.490Z,Arief M Perkasa,Kuliner autentik dan suasana homy
5,2026-03-17T12:54:23.367Z,Yudha Kacah,"Pawon Mbah Gito bukan hanya sekedar restoran Jawa saja, namun juga tempat untuk kembali mengingat rumah kakek dengan masakan rumahan yang cukup lengkap.

Disini kita tidak hanya makan tapi juga meluangkan waktu untuk beristirahat dengan suasana alam yang cukup menenangkan.

Sedikit saran dan masukan saja ;
Saya sarankan jika ke Pawon Mbah Gito harus cobain yg namanya ‹ Mangut lele, Urap, sama ayam goreng serundeng nya › ngga ketinggalan juga minuman rempahnya ‹ Wedang Mbah Gito › atau mau yang seger² kayak ‹ Teh leci ice dan Dawet Mbah uti nya › cocok banget buat sarapan di pagi hari.

Dan masukannya cuman satu, semoga toilet di belakang ruang kemuning bisa di lebarin lagi space nya.
Terimakasih"
5,2026-03-16T12:05:17.810Z,Elys Romadani,"Makanya enak, tempat luas"
2,2026-03-15T22:42:35.500Z,Fajar Pratama,"Saran nih.. Next time kalau ada rombongan order untuk buka bersama, lgsg di arahkan ke menu yg paketan aja.. jd bisa antisipasi kehabisan menu yg prasmanan, kmrn rombongan saya bener2 kehabisan menu prasmanan pas bukber, jd malah diarahkan ke menu yg di masak dulu, spt bakmi , nasgor dll, dan itu harus nunggu setengah jam lagi, udah lah laper krn nunggu buka, ini terpaksa harus nunggu lagi makanan dibuat, itu terjadi gak cuma di rombongan saya, tp rombongan yg lain juga.. kan harusnya pihak dapur bisa kira2 buat berapa pack untuk hari itu krn sdh ada booking.. tp ini mlh spt di buat nge pres.. cuma sisi positifnya kepala koki nya minta maaf lgsg dn ngasih kompensasi.. ya tp untuk balik lg kesini mungkin udh gak lagi"
5,2026-03-15T10:44:39.372Z,Haputra Channel,"Berbuka puasa di sini, sudah reservasi sebelumnya, jam 17.00 sudah mulai antri pengambil makanan, masakan citarasa khas jawa, dengan pilihan yang beragam dari masakan berkuah lodeh, asem, sop, hingga masakan osengnya juga beragam, lauk yang menggoda. Selesai berbuka waktu kembali ke area ambil makanan nampak semua sudah ludes tak bersisa menunjukkan bahwa rasanya memang bukan yang asal asalan."
5,2026-03-11T07:28:35.155Z,Hani Devita,"Suasanya nya asri sekali,staff nya ramah ramah polll,gercep,satset, untuk makanan prasmanan mungkin bisa lebih berani bumbu nya, jenang nya juga agak sedikit asin, untuk gorengan2 nya sudah okee, overall sudah oke sekalii??"
5,2026-03-11T03:05:15.953Z,Hazellene,Enak tapi banyak yg abis karena pada selesai buka puasa
5,2026-03-10T12:57:08.691Z,Lukas Dwi,Makanan dan suasananya enaaakk..
4,2026-03-09T05:42:48.222Z,Hilmy Isna,Menu variatif khas jogja nuansa sore yang tenang tak terlalu ramai. Makanan relatif pedas walau tanpa tambahan sambal.
5,2026-03-08T16:53:37.080Z,Septiliza Indriani,"Datang ke pawon mbah gito, bareng rombongan 20 orang, acara buka puasa bersama, baru aja sampe udah di sambut ramah sama mas2 Resepsionisnya, di bantu arahin untuk meja nya dimana, dan mas nya nawarin kalo kurang berkenan bisa pindah meja, akhirnya kami pindah meja ke limasan dahlia rekomendasi dari masnya.
Untuk makanannya prasmanan, makanannya semua enak, minuman juga enak, tempat nya juga luas, pelayanan nya ramah banget, cocok untuk kumpul bareng keluarga, rekomendasi banget.. sukses terus untuk pawon mbah gito ????"
4,2026-03-08T15:45:05.107Z,fajar ramadhan,Tempat enak untuk sarapan bersama teman atau keluarga di Jogja
5,2026-03-04T12:53:38.464Z,Gandis Aprilia Ayu Rahmawati,"Menunya enak semua, gak ada yang gagal. Pelayanannya luar biasa, sangat ramah.
Suasananya juga sangat nyaman dengan vibes pedesaan yang sejuk.
Fasilitas juga lengkap dan bersih.
Mungkin untuk sofa""nya bisa lebih dirawat supaya tidak sampai kotor dan berjamur."
5,2026-03-04T01:57:04.322Z,Andika Akmal,Menu prasmanan bervariasi. Cocok banget buat yang suka pedes manis.
5,2026-03-03T11:32:27.540Z,Ong Rosyadi,"Rumah makan dengan nuansa Jawa dan masakan Jawa dengan tempat yang luas dan tempat yang parkir luas juga cocok untuk acara keluarga atau rombongan. Kalau mau sekedar ngopi dengan kolega juga bisa. Pertama masuk ada petugas yang memastikan ketersediaan tempat duduk dan mengarahkan tempat duduk untuk Anda.
Konsepnya self servis alias prasmanan. Anda ambil makanan sesuai menu yang tersedia lalu bawa makanan Anda ke kasir untuk dihitung bayar, pemesanan minum di kasir juga. Setelah itu bisa menuju kursi yang tersedia bisa di indoor atau outdoor. Konsep rumah makan dengan arsitektur rumah Jawa dengan view pinggir sawah."
5,2026-03-02T09:53:44.646Z,Surprisedbear,"Terakhir kesana, belum bisa QRIS. Cuma transfer atau cash."
3,2026-03-01T11:09:18.890Z,Agnes Setiani Putri,"Makanan enak, pilihan varian banyak. Cuma pelayanan di front officenya kurang bikin kita nyaman, selebihnya pelayanan yang lain good!!"
5,2026-02-27T06:30:06.126Z,Hendro Murti,Masakan dari dapur simbok
5,2026-02-26T06:39:05.149Z,Muhammad Ihsaan,"Manteb deh ini Pawon Mbah Gito, makanannya enak, pelayanannya manteb, suasanya juga cakep"
4,2026-02-25T13:54:32.380Z,Clara Aji V A,"Suasana nya tenang, makanan enak, ada kolam ikan nya juga yg bisa narik perhatian anak2.
Dari luar keliatan kecil, tapi di dalamnya ada banyak kursi dan meja.
Ok banget buat makan bersama pasangan, keluarga bahkan teman.
Adem, asri ????????????"
5,2026-02-24T22:21:08.772Z,Ade Alfian,"Makanan enak, pelayan ramah dan tempat buat betah"
5,2026-02-24T08:55:31.699Z,Nindha Rahmadina Gamawati,Suasana & makanan enak & bervariasi
5,2026-02-24T02:45:19.716Z,Cantisa Sindunata,Udah sering kesini dari awal buka masih belum viral sampai sudah se rame itu dan kualitas tetep wow mantap no debat
5,2026-02-23T17:11:57.856Z,Sindy Claudia Sugiman,Pengalaman keseluruhan ???????????
5,2026-02-22T16:56:51.014Z,Sunardi Wibowo,Lezat
4,2026-02-22T14:42:36.051Z,Tara Mood,Makanan sebetulnya biasa saja tapi suasananya asri
5,2026-02-22T03:38:01.906Z,Inveil Hijab,Mantaapp
5,2026-02-22T03:27:42.739Z,Inneke Febrihardianti.S,Susu jahe nya enakkk
5,2026-02-21T09:17:37.050Z,Elisabet Dwi Mayasari,Tempatnya nyaman untuk makan siang dan bersantai. Makanannya enak.
5,2026-02-20T03:54:15.294Z,Epozz Bae,"Tempat makan dengan menu masakan ndeso yg modern yg rasanya enak bingitz pokoke. Dg beragam jenis minuman tersedia.Dg  suasana adem dan tenang karena dekat sawah. Tempatnya berkonsep Jawa  namun estetik, tempatnya luas. Nagih pgen balik lagi kesana..."
3,2026-02-19T12:59:11.658Z,aji pranyoto,Makan lebih sedikit 600 ribu ?????
4,2026-02-19T07:36:53.503Z,Muhammad IR,"Suasana oke lah, rasa makanannya sebanding dengan harganya"
5,2026-02-18T13:02:40.815Z,anna miranti,"Suasananya adem, walaupun rame tapi  tetap nyaman. Makanan juga beragam. Cocok banget untuk pecinta kuliner tradisional. Pelayanan juga bagus, cepat dan ramah. Wajib dicoba kalau ke Jogja."
4,2026-02-17T00:56:30.465Z,ochi mayasari,"Tempatnya super cozzy,makanannya enak,tp sayang untuk pembayaran belum bisa qris ,harus tunai / tf ."
4,2026-02-16T13:14:46.449Z,ALEXANDRIA FREGOSO,"1. Makanan yg prasmanan rasa kurang enak
2. Snack macam lumpia donat lumayan
3. Western food spagheti lumayan.. javanesse food no no no...duh
4. Suasana enak gak rame"
1,2026-02-16T03:55:53.859Z,rizky maulana,"Sayurnya pedes bgt & terlalu asin. Lauk ayam kemangi ga empuk rasanya jg agak hambar. Es jeruk ga manis & kecut bgt, es tehnya rasanya kurang malah kayak aneh gitu. Pelayanan lumayan bagus. Suasana kayak dipedesaan, tertata rapi & bersih. Menurut sy yg perlu diperbaiki hanya kualitas masakannya aja. Sama minuman menurut sy terlalu overpriced."
5,2026-02-15T14:15:35.262Z,CAHAYA TEKNIK F INDONESIA,rumah mkn yg nyaman dan ok
5,2026-02-15T11:10:04.340Z,Harmaji Ajie,Sempat antri panjang
5,2026-02-15T09:56:59.180Z,Nanang Subakty,Makanannya komplit... Makanan rumahan dan tradisional... ??
4,2026-02-15T03:04:28.658Z,Yuhri ikhsan,"Masuk disambut sama tim, langsung dikasih nomor meja dan menyesuaikan Jumlah orangnya

Diprasamanan sedikit antri tapi oke kok, langsung dihitung, bisa langsung bayar atau setelah makan

Makanannya enak, mangut lelenya agak pedes dikit tapi enak, telurnya so so, tapi so so yang enak hehe ayam srundengnya juga lumayan enak, tapi srundengnya dikit wkwkw tersedia aneka minumam juga

Layanananya bintang 5 sii, engga lebih dari 2 menit langsung bersih mejanya, mereka pake HT jadi kayaknya koordinasinya lancar hehe

Suasananya mau tak kasih bintang 5 cuma ternyata samping meja kita ada yang merokok hihihi mungkin karna outdoor jadi orang2 gampang nyalain rokok (dan dapet smoking area), sebenarnya ada opsi smoking dan no smoking, cuman kalau rame jadi pilihannya terbatas, note minor kkanya yang depan boleh next time tanyain ke customer untuk semaking area dan no hehe

Ini cukup nyaman buat keluarga dan anak-anak (minus rokor rokok aja ya hehe)

Good job menejemen dan tim ????"
5,2026-02-15T01:24:19.065Z,Nadzwa vlens,"Dari Banyuwangi sampai di pawon mbah gito parkir aman bisa pilih kursi sendiri datang jam 7pagi masih baru buka banget, makanan semua enak anak anak senang outdoor luas , sukses selalu pawon mbah gito terimakasih menjadi pilihan yg tepat.."
5,2026-02-14T17:17:16.191Z,Kurniawan Prasetyo,"4,5 jam perjalanan dari pati menuju tempat ini.
+ Parkir luas
+ Lauk sangat bervariasi
+ Wedang komplit
+ Meja cukup banyak
- Toiltet terbatas (perlu antri)"
5,2026-02-14T08:10:37.812Z,Didik Irvan Kurniawan,Topp
5,2026-02-13T00:30:31.753Z,PP Wardhana,Mantab
5,2026-02-12T12:02:36.290Z,Probo Laksono,Masakan enak tempat nyaman
4,2026-02-11T13:44:50.172Z,laila maftuchah,Mau kesini bersma rombongan tapi harga minum dan lainnya kok mahall yaaa.????
5,2026-02-10T12:21:36.863Z,Ricky,"Ini adalah tempat yang nyaman untuk menikmati makanan tradisional Jawa, dengan suasana lokal yang kuat tercermin dalam pengaturan, menu, dan layanan secara keseluruhan. Fasilitasnya lengkap dan tersedia berbagai pilihan tempat duduk, baik indoor maupun outdoor.

Hidangannya cocok dengan selera saya, dan saya menghargai nasi merah yang tersedia sebagai pilihan. Saya mencoba ayam goreng serundeng dan sate ayam balutan serai. Harganya terasa masuk akal jika dibandingkan dengan kualitas makanan, fasilitas, dan layanan yang diberikan."
5,2026-02-10T11:59:04.463Z,Don T. Beakunt,"Nggak mau antri panjang atau suasana terlalu rame kayak di Kopi Klotok? Bisa coba ke Pawon Mbah Gito di Sleman. Vibenya mirip makan rumahan dengan pemandangan sawah tapi lebih tenang karena tempat duduknya banyak dan variasi menu lebih lengkap. Enak juga buat santai atau WFC.

Konsepnya prasmanan rumahan dengan pilihan menu yang banyak banget. Aku sampai takut kalap karena semuanya keliatan menggoda. Aku ambil nasi dengan lauk mangut lele dan ikan pari harganya sekitar 20 ribuan dan rasanya beneran sedep kayak masakan nenek sendiri.

Minumannya juga macam macam dan aku pilih yang best seller yaitu Wedang Mbah Uti. Hangat wangi rempah dan enak banget diminum sambil lihat sawah. Bikin badan anget dan kepala rileks pas kalau lagi nyari suasana adem yang tenang."
5,2026-02-09T00:25:44.733Z,serbakudus,"Kalau yang ini salah satu The Best pokoknya, sangat wajib dicoba dijamin malas pulang ??"
5,2026-02-08T16:40:55.523Z,juli satyo,Makanannya gak pernah zonk
5,2026-02-08T15:56:45.745Z,Awang Dhewangga,enak banget dan apalagi sekarang ada mini zoo nya. mantap ajak anak kesini
5,2026-02-08T13:53:04.603Z,Bella Chantika,"Cocok banget buat wisatawan yang ingin tau bagaimana rasa masakan khas orang Yogyakarta. Serasa pulang ke rumah nenek pokoknya ??

Saat liburan, siap siap waiting list ????"
5,2026-02-08T09:39:24.416Z,Heri Sugianto,"Luar bisa, pingin ke situ lagi"
5,2026-02-08T05:00:50.812Z,Dezkrazzer,"Tempatnya enak, cozy, adem. Makanannya juga enak enak, worth it dengan harga. Pelayanannya juga ramah dan membantu"
5,2026-02-07T03:39:16.984Z,Pengembara Waktu,"Tempat nyaman, parkir luas, lauk banyak, minum beragam. Best pokoknya mah. Ada super mini zoo"
5,2026-02-06T11:25:18.761Z,Narendra Wardhana,"Suasananya enak sayang harusnya ada hewan peliharaan di tengah, pas makan langsung BAB.. Rasanya gado gado????"
5,2026-02-06T09:38:34.174Z,Heridikta Anggarini,"Masakan rumahan, fav aku tempe garit sm telor dadarnya ???? kikilnya kyk masih keras, tumis daun pepaya nya lumayan enak. Menu jg variatif, pemandangan bagus, musholanya besar n ada mukena, lebih baik lg klo dicuci berkala mukena nya ??"
5,2026-02-06T06:27:07.426Z,El_Fero,"Tempatnya nyaman bersih, makanannya enak, pelayan nya ramah dan gercep"
5,2026-02-06T04:45:57.492Z,Edi Purwanto,Seperti pulang ke rumah Ibu
5,2026-02-05T13:24:07.919Z,husnul choo,"Makanan dan minumannya enak. Walaupun memang agak pricey dengan ukuran gelas yg standar dan porsi makanan yg tidak terlalu banyak.
Utk layanan, seharusnya ada pelayan yg mengecek ulang ke meja jika merasa sudah menyajikan smua yg customer pesan. Pas awal pelayan nganter pesanan minuman, sudah benar menjelaskan minuman yg datang sambil dia nyampaiin kalo utk pesanan lainnya menyusul. Pas pelayan kedua datang mengantar pesanan (beda orang sama yg pertama), dia nurunin camilan yg kami pesan. Tp ga bilang kalo kurangannya dimohon menunggu. Yaudah kami positif thinking mungkin memang belum smua tersaji. Tp hampir sejam lebih kok ga ada susulan yg nyamper ke meja kami. Akhirnya kami inisiatif manggil pelayan yg lewat buat tanya kekurangan pesanan gimana statusnya. Ready atau enggak. Akhirnya baru terkonfirmasi kalo diminta menunggu tanpa kejelasan aslinya emg kelupaan atau gimana. Padahal cuma mendoan aja. ??
Yaudah kami nunggu lagi dan posisi minuman kami dah mulai habis.
Jadi alangkah baiknya kalo memang pramusaji merasa sudah komplit, ya datang lah ke meja buat checking akhir biar customer tidak tebak2an. Trus pas mau bayar di kasir, petugas kasir ga bacain apa aja yg kami pesan. Cuma tiba2 bacain total payment. Coba bayangkan kalo pesanan kami td ga komplit, tp tetep masuk ke bill kan yg rugi customernya.
Untuk suasana sebenarnya baguuuus bangeeet. Banyak spot yg bisa dipilih. Dan sepertinya smua nyaman. Model kursi bervariasi bisa pilih sesuai kenyamanan masing2. Mushola bersih ga apek. Mukena jg bersih ga bau. Tapiiiii kamar mandi perempuan bau dan becek. Utk kamar mandi cowok ga tau tp saat melintas disamping kamar mandi cowok agak ""beraroma"" kurang sedap ya.
Semoga yg kurang2 bisa ditingkatkan lagi biar makin bagus. Terimakasih"
2,2026-02-04T13:03:25.578Z,Rama Putra,"Dateng sorean, agak mengecewakan krna lauk sisa 1, sayur sisa dikit, sambel abis (semua menu pas ditanya ga masak lagi)
Cukup sekali aja ke sini"
4,2026-02-03T13:06:12.406Z,erwin adi,"Ragam makanan dan rasa rata2 ,bukan tidak enak ,cuma variasi hampir sama dg kompetitor, nikmat ter dukung suasana tenang dan tidak mengantri,layanan juga sangat ramah dan cepat"
4,2026-02-02T11:09:39.087Z,Miawan Purnama,"Secara tempat, makanan, view, tidak mengecewakan, hanya parkir kendaraan roda empat yang kurang lua, mudah mudahan bisa memperluas lahan parkirnya,,,,"
5,2026-02-01T09:39:50.787Z,Tutik Puji Lestari,"Tempatnya nyaman, sejuk, pegawai ramah2 dan sopan. Makanannya endul.....sip lah pokoknya. Next klo liburan ke jogja wajib ke sini lagi."
5,2026-02-01T07:28:43.976Z,Irene Oktyavani,"Tempatnya luas, nyaman, kids friendly, masakannya enak semua dan komplit sampai bingung mau makan apa. Pelayanan dan pegawainya ?????????? ramah, murah senyum dan fast respon sekali."
5,2026-02-01T02:57:13.065Z,zaidan zarazeva,"Semua enak2 bgt. Variasi mknan dan minuman byk. Service keren dr awal masuk lgs dicarikan kursi. Harga pas ya dg atmosphere yg keren, comfortable & soothing dg view sawah dan dining area yg luas dan nyaman. Sayangny blm bs byr pk Qris aja, ntah knp."
5,2026-01-29T22:49:57.743Z,yulita erawati,Toppppppp jangan sungkan
5,2026-01-29T11:02:34.620Z,Daniel Snellius,Dia dia
4,2026-01-28T15:37:10.710Z,Rio Arifin,"makanan enak aja tp bukan yg spesial bgt, plusnya pilihan lauk dan sayur banyak, dan vibesnya nyaman"
5,2026-01-27T08:14:25.083Z,indra surya,Besar
4,2026-01-26T13:59:26.732Z,Nafa Umma,"kesini karena deket kos dan penasaran karena selalu rame, jujur ga anak kos friendly. harganya cukup pricy buat makanan tradisional. tempatnya luas, pilihan makannya banyak. bisa bungkus juga kalau sisa banyak. ga sukanya karena mejanya ditentuin jadi kita ga bisa milih yang viewnya bagus. parkirnya bayar, jujur dapet perlakuan kuarang mengenakkan dari tukang parkirnya."
4,2026-01-26T10:17:11.196Z,thinkfree,"Masakannya enak! Suasananya enak, kurangnya 1 yaitu susah merokok"
5,2026-01-25T17:02:33.937Z,Arwan Amrullah,"Lebih nyaman, lebih banyak pilihan, lebih baiknkesini"
5,2026-01-25T03:25:48.904Z,Oki I,"Makanan enak, tempat bagus, pelayanan bagus, ramah anak"
5,2026-01-24T14:45:05.568Z,Annisa N PS,Vibes nya oke banget buat bawa ibu mertua atau calon mertua.. Sayangnya belum punya calon..
4,2026-01-24T13:10:57.749Z,Andre A Prabowo,"Rasa makanan SNI, untuk harga cukup mahal. Jujur tempat luas dan bersih, ada mushola. Pelayanan bagus, untuk area parkir luas. Kesini waktu jam makan siang dan weekend ramai antri tp tetep aman. Pembayaran tidak bisa qris, bisa transfee ke rekening BRI"
1,2026-01-24T12:32:15.550Z,Fiki Andri,mahal
3,2026-01-24T10:44:47.245Z,AditNur91,"Makan di atas jam4 semua sisa sayur yang ada aja untuk prasmanan..

Sama masukkan kalau area makannya smpe belakang sebaiknya di kasih 1 atau 2 orang standby buat yg mau komplain or tambah nggk susah..saya pesen pisang goreng smpe makan selesai dan nunggu 10menit bru ada staff datang yg pas kebetulan dia mau beresin meja tamu..krna udah nggk berminat saya batalkan itu pisang goreng ?????"
5,2026-01-24T10:00:59.374Z,Alqodarul Umam,Masakan yang enak josjis
5,2026-01-24T09:35:41.173Z,Devina Wonojudo,"Makanan enak. Bisa duduk di pinggir sawah.
Gak ada tempat ber-AC ya tapi. Semilir2 angin enak sih"
5,2026-01-24T09:31:02.056Z,Ahmad Tofik,Enak masakannya. Nyaman tempatnya
5,2026-01-24T01:04:56.916Z,N. Septian Alamsyah,"Kombinasi yang tepat antara rasa, suasana, dan budaya.. jauh dari keramaian, rasakan pengalaman gustatory dan nuansa budaya sekaligus.. #PawonMbahGito"
5,2026-01-23T07:04:20.222Z,Syahru Ramadhan,Terbaik
5,2026-01-22T16:59:23.791Z,Toni Kusbawanto,"Menu masakan khas jawa tradisional, berbagai macam menu sayur lodeh yg lezat pokoknya ,Dengan view pedesaan yang sangat tenang"
5,2026-01-22T12:09:20.011Z,Dewi,"Area restonya luass, asri. Pilihan makanannya juga beragam"
5,2026-01-22T11:45:23.494Z,Intan A,View desa yang menyenangkan
4,2026-01-22T11:34:31.000Z,shasha ndaru,"Untuk suasana snagat bagus aesthetic buat kasi mkn sg sgt cocok, namun untuk makanannya menurut saya biasa saja karena menunya hanya makanan umumnya sehari hari dan kurang beraneka macam."
5,2026-01-22T08:24:32.444Z,BIANCA GIOVANNA,"Harga murah, porsi banyak dan enakk. Pelayanan ramah"
5,2026-01-22T05:22:58.666Z,bambang setyawan,"Suka dgn beragam menunya
Plus suasana"
5,2026-01-22T02:35:11.614Z,Mi Qu,"Tempatnya asik bgt, makanannya cukup enak"""
4,2026-01-21T05:53:48.987Z,Lirta P,"Suasananya bagus, kalau makanan menurut sy selera masing2, lidah sy lidah Medan.
Konsepnya prasmanan, kita ambil sendiri menu apa yg kita mau."
5,2026-01-21T01:50:18.764Z,Mahardhika R,"Tempat bagus, makanan lumayan, harga murah, parkir luas, minusnya rame penuh. Sebaiknya ruang ambil makanan dan tempat kasir diberi jarak atau beda ruang agar tidak berdesak desakan."
5,2026-01-20T03:36:49.963Z,Annisa Arsyila,"Tempatnya nyaman banget,makanan enak² semua,sejuk bikin betah..
Saran aja ,tambahin playground anak,kayak ayunan atau prosotan gituu buat anak² ??"
5,2026-01-19T14:48:11.936Z,Yondi Handitya,"Enak, bersih, nyaman"
4,2026-01-19T10:28:01.785Z,rkarl tsubiantoro,"Tempat yang sangat nyaman untuk memulai dan mencoba berbagai kuliner disini. Datang, dapt meja, ambil piring, ambil nasi dan prasmanan di mulai, semua hidangan terasa seperti masakan rumahan yang sangat enak. Di tambah nuansa desa dan persawanan menambah rasa lapar dan mencicip banyak makanan dan minuman yang di sajikan. Ingat ini konsep prasmanan, antri saat ambil pring dan nasi, tetapi bisa langsung lompat mencari lauk pauk yg diinginkan (bukan prasmanan waktu ambil makanan di kawinan ya!) lanjootttt
Makanan dan minumannya best dan harganya cukup bersaing."
5,2026-01-19T05:08:33.204Z,Dess Maul,"Kemarin hari sabtu long weekend datang sebelum jam 9. Antrian prasmanan masih kosong. Sistemnya disini, pas datang kita minta nomor meja dulu ke petugasnya. Setelah itu baru ambil piring, nasi & lauk2nya. Kalau sudah, di ujung nanti bisa pesan minuman dan snack tambahan (goreng2an), tunjukin isi piring untuk dicatat, kita sebutin nomor meja. Baru deh duduk.

Jam 9 teng, rombongan orang2 mulai berdatangan dan antrian langsung mengular."
5,2026-01-19T00:51:32.086Z,sapto anggoro,"Langganan di sini, terutama sabtu minggu ada jenang bubur tradisional, enak banget. Dan, yang hampir selalu saya ambil adalah sayur daun pepaya, pindang klotok goreng gull omega3, dan wedang mbah Uti. Rasanya kuliner yg menyehatkan."
5,2026-01-18T06:04:40.681Z,Nanik Indrati,"Tempat nya sangat nyaman dan sejuk. Makanannya enak dan bersih
Harga murah"
5,2026-01-18T06:02:02.893Z,Ridwan Hadi,Makananan dan harga standar tapi untuk ngobrol santai tempat ini sangat nyaman
5,2026-01-17T00:58:15.285Z,Mohd Rhedo Margen,"Makanannya bagi lidah saya ya oke aja. Pelayanannya bagus cepat, kecuali ada yanh udah reserved table banyak jadi ya bakal di no 2 in (pengalaman pas kesana). Tempatnya bagus bagi saya, nyaman dan enak banget buat santai lama-lama.
Parkiran lumayan luas, dan mushola oke.

Overall oke"
1,2026-01-15T09:21:57.040Z,Ivan Bagus Widodo,"Menurut saya,
Kurang worth it,
Makanannya sama saja seperti warteg, tidak ada tisu di meja makan
Dan harganyapun muahhhaalll,
Ya okelah kalo mahal tapi viewnya bagus, inimah viewnya biasa ajaa,
Dan untuk ngambil lauk pauknya harus ngantri + berdiri, ngantrinya pun panjang

Tau tempat ini berdasarkan rekomendasi teman"
3,2026-01-14T07:45:43.014Z,Dwi Exsir Pamungkas,"Masukan saja terhadap karyawannya kayaknya masih training semua, ketika di tanya malah lempar"" an. Pesan bakwan jagung dari awal makan sampai makanan abis belum jadi, saya kira bisa sigap ternyata masih lempar"" an lagi??"
5,2026-01-13T11:38:49.678Z,Rini Noerdin,T4nya luas parkiran jg lumayan besar menunya byk pilihan enak² minuman jus nanas n wedangnya enak
5,2026-01-12T13:20:14.492Z,Nurdinullah,salah satu tempat wisata kuliner di kaki gunung merapi terbaik...harganya yang relatif terjangkau dengan cita rasa khas ngayogyakarta dipadukan dengan view sawah dan pegunungan yang istimewa !
4,2026-01-12T12:31:20.404Z,Nurul Rahmawati,"PAWON MBAH GITO

Lokasi mblusuukkk di Sleman, tapi yang datang banyakkk

power of socmed kayaknya.
saya juga diajakin ponakan yang GenZ  untuk kulineran di sini.

Konsepnya  prasmanan. bayar sesuai yg kamu ambil.

Menurutku, masakannya B aja.

nothing special

hanya saja, ambience nya ok bangetttt

ada kolam ikan, kandang burung merak, soang..seruuuu

pemandangan sawah juga bikin hati adem.

layak disamperin , terutama kalo punya  anak kicik"
5,2026-01-12T09:20:25.775Z,Afdolash,"Menurut saya untuk semua makanan disini enak. Menu masakan khas Jawa, mengingatkan masa kecil saya di kampung halaman.

Tempat dan pemandangan alam sawah yang menyejukkan mata, serta ada kolam ikan disekitarnya menambah suasana makan yang nyaman.

Untuk model makannya prasmanan, jadi bisa langsung ambil sendiri nasi dan lauknya tanpa menunggu."
5,2026-01-11T23:13:24.092Z,Rendra Lina,Meski makanann b aja tp ramah. Ya. Makanan b aja klo ramah jadi enak. Pd belajar dah tuh sm owner nya pawon ini
5,2026-01-11T14:42:31.298Z,Tomi Iriawan,Pas dilidah
5,2026-01-11T08:17:43.259Z,Pastel Aqiilah,Masakannya enak....
5,2026-01-11T02:09:26.276Z,Luh Aprilia,"Menu pilihannya banyak, masaknya enak.."
5,2026-01-10T13:16:29.896Z,Farah Adi,"Pawon Mbah Gito menawarkan pengalaman makan yang unik dengan nuansa pedesaan Jawa yang sangat kental. Lokasinya tidak jauh dari Candi Prambanan, mudah dijangkau dan cocok dijadikan tujuan wisata kuliner.
Suasananya tradisional, area makannya dibuat seperti gubuk desa sehingga terasa hangat dan autentik. Menu yang disajikan khas masakan rumahan Jawa, rasanya enak dan pas di lidah. Pelayanannya juga ramah dan cukup cepat.
Tempat ini cocok untuk makan bersama keluarga atau tamu dari luar kota yang ingin merasakan kuliner Jawa tradisional. Wajib dicoba kalau ke Jogja."
5,2026-01-10T13:00:15.574Z,Septi Ana,"Pawon Mbah Gito merupakan rumah makan populer di Yogyakarta yang menyajikan masakan khas pedesaan dengan nuansa tradisional Jawa yang kental. Terletak di kawasan Sambirejo, Prambanan, Sleman, tempat ini menawarkan pengalaman bersantap yang unik, seolah berada di suasana desa Jawa tempo dulu, namun tetap didukung dengan pelayanan yang baik dan ramah.
Nama “Pawon” dalam bahasa Jawa berarti dapur, sehingga Pawon Mbah Gito dapat dimaknai sebagai “Dapur Mbah Gito”, yang merepresentasikan konsep masakan rumahan khas Jawa yang autentik.
Lokasi:
Sambirejo, Prambanan, Sleman, Yogyakarta, tidak jauh dari kawasan wisata Candi Prambanan.
Konsep:
Menghadirkan cita rasa masakan rumahan Jawa dengan suasana tradisional pedesaan. Area makan didesain menyerupai gubuk atau rumah desa, menciptakan pengalaman bersantap yang unik dan berkesan.
Menu:
Beragam hidangan khas Jawa seperti ayam goreng, aneka sayuran tradisional, sambal, serta menu rumahan lainnya yang dimasak dengan resep khas Jawa.

Daya Tarik:
Pawon Mbah Gito menjadi favorit wisatawan karena keunikan konsep, suasana yang autentik, serta cita rasa masakan yang khas. Tempat ini sering direkomendasikan sebagai destinasi kuliner wajib saat berkunjung ke Yogyakarta."
5,2026-01-10T02:33:54.004Z,Inoy,"Tempat nya enak karena berada d pinggiran sawah, selain itu makanan nya enak2 ??..dn yg paling aq suka mushola nya bersih bgt ????"
5,2026-01-10T00:08:28.018Z,DonaTila Asti,"Kami rombongan dan pelayanan sungguh sangat tidak enak. Minta tambahan sendok saja dijawab ketus sendok sudah sesuai dengan pesanan makanan.. Hmmm kalo ada anak kecil yang pengen makan sendiri atau yang mau sharing makan apa harus sharing sendok juga ??
Sayang sekali dengan menu enak suasana resto yang nyaman tapi pelayanan rendah.."
5,2026-01-09T15:09:43.922Z,Akhmad Junaedi,Makan nya enak enak
5,2026-01-09T10:25:24.376Z,Sekar Andin,sangat enak
5,2026-01-08T07:52:39.605Z,Anggun Nuansa,"Suasana tenang, sejuk, dan tidak terlalu ramai,, kopi manual brew japanese enak..
Jenang atau bubur nya enak...sepertinya makanan jg enak..lengkap semua masakan jawa ada"
4,2026-01-08T04:47:57.308Z,Vitaloka Diah,"masakannya lumayan enak, tempatnya juga bagus terus yg bagian belakang aesthetic, makanannya prasmanan bisa kita pilih sendiri, pelayanannya jg lumayan oke si, cuma kekurangannya satu di beverage aga sedikit mahal” yaa tidak seperti harga beverage pada umumnya?? tapi overall good laa??"
4,2026-01-07T16:15:36.575Z,Panadol 90,DILARANG MEROKOK??
5,2026-01-07T14:14:08.515Z,Jeanne,"Makanannya enak, rasanya medok, tapi sayurnya buat saya pedas. Tapi enak.
Minumannya enak banget, es nasi kencur, teh jahe, teh serai, wedang mbah gito, gangenin. Tempatnya asri, kalau siang agak panas. Tapi akan kembali lagi kalau ke Jogja"
4,2026-01-06T15:26:15.898Z,Carlos Paul,"Tempat nya enak nyaman..
Makanannya pun banyak pilihan dan enak
Kalau mau kesini sebaiknya jgn pas jam makan siang krn antri..usahakan sebelum jam makan sdh dtg..
Enak juga buat nyantai sore sore.."
5,2026-01-05T13:32:48.265Z,dio,"Sebaiknya disediakan tray saat prasmanan, karena repot kalo mau ambil piring dan mangkok kecil"
5,2026-01-05T13:14:37.178Z,Eka Azzam,Tempat yang bagus...
5,2026-01-05T07:04:08.973Z,ADAM HAWA CITY TOUR,"Prasmanan
Makanan rasanya nikmat
Masakan tempo dulu
Tempat seperti rumah2 jaman dulu
Parkiran jg luasss"
2,2026-01-05T06:47:42.606Z,"Cv Alatresto ,malvin,","Kayanya ga cocok sama saya ?? refil nya lama, ala cart nya pake jam jam an.. Cukup 1x saja.."
5,2026-01-05T03:03:24.947Z,Helmi Firmansyah,Sangat recomendasi??
4,2026-01-04T15:25:13.842Z,elpro terbangtinggi,"Banyak Opsi di buffet.tempat nya nyaman.sistem nya dihitung dlu Dan di input, tdk lgsg bayar sperti bbrp tmpt sejenis lain nya."
4,2026-01-04T07:51:04.883Z,KangMas,"Plusnya makanan lumayan enak dan banyak pilihan.
Minusnya Kordinasi antara pelayanan gak sinkron, sy pesan tempat duduk sofa kata pelayan sdh habis tinggal tempat duduk kayu dan di kasih no meja 17 di area bangunan sebelah kanan, begitu sy jalan dan lewat bangunan tengah ternyata tempat duduk sofa masih ada kosong bisa 2 atau 3 keluarga di bangunan tengah.
Akhirnya saya pindah di bangunan tengah dan duduk di sofa dg no meja 6."
2,2026-01-04T06:26:25.490Z,ratna leni,"Makanan enak & banyak pilihan
Hanya harga termasuk mahal utk ukuran saya yg termasuk golongan menengah ke bawah
Bbrp kali ke sini baru ""ngeh"" ternyata harga nasi sayur 14k, harga lauk termasuk mahal perpcs
Spt harga perkedel sekecil itu dihargai 5k, semur telor 7.5k, ambil sdkt oseng bihun dihitung 1/2 porsi harga 4,5k
Ada bbrp lauk LG yg menurut saya cukup mahal
Smoga saya salah menilai
Pelayanan ramah & baik
Tempat nyaman bwt keluarga"
5,2026-01-04T06:24:05.400Z,Raditya Tri Wibowo Adi,"Di Jogja byk sekali tempat makan yg bisa dinikmati bareng keluarga. Tapi kalau waktu Liburan spt Nataru pasti penuh dan ga nyaman...

Untungnya dpt rekomendasi dri teman, ada tempat makan yg asik Pawon Mbah Gito. Tempatnya luas, ga perlu rebutan kursi utk makan, nyaman bgt, feels like home. Masakannya byk pilihannya dan byk spot buat foto breng keluarga.

Kalo ke Jogja direkomendasiin mampir ke Pawon Mbah Gito"
5,2026-01-04T00:12:16.515Z,N Pohanz,Makanannya enakk
5,2026-01-03T13:36:16.202Z,Kahfi Dirga Cahya,"Salah satu restoran nuansa khas Jogja yang bisa dipilih. Ambience menarik, makanan cocok di lidah, dna pelayanan baik. Gak perlu ragu untuk datang."
4,2026-01-03T13:35:21.562Z,Diah,"Hari ini kami menghabiskan waktu makan siang di sini saat liburan (Natal dan Tahun Baru) sehingga antrian buffetnya sangat panjang. Kami mendaftar untuk mendapatkan nomor meja kemudian mendapatkan antrian, menunjukkan makanan kami dan memesan minuman, makanan ringan dan lain-lain ke kasir tetapi kami membayar kemudian setelah selesai makan. Pelayanan pelanggan sangat baik. Tempat ini memiliki pemandangan indah dengan beberapa hewan peliharaan (ikan, angsa, ayam, merak). Untuk makanannya, sebagian besar supnya pedas. Jangan ndeso adalah yang terbaik. Oseng Pare dan oseng pepaya membutuhkan lebih banyak jamu. Semua telur: telur renyah, telur semur, telur terik enak. Tempe goreng dan tahu bacem paling enak. Cemilan: mendoan enak tapi pisang goreng dan bakwan terlalu manis sedangkan dimsum oke. Jenang sumsumnya enak. Anda bisa memesan seperti nasi goreng, mie goreng dan lainnya setelah jam 3 sore. Minumannya oke. Jika Anda ingin mencoba hampir semuanya maka setidaknya belanjakan Rp 500000 untuk 5 orang. Layak untuk dicoba."
5,2026-01-03T08:02:01.767Z,Cahyani TriWul,"Kedua kalinya maksi di Pawon mbah Gito. Varian menu masakan komplit. rasa 4,8/5. suasana nyaman, luas jg view yg adem. mushola bersih n cukup luas. Rekomended ????"
5,2026-01-03T07:04:03.591Z,arshinta arshinta,Ini sibuk selama akhir pekan yang panjang. Pilihan makanannya banyak dan tempatnya rapi
5,2026-01-03T05:48:50.571Z,prayogi setiawan,Makanannya enak semuaa????
5,2026-01-03T02:02:56.443Z,Sewa Mobil Jogja Murah,direkomendasikan
5,2026-01-02T12:46:10.874Z,Nastiti Lamsri,"oke bgt untuk cari masakan Jawa yg beragam, dikemas dengan pelayanan modern dan cepat.. cocok untuk kumpul keluarga karna tempat duduknya lumayan banyak.. sistem prasmanan untuk makanan dan minuman ga lama dianternya.. sangat rekomen sekali"
1,2026-01-02T05:10:38.160Z,Tasya S,"Ke pawon ini bukan kali pertama, cuman kemarin untuk pertama kalinya bener2 pengen ngamuk.

Dari awal diinfo kalau makanannya 1 jam. Kami terima dan gak ada masalah
Cuman ekspektasinya kalaupun 1 jam, semua makanan keluar semua.

Ini datengnya satu2, bahkan pesen nasi ayam goreng — tapi nasi putihnya udah dingin.
Minta nasinya diganti, tunggu lagi 10 menit. Hanya untuk ganti nasi.

Mungkin buat nextnya, kl emg over capacity mending di closed order aja sekalian. Paham kok kalau misalkan udah di jam2 akhir itu karyawannya sudah lelah, apalagi dapurnya jauh dan hujan. Cuman kalau gak ada kejelasan kapan makanannya dateng dan pas dateng bahkan nasinya dingin ya emosi juga."
5,2026-01-02T03:24:40.759Z,FIKRIE THONDO,"Sayur Daun Pepaya
Pare
Mangut
Telor Dadar
Tempe Orek
Air Mineral"
5,2026-01-01T14:52:50.954Z,Muliadi Chen,"Pas dateng antri untuk mendapatkan nomor meja, setelah dapat nomor, bs langsung ambil nasi, sayur dan lauk. Lanjut ke bagian pencatatan pesanan, juga bisa pesan minuman. Nasi dengan 2-3 lauk hanya 14rb. Menu masakan ialah masakan rumahan yg sederhana. Rasa masakkannya enak. Overall okelah makan disini beserta keluarga."
1,2026-01-01T13:06:16.029Z,Dinda Duwi,"pesan nasi nasi goreng bebek cabe ijo, yg dtg malah ayam bkn bebek
trs blg ke mba pelayan nya nasi nya diambil lagi
terus gak lama dtg lagi nasgor nya yg dtg malah tetep ayam
jeles2 ya bebek sm ayam itu beda serat daging nya"
2,2026-01-01T12:31:43.768Z,Ehsar Giarto.S,"Pelayanannya baik
Harga makanan tidak ramah dikantong
Bikin kantong tipis"
5,2026-01-01T07:59:25.021Z,indrawan avianto,"Parkir luas, ruangan non smoking banyak."
2,2026-01-01T02:39:54.211Z,Yenny Beatrix,"Untuk hitungan jogja, termasuk mahal. Sayur dihitung terpisah. Tp karyawan ramah dan gercep"
4,2025-12-31T12:06:39.861Z,Annisa Mulia Nastiti,"Sering mondar mandir Jakal tapi ini first time mampir ke pawon mbah gito.

Kesan pertama, saya suka sistem yang mereka punya. Saat pengunjung datang, akan dipastikan dapat tempat duduk dahulu dan kita akan diberi catatan posisi tempat duduknya di mana. Setelah itu, kita bisa antri untuk ambil makanan sekaligus pesan minum. Minuman akan menyusul diantar ke meja.

Karyawan sangat ramah dan helpful untuk saya yang bawel tanya ini itu. Salah satunya saya tanya tentang perbedaan menu wedang mbah gito dan wedang mbah uti. Untuk wedang mbah gito, rasa jahe lebih strong sementara wedang mbah uti jahenya lebih light.

Masakan di sini memiliki hint sedikit pedas. Jenis masakan cukup beragam. Dari kuah sampai kering ada pilihan. Rasa masakan masih bisa dinikmati.

Suasana di sini juga nyaman walau makan siang bolong. Ada beberapa spot foto yang masih asri dan ada beberapa hewan yang bisa dilihat.

Fasilitas toilet dan musholla juga bersih."
5,2025-12-31T05:02:02.664Z,Bayu Ardi Roosno,Jajak pendapat yang bagus.... rasanya enak...
5,2025-12-30T15:16:46.874Z,Triharyadi F S,"Dinner nyempatin ke sini karena dekat dengan lokasi menginap, sayangnya beberapa makanan dan minuman yang hendak dipesan pas lagi kosong.."
4,2025-12-30T13:17:30.619Z,Siti Koswara,"Antrine lama, soal rasa tergantung lidah masing2 yaaa
Pricenya buat kaum mendang mending kek akuu, menurut ku over ??
Tp suasanya juara sih"
5,2025-12-30T12:03:07.213Z,Ndra Jimbe,"Nice, ngangenin nih tempat mulai dr vibe, menu, dan servicenya. Apalagi greetingnya pas mau balik bikin kaget haha"
5,2025-12-30T05:22:22.889Z,Teguh Purwanto,"Ini kali ke dua kami ke sini. Enak makanannya, adem tempatnya, ramah pelayanannya. Parkiran luas."
5,2025-12-30T02:02:06.315Z,anindita dinnie,"Harga terjangkau, makanan enak.."
5,2025-12-29T06:33:55.710Z,Theresia Yunia,"Sejak baru buka sampai sekarang selalu ke sini hampir tiap minggu sampai² Mas² dan mBak²nya hafal sama saya ???? Tempatnya nyaman, family and child friendly. Masakannya uenak walaupun cenderung agak pedes. Sayur berkuahnya (asem, bening, lidech, dll.) juga enak. Kopí & tehnya mantap banget plus bakwan jagungnya nagih bener ?????? Ini Yang bikin datang tiap minggu ????"
5,2025-12-29T04:26:47.977Z,Lia Narulitaa,"Langganan selalu kesini, sukses terus yaa buat ownernya"
5,2025-12-29T00:50:23.994Z,Jane Margareth,"Mantap Jiwa!!!!
Tiap ke Jogja ga bisa ke skip ini"
4,2025-12-28T09:00:32.917Z,Afifah Hera,"comfort fooods and like its name, pawon; warm place buat ngobrol santai~"
4,2025-12-28T08:35:29.245Z,Yulius Widodo,Makanannya oke.....
4,2025-12-28T05:26:28.627Z,MUFRI ADI,"belum sempat pesan
hari libur jadi ramai dan antre nya panjang
jadi pindah lokasi...
sekeliling nya bagus
bagus mun
gkin kembali kalau tidak hari libur"
1,2025-12-28T00:21:54.170Z,Raymond Juntak15 (PRS),"Hanya air mineral 5 botol menunggu diantar setengah jam. Datang ke penyajian minum ga langsung diantar. Yang lebih parah sebelah meja kami menunggu orderan makanan hampir 45 mnt,sampai ibu itu bilang dari masih terang/senja sampe mulai gelap blm diantar"
5,2025-12-27T15:46:36.417Z,Slamet PS,"Tempat makan yang satu ini terlalu sayang untuk dilewatkan. Walaupun baru kali pertama ke tempat ini berdasarkan review online, gak akan kecewa deh. Aneka masakan rumahan dan minuman khas hingga racikan beragam jenis kopi, tersedia disini. Areanya luas dengan berbagai macam tipe meja-kursi dan beragam tema area makan. Dikelilingi sawah dengan tumbuhan padi makin menambah suasana nyaman untuk menikmati sajian. Sebaiknya datang kesini sebelum jam 7 pagi karena yang datang selalu membludak. Parkiran yang luas hampir selalu penuh."
5,2025-12-27T11:08:57.215Z,Aldi Trijaya,Asik banget tempatnyaa. Enjooy
5,2025-12-27T09:08:58.089Z,Sandi Wibison0,"Ok, ramah, view bagus, makanan lezat."
5,2025-12-27T07:11:48.949Z,Nona Jator Gratchia13,Suasana pedesaannya mantap. Parkiran luas. Pilihan menunya banyak. Recomend.
5,2025-12-27T07:11:18.798Z,Nikmatul Munawaroh,"Bagus di pemadangan. Untungnya dapet sawah yang masa tanam. Ijo gitu jadinya. Ga tau apakah akan kaya gitu terus. Kalau nggak ya garing, gersang, ga ijo.

Untuk makananya, ya enak. Tapi bukan enak yang sedep. Maap yang ngereview anak Jawa tulen ??. Dan untuk harganya memang harga turis yakk."
1,2025-12-27T04:20:05.781Z,Jumbadi Abdul hadi,Mewakili driver armada kecil
1,2025-12-27T03:43:46.536Z,ATJ official,"Mohon maaf min saya kali ini kasih ulasan negatif berdasarkan pengalaman saya kesini tadi pagi  27-12-2025.
Saya bukan hatters dan saya suka wisata kulineran di jogja
Dan saya ke pawon mbah gito itu bukan sekali dua kali . Setiap sebulan ada 3x saya dan keluarga ke resto ini.

Dan baru kali ini tadi kaget dengan harganya
Apa karena high season kah atau bagaimana saya kurang paham.
Dan untuk segi dari pelayanan cukup ok , namun ada satu kejadian yg tadi membuat saya cukup tidak nyaman. Saya tau kondisi lagi ramai dan padat ,pastinya karyawannya pada capek, tetapi alangkah tidak etisnya sesama karyawan debat di depan tamu dan orang” yg sedang makan. Dan yg di perdebatkan adalah masalah ngatur meja untuk tamu. Alangkah lebih bagusnya kalau hal” seperti itu tidak di tampilkan di depan tamu min.supaya tetap menjaga kenyamanan pengunjung yg lainnya"
5,2025-12-27T02:24:55.585Z,Anggy Widi Prakoso,"Datang di libur Nataru, sengaja 30 menit sebelum warung buka karena di tahun2 sebelumnya antrian cukup panjang.
Salut, 10 menit sebelum buka sudah boleh dipersilahkan masuk. Kondisi semua makanan sudah ready. Meja kursi bersih dan rapi.
Menu makanan tradisional, rasa enak, bumbu berasa.
Pelayanan ramah dan cepat
Nuansa rumah joglo, pinggir sawah, tenang, ditemani alunan musik jawa.
Tempat makan sangat luas,  cocok untuk makan keluarga.

Semoga sukses terus warungnya, tetap bertahan, jadi kalo ke Yogya bisa tetap mampir ke sini. Berkah dalem ??"
5,2025-12-26T09:57:54.676Z,anggita lioni,"Kesini lagi makin luas tempatnya, makin bagus, makin luas lahan parkirnya, dan makin ruame, tapi cepat untuk antrian. Aneka masakan jawa,wedang, jenang, kopi, cake. Rasanya enak,suasaya nyaman banget ditengah sawah."
5,2025-12-26T09:27:21.421Z,Amanda A,"Resto dengan view pinggir sawah. Tempatnya sejuk, bersih, besar juga didalam. Ada musholah juga. Untuk menu tersedia menu ala rumahan, bisa ambil prasmanan. Ada menu ala cartenya juga."
5,2025-12-25T12:46:11.639Z,Dhian Kamalia Arafah,"Makanannya masih cocok buat aku yang picky eater, MINUMANNYA MASYAALLAH ENAKKKKKKKKKKK + AESTHETIC BANGET, sayang banget sama lychee nya cantik bangett
Servicenya ramah puollllll"
5,2025-12-25T12:43:01.824Z,Jogi Wiraputra,Tempat yang bagus untuk makan siang atau makan malam
5,2025-12-25T07:29:21.556Z,Rina Rahmawati,"Tempatnya nyaman, makanan nya enak dan pegawainya ramah2"
5,2025-12-25T00:47:12.461Z,Bella Febriantikaningrum,udah beberapa kali datang kesini selalu memuaskan ????
4,2025-12-24T13:04:23.649Z,Cubby Wong,Bakmi jawa enak sekali sayang porsinya sedikit bagi saya
5,2025-12-24T11:03:03.919Z,Taoefik Dichalle,Besar
4,2025-12-24T05:20:42.459Z,Iyan Iyan,"Tempatnya luas, begitupula parkirannya. Baiknya sih kesini tidak lewat jalan kaliurang karena sering macet. Makanannya tradisional jawa tengah/jogja dg model prasamanan dg menu lauk yg cukup banyak. Harga relatif murah. Tempatnya semi outdoor dan sptnya tidak ada yg ber-ac."
3,2025-12-24T02:40:48.986Z,Siti Hawa,Hanya lihat2 dulu. Sj..mungkin????? Kin???
4,2025-12-23T14:38:44.562Z,muda investor,"Pertahankan harga dan pelayanan, jozjiz!"
3,2025-12-23T13:59:57.650Z,tety rsa,Ngepelnya jangan pas masih ada pelanggan ya
5,2025-12-23T09:16:19.288Z,Dhika Armeyningtiyas,"Lokasi masuk perkampungan,
Kami datang jam set 9 pagi tanpa reservasi, masih longgar sekali, tapi kami ambil tempat duduk yang bagian dalam (tidak di depan sawah-sawah) dan masih banyak tempat duduk karna memang restonya tergolong besar luass.
Pertama masuk ditanyai buat berapa orang, kemudian bisa langsung ambil makanan prasmanan atau mau duduk dahulu bebas, setelah ambil baru ke kasir untuk diinput kami ambil apa saja, harganya 14k/15k sudah nasi+sayur 2-3 macam, lauknya dihitung terpisah tapi masih terjangkau, jenis makanan beragam sekali, makanan juga enak enakk.
rumah makan sangat cocok untuk semuaa terlebih rombongan keluarga.
Makan ber 6 cuma habis 300++"
5,2025-12-23T08:26:18.657Z,Asih,"Bisa kalap ini klo makan disini…
suasananya bagus, makanannya enak. sayangnya pas datang menu yg prasmanan ga sebanyak biasanya…

mas-mba nya pelayanannya baik…"
5,2025-12-23T04:47:23.712Z,K-one,Bgt teratas
5,2025-12-23T03:09:59.659Z,Ferry Arianto,Besar??
5,2025-12-22T05:00:42.455Z,cylvia justiana,"Sudah sering ke sini n selalu enaaaakkk..
Makanan banyak pilihan n enaaak semuaaa ??"
5,2025-12-21T23:23:33.182Z,Frenda R Aksara,"Hal yang paling penting bagi saya adalah makanannya—enak. Ada banyak hidangan lokal enak untuk dinikmati di sini, yang membuat masa menginap semakin menyenangkan."
5,2025-12-21T09:16:55.967Z,Fardhian F. PRATAMA,"Suasananya sangat nyaman, dengan adanya suasana persawahan, Dan asa be berapa hewan seperti bebek Dan ikan"
5,2025-12-21T08:51:01.516Z,fitri yatun,Nyaman tempatnya
5,2025-12-21T07:41:53.679Z,May Olia,"Makan siang disini sama temen kantor. Menunya enak², cocok di lidah. Tempatnya asri banget"
5,2025-12-21T02:07:26.189Z,Muchsin Alatas,"Tiket masuk untuk acara keluarga
Lokasi yang indah"
5,2025-12-20T15:32:15.966Z,Victor Leonard Waani,sangat direkomendasikan
4,2025-12-20T09:42:12.820Z,Lukman Susetio,"Pemandangan sawah memberikan pengalaman unik. Makanannya standar, sayangnya mie godog yang terkenal itu baru bisa dipesan setelah jam 4 sore. Harganya masuk akal. Peringatan tentang lodeh, ini lebih pedas dari lodeh biasa di Jakarta."
5,2025-12-20T05:24:47.167Z,Shelly Christiann,"Varian menu nya banyak sekali, sampai bingung mau makan apa hehehe. Rata-rata masakan Jawa dan rasa yang ckup enak, pelayanan juga baik, soal harga masih terbilang terjangkau, tmpt lumayan nyaman. Namun jika jam makan siang bisa rame banget utk area parkir mobil mengkin masih terbatas ya. Rekomendasi sih klau mau makan siang dengan varian menu tradisional yang banyak banget"
4,2025-12-19T06:59:42.533Z,Ga Kee,Kurang greget
5,2025-12-19T06:35:25.920Z,Noviana Khoiru Nisa,"Enak enak, menu rumahan enak banget"
5,2025-12-19T05:17:32.108Z,NabilBaba,"Getaran dan suasana nyaman, seperti restoran tapi
di desa, ini seperti resto prasmanan ketika kamu bisa mengambil apa pun (makanan) dengan DIY, setelah kami masuk ke restoran mereka menyambut kami dengan penuh senyum di wajah mereka, fakta yang menyenangkan, aku makan di sini bersama kelompokku, lalu kami menjadi asam dan asin untuk semua hidangan, kami mengeluh tentang itu, lalu supervisor atau staf mereka (entah apa posisinya di sana) mendatangi kami dan menjelaskan tentang itu, lalu kami mendapat hadiah kecil atas permintaan maaf mereka, itu adalah layanan hebat yang pernah saya dapatkan di restoran seperti ini,

Saya juga pecandu kopi dan saya mencoba minuman manual mereka, barista mereka ramah tapi ya, hasilnya tidak buruk, sedikit ekstraksi berlebihan tapi tidak apa-apa, katakan bahwa barista berkacamata bisa melakukan lebih baik, dia harus lebih banyak berolahraga untuk membuat v60 yang bagus haha, secara keseluruhan bagus, 9/10 ????"
5,2025-12-19T02:38:09.133Z,Rayyan PradiptaPutra,"Sangat luas tempatnya, untuk ngobrol enak, apalagi untuk sekedar ngobrol bisnis.. Mantaps..."
5,2025-12-17T15:54:20.770Z,darwiyanto dafa,"Nyaman,makanan enak"
5,2025-12-17T02:15:55.226Z,Sofian Manik,Makanan rumahan yg buat kangen
5,2025-12-16T17:00:04.962Z,syam wp,"Banyak pilihan makanan
Masakan Jawa dan suasana tenang."
5,2025-12-16T14:23:24.887Z,rizda fara,Tempatnya nyaman luas.. walaupun banyak pengunjung ga bingung tempat... Pelayanan super ramah. Dan helpful semua. Nyaman sekali
4,2025-12-16T13:50:07.401Z,Emanuelle Natasha,"kami datang hari senin biasa, jam 13.00 an
tidak ada antrian, langsung bisa ambil makanan

saat kami datang, sayur yang tersedia cuma oseng daun pepaya kalo ga salah. sedangkan sayur asem lagi direfill dan katanya lama karena masih proses masak. jadinya engga ada pilihan sayur lain

kami berekspektasi tempe garit dengan rasa asin gurih. tapi ternyata kemanisan
sedang lauk lainnya cukup enak

suasana nyaman dan areanya bersih"
5,2025-12-15T05:49:22.903Z,De Winson,"14 Dec 2025.
Kami datang sore hari saat mahrib. menu prasmanan sudah habis, tapi ada menu lain yg ditawarkan. cool!
Meja makan dapet, Atmosfer dapet, oksigen dapet, makanan enak, mushola bagus, saran tambahin menu lemon tea karena saya kecewa, masak gak ada menu lemon tea di resto sekeren ini.

Untuk harga yaa sorry to say, absolutely tempat ini bukan buat kaum mendang mending indomie rendang, harga disini sepadan dengan layanan cuk, suasana dan masakan sekelas resort. jadi kalo ada yg kasi rating rendah karena harga mahal inilah itulah, saya sarankan langsung ke pintu keluar dan ke angkringan saja nggih. Love you ??.

15 Desember 2025
Kami datang lagi untuk makan siang. tapi kali ini saya kecewa bakwan jagungnya belum tersedia setelah 45 menit menunggu, meski begitu saya maklumi saja karena saya datang pas jam makan siang, Entitas kelaparan disini bukan cuma kami, dan tentu saja saya mengapresiasi hasil karya dan kerja keras para karyawan disini.

conclusion:
I hope they manage better for next time around.
dan kami akan kembali kesini lagi dan lagi. bersama istri, istri kedua ketiga dan selanjutnya. Aamiin."
5,2025-12-13T15:20:16.517Z,Hafizh Mushhafy,"makanannya enak, suasananya nyaman"
5,2025-12-13T14:02:10.408Z,Endang Sri Purwati,Juara
5,2025-12-11T12:39:18.738Z,Taryanto Abu Razan,Pawon mbah Gito menawarkan makanan khas dapur orang jawa. Rasanya otentik dan vibes sawah nya juga lumayan dapet.
5,2025-12-11T11:12:26.090Z,Eni W,"Banyak spot posisi wuenak
Kurang ramah buat lansia untuk naik turun kursi roda"
5,2025-12-11T04:57:38.592Z,ulfatul fikriyah,"Pengalaman pertama makan di sini..
Lokasi resto lumayan di dalem gang, tapi aman dan gampang dicari pake maps. Tempatnya juga luas.
Menu makanan khas masakan rumahan, masakan jawa, sesuai konsep restonya. Jenis sayur dan lauknya banyak, dan rasanya enak. Favorit lauk si telor dadar. Meskipun konsepnya joglo tapi untuk tempat duduk gak semua serba kayu, ada sofa dan ala-ala cafe juga.. ada beberapa menu camilan seperti kwetiau, kentang goreng, mendoan dll. Ada juga slice cake di etalasenya yang cocok buat dessert.
Harga nasi putih plus sayurnya 14.000 (sayur bisa ambil 1x sepuasnya 2-3 jenis sayur). Untuk nasi merah selisih seribu aja.
Kesini waktu libur lebaran antrinya bikin capek karena harus berdiri.

Teknis pesan :
Pertama antri di pintu depan untuk mendapat nomor meja (jadi sudah diatur sama pegawainya yaa, gak bisa pilih meja).
Yang kedua antri ambil makanannya (sistemnnya prasmanan jadi ambil sendiri). Kalau sudah ambil makanan nanti petugas akan entri menu sesuai yang diambil. Kemudian bisa pesan menu tambahan disitu seperti minuman atau camilan. Setelah itu baru cari nomor meja sesuai yang kita dapat di awal masuk.

Terimakasih untuk servis yang sangat terstuktur ini mbah gito.. minusnya cuma parkiran yang di kebon itu sangat panas dan nggak ada tukang parkirnya jadi kalau agak rame susah juga mau masuk dan keluarin mobil.."
5,2025-12-11T03:02:08.303Z,Jogja Asli,Cocok buat makan bareng keluarga & anak2
3,2025-12-10T15:05:41.187Z,Firdausy A Ramadhani,"resto ini lebih ke menjual suasana, kalo dari segi rasa dinilai cukup saja ??"
5,2025-12-10T08:19:52.457Z,Dhanu W.A,"Selalu ingin balik dan balik lagi,
Makanannya enak, banyak pilihan, cocok di lidah"
2,2025-12-09T14:40:45.667Z,Desi NY,"Pembayarannya tidak fleksibel, hanya bisa cash / transfer hanya ke rekening BRI. Di zaman yg udah banyak pakai QRIS dimana mana, kecewa jujur. Brati konsumen yg harus dihadapkan hanya pd 2 pilihan tadi di atas. Setelah ditransfer pun harus ditunjukkin lalu di foto, bikin insecure. Please come on, kenapa konvensional sekaleeeeee??"
5,2025-12-08T09:34:24.040Z,Sekar,"Top markotop semuanya ?? menu lengkap buanget. Masakannya juga enak2, bumbunya mantep. Tempatnya juga nyaman bgt bisa pilih yg non smoking area. View pinggir sawah jd semilirrrr"
5,2025-12-08T00:13:25.133Z,Djoe Setyawan,"Suasananya warbyasa,cocok bawa keluarga ada spot ruangan yg bebas rokok terpisah,syahdu dan rombongan plus parkir luas,staff ramah"
5,2025-12-07T22:15:59.519Z,Zahra Auliannisa,"pilihan yang tepat, setelah jauh-jauh dari jakarta untuk makan siang di sini ????????"
5,2025-12-07T06:20:08.743Z,Imam Sidik,Besar
5,2025-12-06T22:00:19.603Z,Muji Prasetyo Widodo,
5,2025-12-06T11:50:22.051Z,Caharani,"aaa senang sekalii menemukan tempat makan yang makannya enak dan tempatnya juga nyaman, masakan rumahan emang ga pernah gagal pasti enak???? servicenya juara?? apalagi ada mushola yang bersih dan fasilitasnya lengkap ?????????? +kids friendly karna bnyk hewan2 ??"
5,2025-12-06T08:01:48.612Z,DION K,Sebaiknya datang pagi waktu masakan masih panas2 nya keluar dari dapur. Dan harus sabar kalo pas bener2 rame tunggu staff utk bantu carikan tempat duduk. Kalo harus bandingin antara Kopi Kl**k ya ini jelas lebih enak dg vibe sawah yang lebih bagus. Jangan datang waktu sore ke maghrib karena banyak masakan yang uda abis tapi tetep di served gt (ud pernah dan zonk cuman ada sayur aja). So far ok la dan siapin aja uang cash karena mreka ga ada Qris. Aga merepotkan emang kalo owner aga2 sakleg gini. Masih ada tipikal gini tapi ga banyak juga kuq. OK la buat nikmatin masakan lokal nusantara ala jogja disini.
5,2025-12-06T06:18:34.629Z,Tinton Rafa,"Enak, murah, nyaman, strategis, parkir luas, pelayanan baik ??????"
4,2025-12-05T21:47:28.443Z,dyani gobel,"Suasana yang menyenangkan, makanan biasa saja.
Tempat parkir besar."
5,2025-12-05T15:55:10.251Z,Azka Nisrina,Menerima dan menabung
5,2025-12-05T02:38:24.678Z,Cindy Prasasi,"Salah satu tempat favorit kalo berkunjung ke Jogja, makanannya prasmanan beraneka ragam, enak enak, harganya terjangkau...
Jika sawahnya sedang hijau bagus sekali menjadi spot foto instagramable ??"
5,2025-12-04T14:39:07.692Z,nafila nolanesa,"mie lethek godhog enakkk bgt bgt. wedhangnya rasanya medhok. pelayanannya ramah, tukang parkir aja sampai nyariin tempat yg ga ada genangan airnya ??????"
5,2025-12-04T13:31:20.405Z,Ahmad Muzakki,"Makannanya enak enak selera nusantara...pelayan staff nya ramah ramah,pengalaman luar biasa  saya dengan rombongan"
5,2025-12-04T11:51:06.699Z,TA NUGROHO,Seperti resto resto menu rumahan lainya
5,2025-12-02T09:25:20.190Z,Ari Andiono,"Suasana Ndeso banget, makanan enak enak. Rekomen Mie Godog dan aneka sayur lodeh, sayur asem dll. Minuman rekomen Kopi tubruk Robusta, V60 kopi Arabika Merapi dan aneka cemilan enak enak"
5,2025-12-01T01:10:42.182Z,Enis cs,"Alhamdulillah, makanannya enak2, pelayanan staf super ramah, suasana damai , indah, mushollah bersih … semoga pawon mbah Gito makin sukses, barrokah selalu dlm usahanya.Aamiin??????"
2,2025-11-30T17:12:48.663Z,Nevy Pratama,"Surabaya jogja lalu makan disini, say no sorry kalo saya komen gak sama kayak yg lainnya yaaa.
Jujur!!!
Pelayanan oke
Menu oke
Tapi sayang, sayang dan sayang sekali.
Menu prasmanan yg disajikan sdh dalam kondisi dingin, nasi agak sedikit kering ga worth it to buy buat anak2, dan juga opornya sdh kecut (otw mambu/basi) otomatis anakku menolak makan bahkan org tua saya akhirnya ga nerusin makan krna mendapat makanannya mau basi ckck mau pesan lagi tidak enak hati katanya mahal2 hehe maklum orang tua. Saran aja ya kalo emang niatnya buat prasmanan dgn harga yg ga cukup murah, klo bisa minimal di hangatkan. Dan kalo pun tetap mau disajikan itu ada minimal sampe jam brpa, itu sampe malam tetep di sajikan dingin juga entah dipanasin atau enggak!
Dan lagi, pesan nasi goreng bebek sambel ijo dan minta ga pedes2 ternyata pedesnya kebangetan.
Jujur, paling tidak ada harga, harus ada kualitas.disini saya beli tempat ajah bukan beli makanan wkwk."
5,2025-11-30T01:25:14.481Z,inge ebonk,"Service excellence, rasa makanan nya enak , porsi banyak , bersih , waiters nya ramah , enak buat menikmati suasana bersama tmn ataupun keluarga"
5,2025-11-29T21:53:00.838Z,Dodi Nurbadri,"resto alam dengan aneka menu masakan rumahan disajikan  prasmanan mirip di resto / tempat ngopi lainnya, Rasanya enak, minuman rempah lengkap, pisgornya lebih strong, waspada antrian jika pengunjung penuh karena hanya ada satu meja sajian, rekomended. mudah di akses  melipir dengan pemandangan sawah,  romb kelg cocok datang kesini , utk romb dg bis besar area parkirnya terbatas."
5,2025-11-28T14:49:25.677Z,Deianeira,"Untuk lidah jawa dijamin cocok, karena semua menu cenderung manis.
Tempat nya cukup nyaman dengan view sawah dan ladang jagung. Meskipun tidak terlalu luas tapi cukup memanjakan mata.
Harga masih terjangkau."
5,2025-11-28T10:32:15.743Z,Indra Sah,Makan prasmanan suasana nyaman khas pesesaan
5,2025-11-27T16:11:03.571Z,Risma Kurniasih,"Makanan dan minumannya bervariatif, enak, dan harga terjangkau.
Meja dan tempat duduk banyak tersedia, dengan view sawah dan suasana yg cukup tenang.
Tersedia wc dan mushollah yg bersih."
5,2025-11-27T13:57:59.054Z,miyaken,"Tempatnya bagus dan sejuk karena dekat area persawahan, jadi suasananya adem banget. Makanannya enak dan harganya cukup terjangkau. Pisang gorengnya juga rekomendasi, enak, manisnya pas, dan ada ice cream-nya juga. Cocok banget buat family time karena tempatnya nyaman dan santai."
5,2025-11-27T09:31:51.799Z,anggun ramadhani,"enak bgt, pokoknya top??"
5,2025-11-27T02:01:22.409Z,Benny (Bandiger),"Pawon Mbah Gito berkonsep makanan prasmanan.
Ada banyak pilihan makanan di sini.
Harganya juga sangat masuk akal
Restoran sangat luas, ada juga kebun binatang angsa dan merak.
Restoran ini memiliki tempat duduk di dalam dan luar ruangan, tetapi tidak ada AC
Makanan favorit saya adalah tahu goreng yang sangat renyah."
5,2025-11-24T16:42:36.988Z,Irma Adiati Rahmayani,Lupa ga foto makanan dan minumannya karena udh kelaperan hahaha. Makanan dan minumannya enak ?? tempatnya bersih dan sejuk. Akan balik lagi kalo ke Yogya ??
5,2025-11-24T13:56:22.888Z,Arief Prasetyo,Masakan tradisional yg sangat cocok di lidah...
5,2025-11-24T13:05:59.644Z,Theo H,"Suasananya sangat ok ..bisa santai dengan keluarga
Makanan ambil sendiri dengan rasa yang enak ."
5,2025-11-23T13:49:24.191Z,Cely,"Makanannya enak enak, ambil sendiri ygy, temoat nya super cozyyy, nyaman banget pokoknya, view nya cakep, beberapa menu emang pesen dulu dan lumayan nunggu, tempatnya cantik banget menurut aku, dan waktu aku kesana ga yang lagi rame banget banget, ini kalo buat nugas atau me time oke banget, family time juga cocok banget, next time mau kesini lagi, karena dulu mau kesini pernah gajadi cause nunggu sejam, tapi emang pas banget waktu ada wisuda dan itu weekend.

Oiya buat pelayanan nya oke, cuma waktu kesana ada pesen sesuatu tapi lupa belum dibuatin akhirnya pesan ulang dan jadi kok, pelayanan nya ramah juga, makanannya enak, sambel nya ga yang pedes buat yang suka pedas, makanan kaya gini bikin kangen rumah, kangen masakan mama, enak enak pokoknya! Dan bervariasi."
5,2025-11-22T13:56:52.229Z,yuniyati sadewa,"Tempat nya luas dan Asri, cocok untuk acara keluarga, kantor dll"
5,2025-11-21T11:48:12.078Z,Neil Wardhana,"Enak makanannya, stafnya ramah.
Sayang datangnya kami malam, jadi beberapa item makanan sudah ada yg habis.
Cocok utk keluarga, teman kerja dan pasangan."
4,2025-11-19T22:25:29.473Z,Haryanti Ari,"Menu makanannya banyak, kalau mau gorengan pesan saja (pisang goreng, gorengan, singkong goreng). Suasananya nyaman dan sejuk meski siang hari. Bersih dan tertata rapi"
1,2025-11-19T06:11:47.299Z,Bagus soleh,Kurang worth it ya makanan dengan harganya.
4,2025-11-19T04:16:12.109Z,Tri Suwardi,"Pelayanan minuman perlu ditingkatkan, karena pelanggan sudah bosan minum dan tidak datang"
4,2025-11-19T00:30:17.047Z,Patricia Lantang,Buat yg cari tempat view pedesaan yg dikelas dengan gaya elit tradisional.....buat anak2 rekomendasi ada binatang dan view mlm hati sangat bagus...
4,2025-11-18T22:08:02.699Z,Popik Una,"Pertma kali k sana ga ekspek ad t4 mkan yg rame bgt krena tempatnya agak jauh dr jogja kota dan daerh sekitarnya dominan swah2...ksana sekitar jam 3..makanya model prasmanan ambil sendiri..menu nya konsep makanan rumahan gtu..tapi menu udah ga komplit..sayur rata2 tinggal yg kuah santen sma sayur asem.lauk nya juga ud g komplit tgl yang pedes sma rata2 d kuahin kayak mangut lele,ikan ad kuahnya..untuk pelayanan ramah gercep meskipun agak rame.langsug dsambut dan d carikan no meja sesuai jumlah tamu..pemandanganya lumyan bisa liatt sawah,ada hewan juga ky kolam ikan sma burung ,.tempatnya juga konsep jadul gtu..untuk harga si kalo buat aq lumyan mahal si dengan menu ala carte yg mnurut q b aj ky ayam goreng, bakmi jawa,mi letek dbndrol 33rban..smpe ada yg 50rb..tp untuk rasa emng enak.rasanya pas...cocoknya buat makan rombongan kalo makan b2 kyaknya mnding nyari t4 laen aj.."
5,2025-11-17T07:57:18.738Z,data kawasan4,enak banget dan karyawanya ramah
5,2025-11-15T23:22:27.839Z,Alfian Khaibar,Warung nuansa pedesaan. Warung prasmanan yang sangat cocok buat wisata kuliner daerah sekitar jogja.
5,2025-11-14T01:23:47.132Z,Yuwinda Triana Sari,Enak ????
5,2025-11-13T09:58:10.361Z,Toples Bening official,Kopinya mantab by Toples Bening Kopi
5,2025-11-12T13:55:47.372Z,Naufal,"Segmen menengah jadi visa dibilang soal rasa, pelayanan memang lebih baik dari yang di lain tempat. Rasa makanan enak. Hanya beberapa saja menu ikan terasa dagingnya keras. Khususnya ikan asap. Parkir luas. Banyak spot foto. Sehingga gak bosan kalau nongkrong lama. Yang terpenting juga adalah banyak wc dan memiliki tempat sholat yang luas. Sehingga gak bingung kalau ibadah."
1,2025-11-12T13:32:23.358Z,Alex Cristo,"Skrng agak mahal ya! Gak se murah dl
Terus rasanya skrng hambar"
5,2025-11-09T13:06:40.919Z,Ivan Novian,"Kalau anda ke Jogja, apalagi mau ke Kaliurang atau Merapi ini layak dicoba. Saya dan istri berkali-kali kesini ndak pernah bosan. Makanan dan minumannya enak2 semua."
4,2025-11-09T12:56:27.799Z,Chuzaematin Novia,"Makanan jawa prasmanan, harga murah, menu nya banyak, view sawah"
5,2025-11-09T12:17:47.834Z,Fadila Perwitasari,"Makanannya enak, lauknya banyak, pegawainya juga ramah. Tempatnya asri dan rindang, paling cocok buat nongki juga"
4,2025-11-09T07:18:36.556Z,Wiwin Widiawati,Rasa masakan rumahan. Antriannya biasa panjang saat hari libur tapi karyawannya gercep menyiapkan meja. Sayangnya tidak bisa bayar selain tunai atau transfer.
5,2025-11-08T04:46:58.950Z,Sudibio Mutiara,Makanan rumahan yang lezat
5,2025-11-07T05:44:07.400Z,Loony Luna,"Beberapa kali pernah makan di sini. Ternyata jauh lebih rame pas makan siang daripada makan malam. Menu prasmanannya enak dan semua orang yg diajak ke sana pada setuju. Untuk menu yg di luar menu prasmanan, saya paling suka mie lethek goreng. Kayaknya ga banyak tempat makan yg bisa menyuguhkan mie lethek goreng yg mantap seperti ini.
Kudu cobain ya!
Kalau snack yg sering dipesan pisang goreng, tahu tuna dan bakwan jagung. Nah, tapi ini perlu dipastikan dulu ke waitress-nya kira-kira berapa lama. Pernah suatu waktu, makanan beratnya sudah habis namun snack-nya malah belum tersaji sama sekali.
Restonya ini punya daya tampung luar biasa untuk para pengunjung. Ada beberapa hewan di tengah resto pun jadi daya tarik tersendiri untuk anak-anak. Bunga anggreknya juga ternyata asli semua. Menyenangkan untuk dilihat. Kayaknya waktu paling pas buat ke sini di sore menuju malam, bengong melihat perubahan langit di tempat yang banyak padinya sangat menyenangkan!
Mushola tersedia, perpus mini juga, toilet bersih dan pembayaran bisa cashless. Semoga makin sukses ya, Pawon Mbah Gito!"
5,2025-11-07T02:35:31.974Z,M. Gilang Wicaksono,Besar
5,2025-11-05T03:57:44.006Z,Amelia sa,Cocok untuk acara keluarga. Tempat duduk banyak. Pinggir sawah. Kalo weekend rame banget. Makanan enak
5,2025-11-02T15:46:40.610Z,herliena sari,"pilihan menu makanan dan minuman komplit, enak masakannya, dan harga standar.
tempat bersih , meski antrian mengular tp karyawan sigap mencarikan kursi yg kosong??"
5,2025-11-02T11:11:59.996Z,wong ngapak,"Satu kata untuk menu pawon mbah gito

Endulita banget...

Buka jam 7.00 s.d jam 21.00
Weekends /longweekends buka jam 07.00 s.d 22.00

Parkir luas , harga dan rasa sesuai
Pelayanan dan fasilitas komplit (musholla, toilet, meeting room, dll..)"
5,2025-11-01T17:56:57.722Z,Nanang Kosim,"Suasana nyore yang syahdu, dengan view sawah dan suara jenggeret.
Makanan enak dan beragam."
5,2025-11-01T12:48:12.235Z,Fadhlia Febrianto,Makanan banyak variasinya. Rasa enak. Suasana nyaman. Enak buat keluarga.
5,2025-11-01T11:20:59.321Z,Bapak Sugianto,Pelayanannya mantaf sabar sabar
5,2025-11-01T08:21:37.160Z,Rahel Oktafera,"Tempatnya nyaman banget, cocok buat makan malasss. Makanannya enak, bumbunya mantap-pas dan porsinya sesuaikan kapasitas sendri ??. Pelayanan ramah!"
5,2025-10-31T13:00:08.963Z,Masfebri sastrojengat,Pertama datang kesini sekedar showing..konsep yg lumayan bagus dan klasik
5,2025-10-31T07:48:05.749Z,devita nirmala,"Masakan sedap. Suasana nyaman, view sawah sawah"
5,2025-10-30T11:49:19.048Z,Ainul Luthfiana,"makanannya enak enak
harga standar, affordable

menu TOP nya nasi goreng sama kwetiau

prasmanannya enaak

kesana sore mendung, nyaman banget"
1,2025-10-29T09:02:13.494Z,Imam Eko Hadiyanto,"Pelayanan terlalu lama , miscom soal pesanan kurang , tempat lumayan untuk familly"
5,2025-10-27T04:20:05.745Z,Winner Indi M,"Ketagihan berkunjung ke Pawon Mbah Gito, mi letheknya enak, kwetiaunya smoky, nikmat. Atmosphere di restoran nyaman, banyak pilihan tempat duduk—smoking/nonsmoking, outdoor/semi outdoor, kursinya pun beragam. I shall return without a doubt."
5,2025-10-26T13:43:02.801Z,Papa Piantz Anu,"Mantapz, bersih dan eksotis"
1,2025-10-25T11:03:03.961Z,Teguh Darsono,Mengecewakan...
5,2025-10-25T09:15:09.753Z,Aratasa Family,"Mantap sih Pawon Mbah Gito. Kalo dari namanya saya kira seadanya seperti Pawon biasanya, ternyata dalamnya bersih nyaman kayak resto mahal. Joss Jiss berkah selalu mbah"
5,2025-10-22T16:58:27.230Z,Luki Agung Zakaria,"Rasa makanan enak, dan beras kencurr nya jg enak banget"
5,2025-10-22T14:16:41.512Z,Creator POW2,Pilihan menunya banyak..enaaaakkk
5,2025-10-21T11:48:23.598Z,Raboen R,"tempat alternatif untuk makan khas masakan jawa ditambah suasana dipinggir sawah, tempat luas fasilitas lengkap, tempat bersih, menu makanan lumayan lengkap dan rasa enak..
rekomendasi sih..
bisa untuk meeting dan pertemuan"
4,2025-10-21T06:05:44.228Z,Muhammad Firdaus,"Untuk harga kurang worth it yaa..
Bisa di cek lagi sebelum mau makan apa..."
5,2025-10-19T07:11:41.734Z,Asep Mulyana,Masakanya mantaf
5,2025-10-15T11:25:37.807Z,Indah Ratna Mutiara,"Nyobain rekomendasi dari driver online ketika kami berkunjung ke Jogja.
Pelayanannya ramah, Makanan disediakan prasmanan kecuali minuman
Tersedia aneka macam lauk pauk
Harganya murah, rasanya enak banget
tempatnya bersih, musholanya bersih
recommended"
5,2025-10-15T06:37:12.688Z,Riris Desi A,"Makanan enak, es teh nya enak bgt, harga standar. Cocok buat family time keluarga, susana sejuk deket sawah. Karyawannya ramah semua dan gercep dari penerima tamu sampai bayar di kasir, mbak yang jaga kasir ramah bgt jelasin menu dengan detail stok yg masih dan sold. Pertahankan ya??"
5,2025-10-14T16:10:00.680Z,Doank Pollanzky,"Setelah makan berat yang ada di menu prasmanan, tapi tetep pesen bakmie juga. Ga nyangka banget bakmienya seenak itu. Lupa deh nama menu ikannya apa tapi jadi signature juga, itu pun enak. Banyak bangetlah makanan enaknya. Kalo ke Jogja resto ini tuh salah satu yang wajib dikunjungi sih, imo.

Hal lain yang lebih keren adalah para mba dan mas yang super hangat dan helpful. Seneng banget rasanya dilayani sebaik itu. Makasih yaaa."
5,2025-10-14T14:25:43.246Z,abdul rasid,"Enak
Nuansa tradisional"
5,2025-10-14T09:51:59.343Z,Ari Wijaya,Tempat yang indah untuk sarapan.
5,2025-10-14T09:02:55.188Z,annisa latifah,"Pengalaman saya makan disini…enak…bersih…pelayanan ramah…sudah berdonasi untuk palestine…asri…jalan masuknya kecil tapi banyak banget yang mau kesana…didukung ustadz2
Barakallah…semoga sukses terus ya…"
5,2025-10-14T06:00:07.019Z,afina s,"Enak enak makanannya, tempatnya juga nyaman banget viewnya sawah hijau. Menunya banyak. Cocok buat makan bareng keluarga"
5,2025-10-14T04:49:31.597Z,Istiqomah Isti,"Makanan nya enak tapi ada beberapa snack seperti es krim dan lain nya yg harga jya gak masuk akalll,"
5,2025-10-13T08:50:44.707Z,Iwan Deswandi,"Makanannya lumayan enak, sayang tempat duduk tidak bisa memillih sendiri , dapat kursi yg pendek sehingga makannya kurang nyaman  , pembayaran sebaiknya langsung, sehingga tidak antre 2 x.."
5,2025-10-13T04:11:39.939Z,Febi anggi Riyawan,"Nasinya kering ??
Tapi keseluruhan baik"
5,2025-10-12T22:21:53.631Z,Ariyandi Sukatiyadi,"Klo mau makan nyaman mending pagi sekali, klo sudah diatas jam 8, ampun bnyak orang, dan berisik banget...."
5,2025-10-12T13:41:57.637Z,iwan aminto ardi,"Tempat nyaman, luas, banyak variasi menu, pelayanan cepat"
4,2025-10-11T10:52:47.040Z,Wiwin astuty,"Makanan enak-enak, tempat luas"
4,2025-10-10T11:16:44.131Z,Anastasia Nindya,"Banyak pilihan masakan rumahan, tempatnya luas dan nyaman"
1,2025-10-10T04:42:44.203Z,Diah Sari,Udah jauh-jauh datang terus ditolak ga bisa pesan makan minum alasan sedang istirahat
1,2025-10-10T04:36:58.956Z,EVY YUSRIANI,"Pengunjung sudah sampai, namun di minta tunggu 1 jam karena tidak bisa bertransaksi karena waktu sholat. Resto ini tidak ada backup plan jika pengunjung membludak"
5,2025-10-07T13:50:18.571Z,Farid Yustisiawan,"Istimewa. Makan prasmanan, minum yg enak n rumah yg klasik model joglo menambah khas Pawon Mbah Gito. Rekomen ??"
4,2025-10-06T02:13:44.892Z,Saiful Rochman,"Menu lumayan banyak pilihan, masakan rumahan yang mungkin sudah jarang kita masak sendiri"
5,2025-10-05T08:24:40.286Z,Yuliana Indrawati,"Makin Bagus Restonya,makin Luas, menu makanan Beragam.Rasa ndeso yg ngangenin.Sukses terus pawon mbah gito"
5,2025-10-04T01:34:43.936Z,dont subscribe,"Akhirnya berhasil kesini yg ke tiga kalinya bisa parkir krn yang pertama sama yg kedua ga dapat parkir akhirnya balik pulang. Parkirnya memang masih kurang luas.

Makanan sama spt makanan resto tradisional di jogja. Dominan manis dan pedes. So far okay okay saja

View bagus alam sekitar persawahan."
5,2025-10-02T12:10:13.393Z,Tata Febri,"cocok buat makan bareng keluarga, tempatnya luas, pilihan makanan nya banyak, harga masi worth it ????"
4,2025-10-02T10:45:23.029Z,Sutio adi ruhono,"Makanan sengaja di jual parsial seperti lauk pauk, namun secara total tarifnya "" MAHAL"""
5,2025-10-02T01:02:32.716Z,Wardana khoir,"Sarapan di sini sangat nyaman suasananya, makanan ala masakan rumah (Jawa) banyak pilihan menunya.
No music ya
Parkir cukup luas"
5,2025-10-01T09:33:34.553Z,Shofiyatun Nisa,"Stafnya ramah, dan suasana hangat dan mengundang membuat setiap hidangan terasa istimewa"
4,2025-10-01T00:45:52.686Z,fachrul azwi,"Bagi saya, mbah Gito adalah tempat makan kumpul keluarga, baik dewasa maupun anak2,, sebaiknya di area table makan itu bebas asap rokok dan trpasang larangan merokok..
Area merokok mngkin cocok di area barstool yang jarang ada anak2 makan dsana"
5,2025-09-30T05:24:51.252Z,Anjar Yulianto,"Menu makanan komplit, enak, bersih, prasmanan, harga terjangkau, tempat nyaman dan luas, bisa berlama2 sambil ngobrol2, bagus untuk foto2 selfi.. pelayanan ramah.. parkir luas."
3,2025-09-27T23:47:07.186Z,Ar Collection,"First time kesini ""agak"" kecewa. Pesen bakmi godog tp kuahnya sudah tidak panas, yg paling kecewa kagak ada daging ayamnya huhu padahal rasanya enak sebenernya cuma tidak panas dan ga ada dagingnya. Pesen teh jahe sereh jg ga panas tehnya jadi  rempahnya ga keluar rasanya padahal lumayan banyak jahe dan sereh yg dimasukan ke teh, disisi lain ga di geprek juga jadi makin ga keluar rasa rempahnya. Teh tariknya b aja, rasa teh dan creamy nya kurang cuma dominan rasa SKM aja?????? Klo buat balik kesana lagi sorry to say kyknyaa ga akan balik cukup sekali ajaaa???? klo pelayanannya mantaaaapppp"
4,2025-09-24T04:40:36.301Z,Alinakey,"Pawon Mbah Gito menyajikan berbagai macam masakan rumahan khas Jawa yang lezat. Bangunan kayu tradisional menciptakan suasana hangat dan unik, sedangkan pemandangan persawahan yang indah membuat bersantap di sini santai dan berkesan."
4,2025-09-23T08:06:34.755Z,Lucia Andrianti,"Makanan dan temapatnya enak tapi metode pembayarannya gak fleksible, kasir minta cash payment, hari gini mana ada bawa uang cash banyak...jaman udah canggih, bisa Qris or debet, kalau harus cash atau transfer kayaknya ga efektif..."
5,2025-09-23T04:00:06.626Z,Ageng Sutadiredja,Pertama kali coba ke Pawon Mbah Gito di hari biasa dan pagi pagi.  Alhamdulilah makanan masih fresh dan banyak pilihan serta ga antri. Suasananya lumayan adem dgn view sawah.. makanan ala rumahan dan kita bisa pilih. Macamnya. Minumannya juga banyak pilihan baik yang panas atau dingin.
5,2025-09-22T05:56:04.259Z,Sulistini Dwi Putranti,Tempat yang sangat bagus untuk berkumpul bersama teman dan keluarga
4,2025-09-21T02:44:52.682Z,Agus PD,"Jika Anda menyukai makanan tradisional Jawa, Mbah Gito adalah restoran favorit yang dikunjungi keluarga dan teman. Resto ini telah memperluas fasilitasnya untuk menampung lebih banyak pengunjung. Sekarang ada nyonya rumah yang akan menentukan tempat duduk untuk Anda. Pada akhir pekan buka jam 7 pagi, jika rombongan besar akan lebih baik untuk memesan kursi terlebih dahulu.l. Makanan dan camilannya autentik dan rasanya enak, tetapi sebagian besar memiliki rasa manis. Selain minuman herbal tradisional (wedang), untungnya kini mereka juga menyajikan cappucino dan latte asli. Harga makanan dan minuman cukup masuk akal. Misalnya sepiring nasi dengan 3 sayur hanya Rp. 13K. Cappucino dan latte seharga Rp. masing-masing 29K."
1,2025-09-19T14:36:38.625Z,Paisal Parakkasi,Makanannya lama sekali... 1 jam menunggu sebelum makan (19/9/25)
1,2025-09-19T14:09:34.795Z,Muhammad Rifki,"Proses penyajian pesanan sangat2 lama,, kami menunggu sampai sejam lebih pesanan belum datang juga????"
5,2025-09-19T03:38:26.675Z,Nurbaiti Kumala Al-Mahmudi,Ngangeni pokoknya... menu rumahan yang memanjakan lidah tapi lumayan juga pilihan lainnya untuk dicicipi. Harga sangat rasional! Buruan deh mampir pasti ketagihan..hehehe
5,2025-09-16T03:47:27.017Z,Miss Rianto,Nah.. ini nih.. hiden gems di jogja. Masakannya uwenak pool.. teringat masakan almh nenekku dan almh ibu. Nostalgia rasanya.
5,2025-09-15T05:36:10.448Z,Sri Nurtiny,"Menunya enak2 rasanya pas ,recomded Untuk yg kw yogja makan disini mantappp semua the best"
4,2025-09-14T14:09:14.731Z,Tri lestari Handayani,Enak
4,2025-09-14T10:27:54.257Z,Subagyo Hadimartono,Berkumpul dengan keluarga dan temen-teman lama
3,2025-09-14T09:47:06.482Z,ARIFAH ISTIQOMAH,"datang hari minggu jam 16.15 makanan yg prasmanan udah pada habis semua tinggal nasi doang ama sayur tdk reffil lg katanya refil terakhir jam 14.00  jadi bisa pesannya hanya yg alacarte menunya bakmi, nasgor dan ayam goreng padahal tutupnya masih jam 22.00
saran sih kalau emang tutup jam 22.00 harusnya prasmanannya di reffil lagi paling tidak yg menu favorite atau menu andalannya. padahal dl kesini sore pun masih rame dan makanan masih banyak, menurut saya ini jd penuruan sih pantesan sepi. kita pesan mendoan dan bakwan jagung pun laaamaaa bgt datangnya"
4,2025-09-12T21:22:40.146Z,Magical FairyDust,"makanan enak tempat bagus pelayanan bagus
waktu tunggu makanan prasmanan indonesia adalah 1 hingga 10 menit"
5,2025-09-11T07:30:36.316Z,rajni rekawati,"Tempat yang indah untuk sarapan pagi
Staf yang ramah
Banyak variasi makanan"
5,2025-09-11T02:15:15.447Z,Yusuf Sapta,"Makanan banyak pilihan, suasana nya enak"
5,2025-09-11T01:54:10.526Z,Secret You and me,"Gabisa berword word lagi lah, tempatnya gak berisik, santai, sejuk, tempatnya bersih wow banget ??, makanan masuk di lidah saya sebagai org sumatra, karyawannya murah senyum semua, dan kang parkirnya juga, best ???? akan balik lagi next time ??"
5,2025-09-10T00:13:10.360Z,Rika Yunitiawati,Enak dan Nyaman
5,2025-09-09T16:46:42.067Z,RBG ARIANTO,"Lokasi Tidak terlalu jauh dri jalan Utama.
Akses parkir lumayan cukup banyak dan pengelola parkir cukup sigap untuk mengatur parkir.
Layanan service cukup tanggap dan cepat.
Ada beberapa area indoor, mewah (mepet sawah), atau joglo tergantung kondisi dan pengunjung.

Rasa makanan kebetulan mencicipi yg alacarte dan dri semua pesanan enak dan cukup memuaskan.
Harga sebanding dengan lokasi dan rasa.

Mushollanya besar dan nyaman.

Kamar mandinya yg belakamg cukup sempit.

Banyak kolam ikan.

saran kedepannya untuk dapat dibangun untuk lokasi playground anak-anak karena saya amati yg menikmati disitu keluarga dengan anak-anak yang mash kecil, dn cukup repot untuk menghabiskan waktu yg cukup lama"
5,2025-09-09T14:30:35.160Z,Riski Dwi Rahayu,"Makanan : enakkkkkk bgt, minusnya porsi nya kurang banyak menurut aku.
Layanan : kemarin kebagian yg serve makannya lama, tapi sudah di tanya terlebih dahulu sm tim resto, jadi kita ngga ngerasa di tipu. So far pelayanan sangat ramah ya
Suasana : nyamann"
4,2025-09-09T04:43:50.864Z,affanvanby dap,"Tempat nyaman, suasana bagus & makanan   enak, tetapi tolong di perhatikan tempat area penyajian/penyimpanan makanan, ada cicak didekat tempat makanan (lihat Foto)"
5,2025-09-08T07:01:14.783Z,Y26 1908,"Masakan enak sesuai dengan lidah kita org jawa...mantap, sfaff ramah dan tempat jg bersih...semoga laris terus, pertahankan rasa masakan agar pelanggan setia..."
5,2025-09-07T16:14:47.995Z,Viviyanti Yuniastuti,"view bagus, parkir ada, makanan nya lumayan bervariasi dan enak"
5,2025-09-07T11:26:47.355Z,Valencia Jane,"Semua enak, murah, ga ada yang mengecewakan"
5,2025-09-07T03:35:16.694Z,Christensen Makasihi,"Enak & murah2, cocok kongkow bareng keluarga & tmn2...

Soon akan balik lg ksni ??"
5,2025-09-07T03:06:10.465Z,Maulidya Devita,Pasti akan kembali!!!
5,2025-09-06T14:56:36.582Z,Chinta Imbran,"es cendol
Pisang goreng
Kopi desa
Roti jahe Nenek Gito
Nasi sayur lodeh dengan sambal
Bihun dengan sambal dadar
Nasi goreng bebek ijo lombok

Itu menu favoritku; silakan coba!!!!

Luar biasa!!"
5,2025-09-06T09:47:14.208Z,Yodi Hanidi,"Tempatnya luas, banyak dinning areanya.
Sistem antrian jg lebih bagus dr tempat sejenis.
Pilihan menu cukup banyak dan enak² semua.
Ada musholla."
4,2025-09-06T08:48:58.877Z,Dian Irawan Dian,"Makanan enak, agak pedas. Sayang antri cukup lama karena pas libur panjang dan barengan sama rombongan pk bis."
5,2025-09-06T04:26:14.273Z,Ahmad Bdw,Menu & pelayanan nya Joss bgt
5,2025-09-06T02:47:33.222Z,santy putri,Momen yang sangat bagus makanan yang sangat enak rasanya sangat enak... Pemandangan yang indah dan tempat yang indah... Bersih dan tertata rapi
2,2025-09-05T05:08:36.966Z,Nurul Kholifah,"hanya jual suasana dan tempat gees, makanan biasa aja plus mahal banget
jenang semangkok kecil bgd 13rb
es teh 10rb
buat beli es teh jumbo pinggir jalan udah dpt 4 geess"
1,2025-09-04T02:04:18.552Z,Azhari Dr,"Omset anda menurun?bisa jadi penyebab kualitas makanan yg anda sajikan ga enak,saya ga subjektif,bahkan karyawan anda juga mengakui bahwa masakannya asin,pelayan anda sudah baik menawarkan untuk diganti yg baru tapi harus menunggu entah sampai kapan hingga saya tidak bisa menunggu lama karena ada urusan,akhirnya saya pulang setelah minum air es,kopi dan tempe tepung yg rasanya aneh juga,btw untuk harga relatif ya,no komen,terimakasih experiencenya"
5,2025-09-03T01:45:47.961Z,Muhammad Ilham Abdul Majid,Cocok enakk
5,2025-09-02T14:24:11.106Z,Aprillia Purbasari,"tempatnya adem banget enak, dari pelayan oke sih menunya juga menggoda pwollll, ini juga gak boleh di skip sih kalo ke jogja??"
5,2025-09-02T11:58:09.889Z,Muhammad Rifqi Aldebaran,MAKANAN JAWA LUAS TEMPAT NYA. HINDARI JAM JAM RAWAN ANTARA JAM 12.00 - 13.00
5,2025-09-01T23:00:01.208Z,Henok Natanael,suasana nyaman dengan pelayanan yang baik dan cepat
5,2025-09-01T10:46:59.521Z,Reni Rupini,Anak-anak senang ada binatangnya ??
5,2025-09-01T07:51:09.238Z,Agung Herywibowo,"Rasa makannya pas, viewnya bagus, yg pasti enak, next pasti datang lagi kesini"
5,2025-08-31T07:21:19.716Z,desi puji,"Suasana desa nya dapet dengan makanan khas jogja, tempatnya luas, cocok buat rombongan. Pelayanan ramah"
5,2025-08-30T10:36:58.207Z,Dika Bimanstara,Enak iki
5,2025-08-30T00:57:13.116Z,Ariyanto A. Setyawan,"sarapan hari Sabtu, datang jam 7:30 masih kosong.
begitu jam 8 sudah penuh…"
5,2025-08-29T15:28:55.147Z,dian anggadewi,"Pilihan makanan prasmanan ndeso yang beragam dari sayuran hingga lauk
Banyak pilihan Camilannya
Untuk minuman dari minuman ndeso sampai kekinian ada
Menu kopi dibuat oleh barista menggunakan mesin kopi
Tempat makan tersedia banyak dan terdapat beberapa tema dari pendopo, rumah vintage sampai ruangan rapat
Suasana yang nyaman dipinggir sawah, terdapat beberapa hewannpeliharaan"
5,2025-08-29T13:22:54.968Z,nilna izzil,"Pas dateng sore sore setelah hujan, hawanya sejuk dan makanannya enak! kombinasi yg sempurna. Masakannya jelas sedep semua, oseng daun pepayanya agak pait tapi tetep enak.
Banyak pilihan snacknya juga loh."
5,2025-08-28T08:35:40.478Z,Joki Setiawan,"Bagi yang cari rumah makan dengan pemandangan desa, Pawon Mbah Gito ini bisa dijadikan salah satu pilihan.

Menunya amat banyak sekali...
Rasa masakan enak sekali.
Cuman saya tidak melihat gudeg.

Tempat duduk ada beberapa pilihan.

Di samping terlihat sawah, ada burung merak dalam sangkar."
4,2025-08-27T12:39:07.235Z,annisa fitri,"Untuk makanan rasanya masih jauh dengan warung ndeso, tapi saya suka dengan pelayanan yang ramah, rapi dan profesional. Semuanya berseragam muslim, jadi nilai plus. Tempat nyaman, luas dan bersih. Untuk harga, yaa mungkin sesuai dengan standar pelayanan juga. Total makan berdua nasi sayur lauk, wedang jeruk 1 78k"
5,2025-08-27T12:09:50.617Z,Arai Iara,"Nyama tempatnya, makanannya enak,jenangnya enak"
5,2025-08-26T16:43:11.360Z,Rahmad kenari,"Makanan enak
Teh nya jga mantep
Suasana sejuk dan bisa lihat sawah"
5,2025-08-26T10:29:53.973Z,jamilatul affifah,"makanan enakkk,ambience juga enakkk,ramah ramah jugaaaaa"
5,2025-08-24T15:06:48.955Z,Agus BN,"Cocok sesuai selera dan enaaak,"
5,2025-08-23T10:04:13.499Z,Supartono Muhammad,"Lumayan suasanya, masakannya biasa saja"
5,2025-08-22T13:26:13.222Z,Mesut Ozil,"Makanan rumahan dengan pemandangan indah, cocok untuk keluarga ????"
5,2025-08-22T08:44:30.944Z,BEN BOUBOU AYAM,THE GOOD FOOD TRADITIONEL INDONESIA !!!???????????? TIM YANG BAIK DAN SANGAT BERSIH
5,2025-08-22T04:11:16.712Z,Agus Sianipar,"Kudu bgt dijambangi!
Byk varian makanan lokal. Ambience nya nenangin."
5,2025-08-20T17:11:35.012Z,Alfonsus Andaru,"Tempatnya sangat ramai di jam makan, dan harus bersabar karena kebanyakan pengunjung adalah rombongan.
Ragam makanan prasmanan ala jawa di sini sangat luas, dan jenis minumannya juga beragam dari tradisional seperti jamu atau teh tubruk sampai es esan. Rasanya mantap sangat memancing untuk nambah lagi.

Karena ramainya banget, perlu sabar juga untuk menunggu penyajian menu ala carte yang harus dimasak khusus seperti gorengan camilan. Waiter sebenarnya menyampaikan kalau ada pesanan ala carte yang baru (misal udah duduk makan lalu mau pesen minum lagi) akan ada 2 kasir di spot setelah ambil prasmanan, tapi sampai kami selesai makan (hampir 1 jam) cuma 1 aja kasirnya jadi kami harus seperti menyela antrean, sedangkan kasir khusus pembayaran benar-benar hanya untuk membayar tidak bisa melayani pesanan ala carte padahal antreannya jelas tidak sepanjang kasir makanan yang harus ngeliatin orang ambil lauk apa satu per satu."
5,2025-08-19T15:39:15.648Z,Dimensi Studio,"Seluruh menu prasmanan yg tersedia semua enak, wajib juga pesen pisang gorengnya yg juara karena manis-kopong-lembut, pasti akan balik kesini lagi ! View sawah bikin seger hati dan mata. MURAH HARGANYA !"
5,2025-08-19T03:50:42.542Z,Widya,"Kesini sekitar jam 11an, panas sekali.. pas jg dapat tempat yg hadap sawah jd berasa makin panas karena silau juga, tp bisa minta pindah juga sepertinya. Service staffnya oke semua.
Ada smooking dan non smooking room. Tempatnya jg luas. Bisa buat momong anak kalau bawa anak, karena ada kolam, burung dllnya.
Variasi makanan banyak, kebanyakan masakan rumahan. Rasanya jg enak, dari yg saya ambil ya.
Harga untuk nasi sayur 14-15k, dg 2 macam sayur.. Untuk lauk dihitung terpisah.
Untuk minuman rata2 harganya hampir sama seperti nasi sayurnya.
Untuk hitungan gaji orang Jogja harga kurang terjangkau ini, tapi karena kebanyakan yg datang orang luar Jogja (saat saya disana) ya mungkin dianggap murah ya.."
5,2025-08-18T22:41:37.793Z,Randy Putra,"Dateng kesini karena acara ulang tahun
Tempat yang asri,nyaman dan luas
Cocok makan rame² dengan keluarga besar

Untuk makanan sebenarnya biasa aja dan tidak terlalu wah
Tapi cukup enak,banyak menu dan sederhana
Lewat jalur yang lumayan kecil,sampai dengan parkiran luas,di sambut dengan aroma masakan dan di carikan tempat duduk untuk berapa orang

Setelah dapat nomor,ambil makanan dan bayar nanti.
Suasana top dan asri
Saran kesini jam makan pagi atau menjelang mahrib
Suasana sejuk dan sunset nyaman banget

Area bersih,layanan cepat dan ramah
Untuk harga cukup mahal sebanding dengan tempat yang ditawarkan"
4,2025-08-18T03:35:14.691Z,Devi F,"Ke sini waktu musim hujan. Syahduuu ??

Makanan dan minumannya enak"
1,2025-08-18T01:10:00.862Z,Aurora A,teh nya pahit aneh ????????. pisang goreng and mendoan lama bgt ??????. dari dateng sampe menu lengkap 1 jam padahal sepi. sangat overrated. okelah viewnya bagus. harganya middle up (masih oke soalnya set kafe) tapi ya minimal service nya dan rasanya diperbaiki lah. yang sesuai. untuk sekarang sangat sangat g worthit. trs pelayannya foto fotoin pelanggan (g nyaman ajh)
1,2025-08-17T16:55:04.976Z,Agustina Listyowati,"Saya dan rombongan tiba duluan drpd beberapa pelanggan, ada 3 orang saya yang tidak segera disajikan makanan bahkan sampai makanan kami habis dan menunggu lama tetai tetap tidak disajikan, padahal rombongan saya sudah pesan duluan tetapi malah melayani pelanggan lain yang datang sesudah saya. Harga mahal tetapi pelayanan TIDAK memuaskan. Rasa tidak sesuai dgn harga."
5,2025-08-17T13:53:12.406Z,Zulham Ismara,Suasananya asik sekali makanannya juga enak sekali ??
5,2025-08-17T12:58:39.245Z,Verona A. D. Putra,"Staff service memuaskan, so far so good. Ada break time magrib sampai setengah 7 untuk memberikan waktu kepada staff ishoma. Paling salut, staff menanggapi complain dgn bijak (smoga lebih berhati-hati lagi). Keep it up y'all! Big respect, ty ????"
5,2025-08-17T12:27:46.169Z,wika Ku,Lokasinya nyaman dan makanan khas ndeso juga tersedia enak rasanya
1,2025-08-17T12:26:07.489Z,196203101990011001 eddy_purnomo,"Sangat disesalkan pesan mbakmi 20 orang yg selesai dilayani 16 orng dan 4 orng blm terlayani alasan hbs jadi kesimpulannya layanannya sangat jelek
Jadi kapok mau ke Pawon Gito lagi"
5,2025-08-15T07:01:20.493Z,Ety Yun Indah Wulandari,Rekomendet pelayanan juga cepat
5,2025-08-15T03:30:09.045Z,Alief Gendis M.,"Wajib pesan BAKWAN JAGUNG+CASSO, enak, poll aslinya apalagi pedas, cocok untuk camilan bersama keluarga. Menu buffetnya juga banyak variasinya, ada nasi merahnya. Sayurnya yang asam khasnya cukup manis, sambalnya pedas dan keras. Sate yang dibalut tempe goreng juga diberi bumbu. Kalau mau ke sini lebih baik di pagi hari, siang hari panas sekali"
5,2025-08-12T02:51:29.853Z,Dian Juwita Sari,"Pelayanan cepat, makanan recommended..sukses selalu"
5,2025-08-11T04:02:51.663Z,Narraa Narraa,"Enak banget makanan ya, lengkap menu ya terutama pisang goreng"
1,2025-08-08T04:43:31.305Z,Yemima Kenia,"Datang jam 11.40 hari Jumat tp udh tutup karna Jumatan, padahal banyak pegawai perempuan yg ga Jumatan sangat tidak recommended, pdhl dtg jauh dr luar kota"
5,2025-08-05T14:41:15.423Z,fadli suardhana,"Makanan, layanan dan suasananya MasyaAllah mantap ??

Sedikit saran dari kami :
Agar petugas yang ingin menyapu sebaiknya menunggu pelanggan menyelesaikan makannya agar debu tidak masuk ke dalam makanan. Mudah-mudahan bisa dijadikan evaluasi, selebihnya mantaf ??"
5,2025-08-03T08:42:01.190Z,Davit Al,"Makanan enak..
Hanya lauk yg berkuah tidak disajikan hangat.

Over all okee ????
Sukses nggih."
5,2025-08-02T01:51:54.123Z,Ridwan Heriyadi,Kafe yang luar biasa di Kaliurang. Kualitas makanan yang terorganisir dengan baik dan konsisten.
5,2025-08-01T05:45:39.199Z,Diana Forisanti,"Gak sengaja nemuin tempat ini pas mau sarapan pagi, pas datang ternyata menu banyak dan d sambut pemandangan indah yg bikin gak bosen di tempat ini , dan yg paling hangat playanan yg ramah"
5,2025-07-31T01:45:58.701Z,Mariano Durman,Sarapan disiini enak. Ada merak
5,2025-07-30T05:46:45.226Z,DW RS,Cocok buat jamu tamu
5,2025-07-29T22:30:11.644Z,Dinar Putra,"Homie, menu banyak pilihan, tempat nyaman area smoking dan no smoking terpisah. Pelayanan excellent"
4,2025-07-29T06:12:17.962Z,SURYANI SURYANI,"Sejauh ini oke, cuma toiletnya aja yang bikin cewek bau banget.. bikin pengen muntah"
5,2025-07-29T05:38:53.061Z,sari wismaningrum,"Suasana nyaman, asri, dikelilingi sepetak sawah. Makanan lezat. Minuman andalannya wedang mbah gito. Ada area utk yg fokus makan, dan ada area yg lebih nyantai. Musholanya rapi dan bersih"
3,2025-07-28T23:53:43.787Z,Dewi Purwaningrum,"lokasi: okee ini tempat luas pake banget walopun lokasinya rada nyempil, dateng pas malem, ga terlalu rame, ijo ijo, syahdu, terawat, bersih, deket sawah2 gituu

service: lamaa bgt sih servicenya

food: lumayan, gak yang enak banget tp lumayan, posinya sedang

cuman kemarin yang bikin rada kesel pas lg nongkrong, kita cari view yang bagus, kebetulan di samping rombongan yang cukup berisik + ngrokok dan asapnya sampe ke kita, jadi kita pindah tempat duduk. Ku kasih bintang 4 kalo ga pas ketemu pengunjung yang begini (minus di service yang lama)

good luck restonyaa, semoga berkah dan jadi bahan perbaikan"
5,2025-07-28T10:15:12.977Z,Isyanofa Putri,"PEGAWAI NYA RAMAH BANGET GUYS?? Makanannya juga enak, rekomended banget bagi kalian yang di Jogja untuk mampir ke tempat ini"
5,2025-07-28T09:00:44.546Z,H W,"Direkomendasikan jika Anda mencari makan siang, kopi, dan hidangan penutup untuk sekelompok orang.  Pemandangan sawah juga spektakuler."
5,2025-07-27T07:54:29.263Z,Yudi Yuka,Masukan aja meja 59 tolong dikasih tirai kain...biar kalo makan ga sambil berjemur kaya di pantai...diatas jam 13.00
5,2025-07-27T03:59:03.548Z,Dee-why,"Tempaf yang asyik, nyaman, makanannya enak2 dan masih affordable utk harganya ??
Recomended puoool ??"
5,2025-07-27T00:31:07.195Z,Bambang Noegroho,itu selalu tempat favoritku untuk dikunjungi!!!
5,2025-07-26T01:40:36.402Z,Herman Sayoga,"Makanan prasmanan yang lengkap, tinggal pilih sendiri."
5,2025-07-25T15:30:07.637Z,Amira Dysa,Semuanya baik-baik saja!
3,2025-07-25T04:50:45.540Z,Kinasih Kinasih,tempatnya nyaman luas. Bersih . tapi sayangnya tempat makanya dan duduknya untuk castomernya di atur . tidak bisa memilih tempat sendiri. padahal Setiap pembeli kan butuh kenyaman kebebasan mau nyari tempat di mana yg di sukai. pembeli raja. Belum tentu tempat duduk yg di berikan belum tentu nyaman bagi pembelinya.
5,2025-07-24T03:30:37.564Z,Roy Wahyudi,Suasana sangat nyaman buat pendatang
5,2025-07-24T03:29:51.622Z,Nona Diana,"Pagi pagi kesini, suasana tenang, makanan enak, harga bersahabat. Sangat rekomended buat yg dari luar kota.??"
5,2025-07-23T18:44:52.128Z,Eka Gunawan,"Salah satu Wisata kuliner yang sepertinya wajib di kunjungi jika ke Yogya...menu buuuanyak  dan cita rasa ngga perlu ragu ,harga bersahabat,staf cekatan bila ada yang kurang silahkan di infokan mereka akan bantu
Suasananya jangan di tanya lagi nyaman pooool,yang suka foto ...disini tempatnya
Datang dan buktikan ...semoga selalu menjaga kwalitas nya ...Aamiin"
5,2025-07-23T17:05:08.871Z,Theana Dwi Anggraini,Makanan rumah pilihan banyak ada jenang dan cake pelayanan minuman agak lama tempat luas ada beberapa hewan parkir tidak terlalu banyak cocok untuk berkumpul
5,2025-07-23T11:40:44.843Z,Pinandini Dwilaksana,Makanannya enak ....
5,2025-07-23T08:26:10.562Z,Enong Prihnadi,Makan malam yg memuaskan dg harga yg terjangkau...
5,2025-07-20T14:51:19.081Z,Dhimas Pratama,"Makanan enak, ambiance enak, tempat duduk nyaman, cocok untuk bawa keluarga, parkiran aman walaupun penuh, ga takut engga kebagian. Alternatif untuk tempat kumpul keluarga."
5,2025-07-20T11:26:10.727Z,Suci Priyanti,"Pernah kesini pagi, enak untuk sarapan
Pernah kesini sore, enak juga menikmati senja sambil makan mie godhog

Tempatnya sangat recommended mau pergi bareng temen atau keluarga.
Makanan semuanya tasteful, minuman jg enak2 ala ndeso

Tempat bersih, parkir jg proper"
5,2025-07-19T23:07:03.465Z,lince,"harga masih wajar, rasa masakan enak. antrian rapih"
3,2025-07-19T12:01:53.567Z,Ang Barnas,Tapi sayang gak ada makan gratis untuk supir travel yang bawa rombongan kesitu
5,2025-07-17T13:24:55.828Z,Anna,"Tempatnya agak masuk ke dalam jalan kecil, bukan di pinggir jalan utama, tapi begitu sampai tempatnya luas dan nyaman, cocok banget ajak anak-anak kesini.

Harganya terjangkau, pilihan makanan dan minumannya banyak, serta rasanya enak semua.

Banyak tempat duduknya, bebas pilih mau duduk dimana. Banyak spot foto juga, mushola dan toiletnya juga bersih.

Nyesel kesini pas hari terakhir di Jogja, kalo tau tempat ini dari hari pertama pasti setiap hari makan disini, gak ngabisin waktu buat ngantri2 dan makanannya worth it banget"
5,2025-07-17T03:11:43.855Z,Alvin Alvin,"Makanan enak banyak pilihan. Javaness food.
Layanan baguss sekali ramah. Pemandangan menenangkan jiwa raga & otak. Good view for green silent place. I will be come  again & again. Many parking place. For the  price is okey normal price one porson like 50 thousand rupiah"
4,2025-07-16T23:17:07.384Z,Bambang Edyanto,"Tempat cukup unik, bersih , rapi , makanannya lengkap. Enak semuanya, harganya tdk mahal , tapi sayangnya kita tamu tdk bisa bebas memilih tempat duduk , tempat duduk sdh ditentukan. penerima tamu , silahkan pemilik Pawon study banding ke pawon2 yg lain. Saya ingin bebas memilih tempat duduk sesuai selera kita. Terimakasih atas pelayanan nya dg baik dan sopan"
5,2025-07-15T06:31:44.103Z,Yusmar Fuad,Makannya enak dan tempatnya nyaman
5,2025-07-13T13:50:40.468Z,CAKAP-Adri Syahrizal,"Ini juga paten, masakan enak, tidak pricy, suasana enak, layanan Juga bagus"
5,2025-07-13T06:53:35.633Z,BUFF TRAVELER,"Salah satu Resto Bergaya Jogjaan dengan bangunan joglo nya yang luar biasa keren, athmosfir di pawon ini sangat ramai, cara penyajiannya dengan prasmanan.

Seperti antrian kondangan, ada nasi putih seharga 14 rb itu termasuk 3 jenis sayur, lauk terpisah, lalu untuk nasi merah seharga 15 ribu.

Ketika kami datang, kami ambil makanan lalu di kasih nomor meja"
5,2025-07-13T06:32:32.063Z,DJ Storo,"Pengalaman makan siang bersama keluarga secara prasmanan dengan berbagai menu masakan rumahan, sayur, lauk pauk, jenang, dan minuman dengan rasa yang mantap hommy, sayur bobor enak lumayan pedas, tempatnya nyaman, bersih dan enak untuk ngobrol bersama keluarga teman dan kolega...pelayanannya ramah dan cepat...recomended place di Jogja"
5,2025-07-13T01:31:32.809Z,Michael Ikeng,"Makanannya prasmanan rumahan gitu. Rasanya enak. Suasana tempatnya juga enak. Harga terjangkau.
Kopi manual brew nya recommended deh! Kemarin nyobain biji kopi Semendo. Fruity dan segar rasanya.

Satu hal yang buat tempat ini kurang nyaman adalah beberapa meja itu kursinya terlalu rendah dan miring ke belakang. Jadi kalau dapat meja yang begini mending pindah ke yang punya kursi kayu datar aja."
5,2025-07-11T16:48:51.302Z,Elnanda Natasya Rizka Puteri,"Enak, siang lebih bagus"
5,2025-07-11T09:00:30.763Z,Hikmat Saja,"semua makanan disini benar-benar mantap rasanya. suasananya asri, pelayanan prima. sayang parkiran sangat terbatas, jadi agak merepotkan untuk antri masuk. overall, sangat rekomended"
4,2025-07-11T05:01:09.680Z,Rizki Nanda Fardani,"Ke sini di musim liburan. Bener2 ruameeee pollll

+ Akses jalan mudah
+ Parkiran cukup luas
+ Pemandangan bagusss
+ Tempat duduk banyakkk
+ Makanan beragam
+ Pelayanan kasir cepat
+ Wedangnya enakkkk banget
+ Pelayan ramah
+ Ada kolam ikan, sangkar burung, Angsa, menarik perhatian anak2
+ Mushola dan kamar mandi bersih
+ Pelayanan makan cepet

- Rasa biasa saja
- Harga lumayan dibanding rasanya
- Antrenya ampunn kalo lagi rame, lama banget mau milih makanannya
- Kalo siang panas
- Lagi rame bisa waiting list
- Makanan cepat habis
- Sempet di wa setelah makan karna dikira memecahkan gelas wedang. Tapi responsif sih"
3,2025-07-10T14:08:46.343Z,Zunnan Ns,dengan range harga segitu...Untuk rasa makanan dan minuman B aja...pelayanan bagus...view juga bagus
5,2025-07-10T06:44:33.944Z,Grecia Kumala Devi,"Warung makan masakan Jawa dengan konsep prasmanan. Untuk masakannya cenderung gurih pedas bukan yang manis. Untuk suasananya juga nyaman, dikelilingi area persawahan"
4,2025-07-09T02:15:39.054Z,Lidya ph,"Parkirannya lumayan luas dan kursi restonya sangat banyak. Makanannya enak, sistemnya cuma ada yang prasmanan. Karna ketika datang jam 6 malam, untuk menu bakmi tidak tersedia."
5,2025-07-08T09:53:09.959Z,afie afie,Tempat yang nyaman dan tenang untuk menikmati aneka hidangan khas rumahan yang lezat. Area restoran benar2 luas dan duduk dimana pun adalah suatu kenyamanan. Aneka makanan dan kinuman tradisional tersaji dengan nikmat
5,2025-07-08T01:23:40.713Z,linda anastya,"Secara keseluruhan oke si, makanan sesuai ekspektasi, layanan juga dari awal datang d sambut dan d arahkan jadi ga bingung, suasana bisa milih mau liat sawah atau kolam ikan, sementara untuk harga relatif sesuai dengan apa yg d dapatkan."
4,2025-07-07T22:40:16.640Z,Tika Dwinandha,"+++
Tempatnya MasyaAllah syahdu banget, banyak spot bagus untuk foto².
Makanannya menu ndeso syedep enak² semua, anakku makan ayam goreng sama bobor bayam sampe nambah 2x.
Kesini sama para eyang dan cucu²nya, Alhamdulillah cocok, wedang mbah utinya juara ??

- -
Antrian input menu makannya mengular, mungkin bisa disiasati scan barcode di tiap menu. Sama cara bayarnya cm nerima cash ama transfer bank bri, ada baiknya sedia qris jg."
4,2025-07-07T17:17:11.869Z,Musyafa' Tanjung,"Datang kesini siang hari, padahal hari jumat pelayanannya tetap ramah. Sebelum mengambil makanan, kami diberi nomor tempat duduk tergantung jumlah tamu.

Makanannya masih segar dan menunya juga banyak, sambil makan kita bisa melihat pemandangan sawah yang indah, semoga lain waktu bisa kesini lagi.

Saat itu kami belum bisa menggunakan QRIS tetapi kami bisa melakukan transaksi melalui transfer bank jika tidak membawa uang tunai."
5,2025-07-07T14:58:08.138Z,Sri Devi,Rumah makan yg rekomendasi banget bagus untuk ajak rombongan keluarga dari t4 parkir masuk pelayanan udah bagus banget makanan enak pedes tdk terlalu manis meja makan rekomendasi bersih banget next k sana lagi ya ??????
4,2025-07-07T14:55:32.482Z,Chaterine Tisar,"Tempat makan prasmanan yang berada di pinggir sawah. Sawahnya tidak terlalu besar dan cukup panas jika siang hari.
Makanannya adalah jenis makanan jawa rumahan. Yang saya suka karena rasanya tidak terlalu manis tp lebih gurih.
Nasi putih + sayur harganya 14rb (bebas ambil 2-3 sayur) sedangkan lauk dihitung berbeda. Saran saya sebaiknya diberikan tanda mana yang terhitung sebagai sayur jd pengunjung tidak bingung.  Dan kalau bisa disertakan juga harga dr tiap menu yg tersedia. Sebaiknya datang sebelum jam makan siang karena sangat ramai. Dan kalau bisa disediakan sambal yang pedas utk penyuka makanan pedas"
5,2025-07-07T14:39:35.465Z,Sera Maharani,"tempat yang nyaman dipadukan dengan alam, makanan enak, staf yang baik, tempat yang sangat nyaman dan direkomendasikan"
5,2025-07-07T05:04:58.469Z,andy firmansyah,"lumayan ngantri disini sy datang weekday, makanan nya standar sih sesuai harga, suasana ok"
5,2025-07-07T03:24:05.226Z,Lukito,"Wouw,..sangat bervariasi menunya"
2,2025-07-06T18:47:38.476Z,Antonia Eka Sari Widyastuti,"Kasirnya perlu dilatih ttg bagaimana cara berbicara yang baik dengan konsumen. Saya hendak membayar tambahan pesanan, lalu saya bilang bahwa pesanan yg sebelumnya sudah dibayar, jd ingin membayar tambahannya saja. Pegawai kasir menjawab “yang sebelumnya apa emang?” Apakah cara berbicara seperti itu layak digunakan saat sedang melayani konsumen?"
5,2025-07-06T13:06:03.204Z,Tiffanny Rachmania,"arrived in jogja and this was our first place to go for a breakfast. ga ada penyesalan, semua makanan OKE BANGET. tempat juga oke banget. pelayanan juga oke banget. semua oke banget. mending ke sini daripada yg viral itu… ada bubur bar. ada es krim. seingetku sih aku ga lihat ada snack ringan ya. tapi mungkin di tulisan menu ada."
5,2025-07-06T10:06:03.839Z,Road Traveller23,Resto nya ditengah sawah . Makanan nya seperti menu masakan ibu nenek kita di rumah. Laper mata liat menu nya. Semua enak. Recommended bagi yang nyari sarapan di sekitar kaliurang. Buka mulai jam 07.00
4,2025-07-06T05:54:23.726Z,NawaN VVWVV,Menunya lengkap tapi antriannya jelek..
4,2025-07-05T14:26:56.124Z,Ratih Susila,"Tempat parkir luas, Dan Dari awal sdh ada petugas yg memberitahukan apakah ada meja kosong atau tidak. Menu macam2. Cocok utk menu dewasa,anak anak juga suka"
5,2025-07-05T09:20:48.594Z,abdul h. f.,Oke
5,2025-07-04T08:43:51.004Z,catur budiutomo,"Tempat luas, makanan banyak variasi, rasa cocok & cukup pas selera ada spot2 untuk foto², di kelingi persawahan, datang reservasi no meja makan, harga standar menengah, untuk orang² kota yang kangen masakan ndeso"
5,2025-07-04T04:28:33.776Z,FeiFei ADH,"Ini tempatnya ya bagus pemandangan sawah gitu
Aku suka wedangan mbah gito lebih strong. Konsep makannya prasmanan nasi + sayur 15.000 lauknya bayar sendiri.
Bumbunya kerasa banget
Bisa reservasi dulu"
5,2025-07-04T03:32:36.167Z,Aries Ferdiansyah,"makanannya enak,tempatnya nyaman sejuk, cuman untuk pesanan pisang goreng dan bakwan jagungnya agak lama??"
5,2025-07-03T15:36:01.315Z,Zain Fathoni,"Makanannya enak, bikin nagih dan pengen ke sana terus. Pemandangannya juga bagus. Fasilitasnya nyaman, ada musholla yang lumayan luas juga."
5,2025-07-03T04:48:50.001Z,Christina Devia,"Tempatnya punya vibes pedesaan yang menenangkan. Dikelilingi view sawah yang luas, jadi perfect banget buat healing sambil makan enak.

Menu makanannya juga beragam, lauknya super komplit, jadi buat yang bawa anak-anak nggak bakal bingung milih. Ada juga prasmanan sayur khas ndeso seperti lodeh jantung pisang, tempe bacem, dan lainnya. Snack tradisionalnya banyak banget, mulai dari pisang goreng, donat, sampai cake pun ada. Rasanya homey banget, cocok buat yang kangen masakan rumahan.

Tempatnya spacious dan comfy, dengan desain full kayu yang ngasih kesan tradisional tapi tetap Instagrammable. Banyak spot kece buat foto-foto. Area seatingnya fleksibel, bisa pilih duduk di pendopo depan, belakang, atau area indoor yang adem karena ber-AC.

Restoran ini juga family-friendly karena ada mini zoo yang lucu, ada burung, angsa, ikan, bahkan merak yang pasti bikin anak-anak happy.

Area parkirnya cukup luas dan akses ke lokasi gampang. Toilet juga bersih dan jumlahnya cukup, bahkan di hari ramai sekalipun.

Soal harga? Super affordable! Menu buffet sayur mulai dari Rp10.000-an, dan jajanan lainnya juga ramah di kantong. Cocok buat makan rame-rame tanpa bikin dompet kaget.

Overall, Pawon Mbah Gito jadi pilihan tepat buat hangout bareng keluarga atau teman, sambil menikmati suasana alam yang calming dan makanan tradisional yang worth to try!"
2,2025-07-02T16:54:52.377Z,Muhamad Sabani,"Harga mahal.
Rasa biasa saja.
Suasanya nya aja yg bagus tengah sawah."
5,2025-07-02T02:25:27.514Z,BUDIWAN Jihadillah,Makanannya enak2 pa lagi makan pinggir sawah..
3,2025-07-02T00:19:32.868Z,Yannee Rih,"Enak, cuma gak worth it, antri hanya untuk menu ala warteg ala carte. 6 orang, rata rata cuma  ada yg nambah telur, ikan, daging ayam ( menu yg dishare di  google, gak ada, no bebek no ayam kampung no daging sapi??) atmosphere gak special"
5,2025-07-01T10:25:25.293Z,puji supriyono,"Kesini hari Jum'at 27 Juni 2025, pas liburan anak sekolah bersama keluarga. Makanan enak, tempat enak."
3,2025-07-01T02:37:54.402Z,Dwi Pratomo,"Prasmanan dengan menu sayur dan lauk-pauk beraneka macam, aneka rasa, pilih sesuai selera"
4,2025-06-30T14:20:06.433Z,Ifatul Muti'ah,"Tempatnya nyaman, parkiran luas, menunya bervariasi, sistemnya prasmanan. Cocok buat kumpul² keluarga. Tpi saya rasa Kurang cocok untuk kaum mendang mending seperti saya, karena harganya yg lumayan ""uwawww"" mengagetkan"
5,2025-06-30T05:23:37.283Z,Sutan Manjunjuang Alam,"Perasaan luar biasa, getaran luar biasa!!"
5,2025-06-30T04:56:27.588Z,Wilsya Marcellin,Hal tidak bisa move on sebagus ini enak bngt yg aku suka bubur sumsum nya makanan pun juga ena enak
3,2025-06-30T04:22:55.198Z,caecilia krismariana,"biasa aja menurutku. tempatnya bagus, tapi terlalu ramai. nunggu pesanan makanan dan minuman lama. rasa makanan B aja. minuman rasanya lumayan."
4,2025-06-30T03:28:21.426Z,Novananda Azhiem,Menu masakan jawa lengkap. Tapi terlalu banyak
1,2025-06-29T10:15:31.134Z,Rih Heryani,"Mahaaaal ya  Allah, makanan kelas warteg, makan berenam 300 rb, pindang telur, ikan, sate lilit, telur dadar, ayam 2 nasi 6, teh 6. Jatuh per orang 50 rb, antriiiii. Cukup sekali saja hahaha"
5,2025-06-29T09:01:16.081Z,nur arifah,"menu masakan ndeso banyak pilihan
suasana asri bonus bisa lihat burung cendrawasih & beberapa ikan koi
pelayanan oke pengunjung datang reservasi lalu dberi no meja kemudian antri ambil makan (prasmanan)"
5,2025-06-29T07:01:13.405Z,Danish Wiguna,"Suasana nya kaya bali,keren??????"
5,2025-06-27T09:37:01.981Z,Vie vie,"Pertama kali masuk area parkir udah hopless karna kang parkir langsung bilang udah full dan kami disuruh puter balik, karna perjalanan lama sekitar 30 menit dari pusat kota yogya aku ga percaya ih langsung ngantri ke petugas yg langsung koordinasi mencarikan tempat dusuk, dan ternyata ada donk masi banyak tempat kosong
Harga bersahabat kami ber 5 hanya abis 230k
Varian ice kopinya enak,teh panas gula batu , 1 porsi nasi dan sayur harga 14k, lauk dihitung sendiri, nasi aja 6k harga sangat affordable bgt
Mushola bersih kamar mandi toilet bersih, kids friendly ada kolam ikan dan beberapa burung dlm sangkarnya, tempatnya luas dan sejuk cocok buat makan bersama keluarga
Staf ramah dna gercep perlu ditingkatkan dibagian parkir lebih koordinasi lagi karna didlaam maaih banyak tempat kosong eh diluar udah bilang full aja jadi banyak mobil yg langsung puterbalik tanpa turun dahulu"
5,2025-06-27T08:12:35.724Z,Deni Rahman,"Nyaman, suasana desanya kental bangettt.
Makanan enak.
Pelayanan, ramah.
Tempatnya cukup luas.
Ke yogya, Perlu di coba deh.."
5,2025-06-26T06:22:00.767Z,bambang isuriyadi,Makanan otentik dan lezat.
3,2025-06-25T06:18:07.368Z,FITRIYANI,Kategori mahal
5,2025-06-24T08:07:02.478Z,Panji Panji,"Lokasi indah, nyaman. Menunya memuaskan, mengobati kerinduan masa kecil akan makanan"
5,2025-06-24T05:02:19.609Z,Yustina Ratnaningsih Budiastuty,"Sampai lokasi sdh malam. Suasana syahdu. Tapi menu Prasmanan tinggal sedikit. Akhirnya kami pesan bakmi godog,mie lethek godog,dan nasi goreng nya. Yg ternyata rasanya enak banget. Buat harganya 30rb/porsi ya cukup mahal,tapi rasanya enak banget porsinya agak banyak. Jadi kenyang... ???? Minumnya ada wedang2an tradisional,enak. Yg kekinian juga enak. Pelayanan, awalnya dikasih tahu nunggu 50',tapi kayaknya gak sampai 50' sdh datang. Sip. ??"
5,2025-06-23T06:33:23.819Z,Yulita Rahmat,"Kesana pas weekend, dan musim liburan sekolah jadi rame bgt...bisa reservasi tempat utk minimal 15 orang...makanannya enak2"
5,2025-06-22T16:26:50.699Z,Travelers Wara,"Pawon Mbah Gito adalah permata tersembunyi yang secara sempurna memadukan pesona estetika dengan masakan tradisional yang lezat. Terletak di tengah sawah yang subur, restoran ini menawarkan pemandangan menakjubkan yang memberikan pengalaman bersantap yang tenang dan indah. Baik saat Anda duduk di dalam ruangan dengan dekorasi pedesaan dan vintage, atau di luar ruangan sambil menikmati pemandangan sawah yang menenangkan, setiap sudutnya layak untuk Instagram.

Menunya merupakan perayaan cita rasa asli Indonesia, menawarkan berbagai macam hidangan tradisional untuk memenuhi setiap selera. Mulai dari daging gurih hingga hidangan berbahan dasar sayuran yang menyegarkan, setiap hidangan disiapkan dengan cermat untuk menonjolkan kekayaan warisan tradisi kuliner lokal. Porsinya banyak, dan rasanya sungguh memuaskan.

Suasana, makanan, dan suasana secara keseluruhan menjadikan Pawon Mbah Gito lebih dari sekadar restoran—ini adalah sebuah pengalaman. Jika Anda mencari tempat untuk menikmati makanan lezat sambil berendam dalam suasana damai dan kaya budaya, inilah tempat yang tepat. Sangat direkomendasikan bagi mereka yang mencari perjalanan kuliner unik dan berkesan!"
5,2025-06-22T08:43:44.444Z,Fransisko Jacobus,"Soto rawonnya enak, tempatnya enak"
5,2025-06-22T08:38:57.398Z,Dian Hae Rani,"Akhirnya bs ajak ortu kesini dan kesannya happy, makanan enak beragam dr lokal, dessert, kopi n non kopi pelayanan ramah. Ada pemandangan sawah, trsedia hewan peliharaan ikan, burung merak. Nuansa meja kursi kayu dan aliran udara yg baik. Spot foto menarik"
4,2025-06-22T00:56:19.373Z,Dewa Gede Anom Santhika,Makan area jogya... Prasmanan bufet.....mantap maknyosss
4,2025-06-22T00:42:43.385Z,dwi pitra,"Tempat cari makan masakan Jawa disini dengan cita rasa manis gurih pedas. Untuk tempatnya bagus pada pagi hari/sore. Krn klo siang panas walau deket sawah,pohonnya besar nya tidak banyak. Makanannya relatif lumayan mahal, krn nasi dan lauk dihitung sendiri. Lebih ke restoran konsepnya. Dan harga minumannya juga standar restoran. Tempatnya rekomendasi buat anak anak dan kumpul keluarga. Jalan masuk ke desa kalo persimpangan  dg 2 mobil besar harus berhenti dulu. Pelayanan ramah dan tempatnya bersih."
5,2025-06-22T00:36:44.905Z,Budi Mulyanto,"Konsep yg luar biasa.
Dg aneka makanan dan minuman tradisional.
Viewnya the Best."
5,2025-06-21T12:58:32.986Z,Cicilia Prima,"Bakmi godog enak, gurih. Hanya saja jenis mienya sedikit berbeda, lebih kental dibandingkan yang lain.
Tempatnya bagus, nyaman, luas, estetis, cocok untuk makan bersama keluarga.
Pemandangan di pagi hari akan jauh lebih baik."
5,2025-06-21T11:38:24.494Z,Helfi Tristeawan,"Kalau kopi Klotak terlalu ramai, mungkin bisa mampir ke sini"
4,2025-06-21T09:39:51.183Z,Dade Atman,"Lokasi mudah dicari, parkiran luas, banyak pilihan meja, bisa sendiri, berdua atau rombongan.
Menu prasmanan milih sendiri, minuman pesan di kasir lalu bayar.
Rasa oke, harga masih terjangkau.

Tersedia mushola dan toilet.
Patut dicoba ????"
5,2025-06-21T07:23:57.501Z,Mas Dhani,"Bagus sih, tapi kalau weekend jadi gegabah banget"
5,2025-06-21T03:29:12.737Z,fathur rahman,"Lokasi lumayan tersembunyi dan jauh dari keramaian. Tapi terbalas dgn menu yg enak, lokasi yg nyaman dan pelayanan yg sangat baik.
Yg bikin lebih nyaman lagi, liat pelayan yg cowok semua pakai peci, sesuatu banget."
5,2025-06-20T07:15:45.135Z,Orchidea K,"Enaaak semua enaaak. Yg agak sensitif sm serangga bawa lotion anti serangga aja yaa, karena tempatnya semi outdoor samping sawah. Seru ada banyak binatang juga buat dipandang2 sama anak2. Jenis seating areanya juga macem2, ada sofa, meja tinggi, meja kursi biasa. Dan ada mushola yg proper dan bersih. Parkiran juga luas. Pilihan menu banyak dan enak semua. Favoritku sate lilit dan tongkol suwir pedes.

Better reserved kalau datengnya rombongan dan mau bisa pilih tempat duduk"
5,2025-06-20T04:58:55.790Z,ghalib ramadan,"Suasana dan makanannya enak
Cocok buat santai melepas penat sementara sambil menikmati menu makanan ala rumahan"
5,2025-06-19T11:09:42.072Z,Randy Bharada,"Tempatnya nyaman asri enak sejuk juga,, menyajikan suasana klasik yang sangat buat bikin betah disini.
Banyak menu varian tersedia.
Makanan prasmanan nya juga sangat banyak apalagi ada beras merahnya juga..
Tersedia parkir yang luas,
Pelayanan baik dr petugas parkir, pelayan , kasir dan semuanya sangat ramah."
5,2025-06-19T05:57:04.562Z,Raya,"Tidak ada yang salah. Staf yang menyenangkan, begitu banyak pilihan makanan dan banyak ruang. Makanannya enak! Jika Anda ingin mencicipi makanan kampung Indonesia, saya sangat merekomendasikan dan akan membawa teman dan keluarga asing!"
5,2025-06-17T09:44:15.239Z,Abdul azis,Murah meriah wajib dateng lg
5,2025-06-16T10:51:05.141Z,Wigati Sekar Ayu,"Mampir ke sini habis dari kalitalang... dan tempatnyaa bagus banget ternyataa, pelayanan dan makanannya juga okey"" bangetttt. Next kalau kejogja mampir lagi"
4,2025-06-15T06:57:56.120Z,VV,"Tempatnya menarik, bisa untuk family time, menu makanan dan minuman lumayan lengkap, para staf ramah, bagus untuk foto2 juga."
4,2025-06-14T08:05:59.222Z,prima setiani,"Kid's friendly resto. Sayang sofa yg kami tempati agak kurang nyaman dilihat krn byk noda bercak sisa makanan yg sudah kering. Tp suasananya bagus, agak lumayan panas kalo siang."
5,2025-06-14T07:20:11.134Z,shinta windiani,"Sudah kesekian kali mampir kesini. Paling cocok dengan mangut ikan manyung dan sate nya. Untuk minuman jg selalu pesan Wedang Mbah Uti. Namun makanan dan minuman yang lain jg enak enak, patut dicoba.

Suasana asri dengan view sawah. Tempat makan juga sudah luas sekali skrg. Musholla nyaman. Ada ikan, angsa, burung, sehingga anak anak jg senang. Mgkn bisa ditambahkan mini playground agar anak anak makin betah.

Lokasi jg sangat mudah di akses. Sangat direkomendasikan sekali untuk acara kumpul kumpul dan makan bersama keluarga atau teman."
5,2025-06-11T08:53:06.988Z,Awaludin Gumbira,"Mantap banget buat sarapan, makan siang, denger, bareng2 keluarga ataupun temen2."
5,2025-06-10T23:12:17.277Z,Niken Lendiana,Lagi² tempat nongkrong dan resto yg nyempil ditengah kampung... tapi parkirannya full kendaraan sampai ada rombongan bus..
5,2025-06-10T12:35:24.194Z,Andika Hutami,"Lokasi rada masuk jalan kecil tapi masih mudah diakses. Parkirannya luas, bapak tukang parkirnya juga ramah. Tempatnya luas banget banyak pilihan tempat dengan berbagai macam spot. Cocok untuk makan bersama keluarga. Untuk menu, tempe garit sama sayur asemnya enak. Pisang gorengnya juara. Walaupun rada pricey tapi rekomended."
2,2025-06-10T12:29:31.475Z,Andriani Kartika Putri,"Di awal seneng banget karena pelayanannya baik buangeett dan ramah, jadi okelaahh. Sampek kejadian aku pesen nasi goreng bebek cabee ijoo yaudah ya akhirnya makanan dateng dan udah aku makannnnnn setengah tiba tiba masnya dateng dan bilang 'makanan yg kakak makan salah bukan yg itu, yang ini saya bawa baru nasi goreng bebek cabee ijoo' seketikaa betee dongg (jujur ajaa aku jg ga tau bentukkan nasi gorengcabe ijo itu gmn jadi yg dateng dan di hidangkan yaudah langsung aku makan dong, toh beneran udaah sesuai nasi goreng dengan rasa pedes) laluu dateng mba² mbah gito lainnya dengan santainya bilang ke meja sebelah (minta maaf jg si) tapii keselku kenapa harus bilang kalo ketuker sama aku dan sdh di makan. LAAH KAN YANG NUKER BUKAN AKU? MANA NGERTII AKU KALO MISALNYA SALAH?. Yang bikin gaa enaak ituu orang meja sebelah nenggok ke aku terus setelah mba pelayannya bilang gt ke meja sebelah lalu mbanya jg ke mejaku dan bilang kalo pelayan yg satu tadi baru dan masi blm hafal menu. Bener sii uangku mau di kembaliin 5000 karna memang lebih mahal cabee ijo daripada PMG tapii ga suka ajaa dengan ucapan mereka bukan masalah harga dan rasa. Tolong mungkin bisa di perbaiki bbrp kata kata pelayannya. Thankyou tapi ttp ga balik lagi si aku"
5,2025-06-10T10:59:02.722Z,Restu Adriani,"Sangat rekomen utk membawa tamu dr luar daerah, masakan enak dan banyak pilihan. Saya klu kesini sllu memilih ikan asap kuah, krna dtmpt lain tdk ada. Pelayanan sgt ramah dan tanggap. Tempatnya bersih, tertata dan sangat dirawat. Ada mushola yg bersih dan luas"
1,2025-06-10T08:08:18.697Z,Rubi Rubi,Gak cocok makanan dgn harganya
5,2025-06-08T22:57:54.223Z,dicky Moch rizal,"Semuanya enak makanannya. Layanan ambil sendiri, tapi yang pesanan juga cepet kok. Suasana oke, terjangkau pokonya"
5,2025-06-08T16:13:04.113Z,Aida Syukriyah,"Makanan rumahan yang lengkap dan enak, dg suasana pedesaan ditengah sawah"
4,2025-06-08T08:58:07.262Z,Laksmi Utami,"Datang buat sarapan  jam 8, lauk sudah lengkap, rasa enak, untuk minuman wedang rempahnya mak nyuss, view adem, pelayanan mantap"
5,2025-06-07T22:47:35.113Z,triadi yb0kvn,"Tempatnya ok banget. Ada mushalla yang bagus. Makanan yang disediakan bumbunya berani. Mak nyus deh.

Serasa makan di tengah Sawah."
5,2025-06-07T05:59:12.021Z,Daniel junaedi samosir,Tempat nya bagus dan adem krna berada di pinggir sawah dan jauh dari keramaian. Harga bersahabat. Makanan nya uennaakkk tenan.. pelayanan nya ramah dan baik
3,2025-06-07T01:45:32.198Z,Richard Mahendra,"Tempat ini sangat bagus. Terlalu bersih dan nyaman untuk sekedar restoran. Tapi, makanan mereka terlalu biasa-biasa saja. Semua makanannya dingin dan tidak ada yang istimewa. , harganya terlalu mahal terutama untuk makanan atau minuman semacam itu.
Tempat ini bukan untuk penduduk setempat. Ini untuk orang-orang dari kota lain yang ingin merasakan masakan rumahan Jawa yang mahal."
5,2025-06-06T12:53:47.745Z,Joko Raharjo,"Kesini karena penasaran banyak yang review di sosmed. Suasana enak, tempat bersih dan nyaman. Pelayanan memuaskan tempat duduk tidak rebutan seperti di kopi klotok jadi nyaman. Makan model prasmanan lauknya beraneka macam. Rasa masakan biasa aja, standar masakan rumahan. Pesan bakwan jagung relatif asin. Pisang gorengnya enak. Harga memang agak mahal tapi dengan dapet suasana dan bisa ngobrol santai berlama-lama saya kira ga masalah. Okelah."
4,2025-06-06T11:20:26.009Z,Sun Sunarso,"Lokasi perkampungan / persawahan.
Parkir terbatas / walau 2 lokasi,
Situasi ramai namun damai,
Mengantri tempat duduk sekitar 15 menit,
Banyak pilihan menu,
Rasa sedap, banyak nan pedas,

Pelayanan ramah, namun rentan tekedor,
Jum'at 6 Juni 2925 :
Jam 08.20 wib datang sbg tamu ke 2, parkir urut ke 2.
Jsm 09.00 wib, mulai buka, bersama para tamu mulai ambil menu masing2 dan minum nya.
Tamu yg lain mulai diantar minum masing, namun sampai jam 09.40 wib meja 02 belum juga diantar minum yg sdh di pesan / luar biasa.
Setelah di konfirmasi, didapat jawaban "" telah dikirim ke meja nomor 62.
Duh Gustiii ... paringono sabar."
5,2025-06-05T05:30:13.955Z,Noval Ardiansyah,Nasi goreng jadul yang rasanya mantul
5,2025-06-05T01:14:26.759Z,Satya Pratama,"Kami datang sudah malam banget opsi prasmanannya tinggal sedikit.
Jadi disini ada pilihan prasmanan atau makanan yang dipesan.
Tempatnya luas ada opsi smoking dan non-smoking.
Lokasi pinggir sawah tapi karena malam jadi gak kelihatan pemandangan.

Parkir luas dan opsi pembayaran cuma bisa cash atau transfer ke rekening BCA."
5,2025-06-03T11:14:12.757Z,Hendro Murti,Masakan kakekku
4,2025-06-03T10:03:36.705Z,indriani sri,Mbah Mbah Jenang segitu ha koq 20 ribu menurut aku tidak wajar yo sak mahale jenang ki yo 10 ribu - 15 ribu kuwi eis mahal loh semono
5,2025-06-03T06:26:59.362Z,mia aburhan,"Pelayanan ramah, tertata, semua lokasi bersih, rapi dan sejuk.. tersedia banyak variasi menu prasmanan yang sudah ready dari jam 8 pagi, juga berbagai camilan seperti pisang goreng dan mendoan, serta beberapa macam jenang. Variasi minuman juga banyak, dari kopi, teh, jus serta minuman rempah. Ruangan makan terbagi dua, area non smoking dan smoking. Jangan lewatkan ke Pawon Mbah Gito jika Anda berkunjung ke Jogja... ??"
5,2025-06-03T03:15:40.780Z,rina yulianti,"Menunya enak byk varian murah meriah
Makan seabrek abrek ga nguras kantong ??"
5,2025-06-03T00:45:57.357Z,Dewi Damayanti,"Enak bgt suasananya, adem, berasa di suasana yogya tempo doeloe dgn makanan rumahan yg rasanya jg enak"
5,2025-06-02T15:44:38.546Z,Putra Sudaryanto,"Menyajikan makanan Jawa otentik yang lezat dan terjangkau. Tersedia  juga berbagai pilihan minuman.

Pelayan sangat ramah.

Tempatnya nyaman di tengah sawah, sejuk, dan memiliki pemandangan yang indah sambil melihat burung-burung kecil mencuri padi. Sangat cocok untuk liburan bersama teman atau keluarga.

Plusnya. Lokasi sangat dekat dengan tempat ibadah"
5,2025-06-02T06:02:06.084Z,desie widyanti,"Pertama kali kesini tgl 1 Juni 2025, rasanya mirip kopi nako di bogor. Tapi ini lebih sedikit sedep masakannya. Tempatnya bagus pemandangan disawah, dan pastinya bersih. Pas kesini sarapan jam 7 aja udah rame. Klo ke Jogja wajib sih buat makan disini"
5,2025-06-01T15:14:11.748Z,Dwi Puspita,"Menu makannya ramesan, byk pilihan, rasa nya kurang asin untukku, saran utk nama menu bisa di buat di depan wajan2nya, jd gausah nanya2 ke pramusaji"
5,2025-06-01T08:59:02.552Z,Widianti Hanum,"Ngga sempet ngefoto makanan, overall good smua dari makanan, tempat, pelayanan, suasana. Harga juga so so ga yg mahal cocok buat makan keluarga ????"
5,2025-06-01T04:50:47.122Z,Rendy Armanto,"Tempat makan yang cocok untuk menikmati menu tradisional indonesia khususnya jawa.
Harganya gak terlalu mahal dan suasanya juga adem di dekat pesawahan"
5,2025-06-01T03:12:47.578Z,Lutfi Destian,enak
5,2025-05-31T10:16:21.080Z,RatihS,"makanan enak suasana enak sayang jauh, kalo deket mungkin bakalan sering kesini"
5,2025-05-31T09:34:29.114Z,Mang 0ewu,"Lama kgak kemari, dah 2 tahunan yang lalu mungkin.. Bangunan limasan yang selatan&kandang burung emprit nya belum/baru dibangun.. Sekarang sudah full booked, cuma parkiran sisi utara masih enten²an alias gantian sama yang mau keluar. Semoga sawah depannya parkiran dibeli biar kobet le parkir????????"
5,2025-05-31T04:42:21.620Z,Tamara Berry,"Restoran yang sangat bagus dengan makanan enak juga.
Mereka memiliki staf yang sangat ramah
Pemandangan bagus
Suasana yang bagus
Tempatnya terlihat kecil dari luar tetapi di dalamnya sangat besar, terdapat kolam ikan dan juga beberapa hewan ternak.
Layak untuk dicoba!
Selamat menikmati Jogja
Selamat menikmati Indonesia????"
4,2025-05-30T04:30:12.938Z,Warsito Jati,"Makanan enak, tempat nyaman, parkir luas. Semuanya pas kecuali harganya yang agak sedikit mahal dibanding tempat makan serupa di jogja"
5,2025-05-30T04:28:49.064Z,Fawzah Ramadhan,Pemandangan bagus untuk mengambil tempat
5,2025-05-30T04:04:45.231Z,Shendy,"Parkir mobil luas. Tempat bersih. Antrian rapi. Pilihan makanan banyak. Tempat duduk banyak, ada merak, kolam ikan. Overall good"
5,2025-05-29T07:18:11.969Z,Sri Rahayu,"Pawon Mbah Gito  yah kalian wajib kesini ya, tempatnya luas, udara sejuk, makanannya lezat n komplit... Mak Nyusss dah"
5,2025-05-28T20:39:32.729Z,Yudhi moko,"Berkunjung kesini
Pawon Mbah Gito

Di sekitaran Jl Kaliurang
Dusun Mendiro

Tempat luas
Banyak menu di sana
Parkiran mobil juga luas

Terima kasih Pawon Mbah Gito
Semoga semua selalu sehat"
5,2025-05-28T13:48:48.419Z,Jessita,"Tempat luas sekali makanan enak enak, cuma diajak kesini baru tahu sini jadi kepingin kesini lagi"
5,2025-05-28T05:19:36.072Z,Anggarwati Anggarwati,"Luas banget tempatnya, jgn kawatir ga dapet tempat duduk, pilihan makan banyak, rasanya lumayan, musolanya bagussss, tempat wudu juga dipisah"
5,2025-05-27T13:52:55.560Z,Dian Ratri,"Meski orangnya dari Jogja, tapi kalau main ke sini suasananya masih asik banget. Apalagi sepulang kerja, nongkrong disini asik dan tenang banget. Bisa ngobrol leluasa karena tempatnya luas, untuk makanannya juga lengkap khas makanan jawa rumahan. Untuk snack dan minumannya juga bisa dicoba. Untuk harga standar resto untuk liburan terbilang murah tapi juga tidak mahal (100-150K untuk 2 orang). Saya tidak pernah bosan bermain di sini karena suasananya seperti bermain di rumah kakek dan nenek saya. Bagi yang penat karena pekerjaan bisa bersantai dulu disini dan melupakan permasalahannya.

Oiya dilengkapi dengan mushola yang luas dan sangat nyaman. Pokoknya ademmmmm ayemm bener juga kalau kesini."
5,2025-05-27T08:01:20.414Z,wachid hidayat,Besar
5,2025-05-27T06:27:23.749Z,Ayu Andika,"Pertama kali diajak temen makan siang di sini dan langsung suka banget sama tempat ini.
Lokasinya masuk ke dalam gang gitu tapi mudah diakses kok. Lahan parkirnya luasss dan ada tukang parkir yang mengarahkan, jadi gak perlu khawatir.
Pelayanannya juga juara banget sih, helpful dan ramah. Ketika kita baru datang, bakal ditanya untuk berapa orang, nanti pelayannya yg akan carikan meja buat kita. Jadi gak bingung harus cari2 meja sendiri.
Makanannya juga beraneka ragam, rada pricy pastinya, tapi worth it kok sama rasa dan ambience tempat ini. Masakannya nggak yang cuma asal jadi aja, tapi rasanya juga enak. Comfort food ala2 desa.
Ada kamar mandi dan mushola yang bersih serta nyaman.
Tempat makan yang recommended sih ini."
5,2025-05-26T13:34:21.995Z,Dyah Dhani,"Suka bangettt kalau malam malam bersama keluarga ke Pawon Mbah Gito.
Ini best resto family friendly
Wajib cobain mie lethek godog dan goreng, mie letheknya enak, lembut, gluten free, kaldunya enakk banget, anget di perut, buat anak anak bisa pesan sop/cake juga ada
Minumannya ada yang ice blend sampe per rempah2an kayak wedang Uti atau wedang Gito andalan uti2 dan kakung2??
Best view
Mushola bagus
Toilet bersih
Parkiran luasss
Debest"
5,2025-05-26T09:14:24.405Z,Sinta Dian,Enak bgt
4,2025-05-25T22:15:43.854Z,D GW,"Patut dikunjungi, masakan ok"
5,2025-05-25T11:31:41.013Z,nurfala rusdiana,"Dari depan keliatan kecil, setelah masuk wawwwww
Luas kebelakang...
Banyak hewan juga, pas ini bisa makan sekalian untuk wisata anak

Kesana pas jam dzuhur, mushola nya masyaallah bagusss, wangi, bersihhhh ??
Untuk makanannya enakkkk, suami dan anak okeee. Banyak pilihan...
Gak cuma sayur ndeso gt aja. Bisa jd pilihan kalau gak ke warung sebelah"
5,2025-05-25T03:32:20.857Z,Iin Indhah,"Tempat nyaman, bersih, parkir luas, semua pegawai ramah, cocok untuk makan bersama teman dan keluarga."
5,2025-05-24T23:06:17.532Z,Mpok Dipa,"Wah setiap kali ke Jogya, pasti ngga lupa ke sini. 2 kali sehari pernah, sarapan dan makan siang. Pagi ini, 25 Mei 2025 kami mau sarapan di sana, menunggu 1 jam lagi rasanya koq lama he he he. Tahu pawon mbah Gito dari anak saya yg dulu merantau, sekolah di MAN 2 Jogya. Hingga sekarang jadi salah 1 tempat fav sarapan kami. Sukses teruuuuuus."
4,2025-05-24T06:20:47.887Z,ARRAFI AF,"Suasananya nyaman, tempat nya nyaman banyak pohon dan teduh. Harga makanan nya cukup murah namun beberapa hal yang harus diperbaiki seperti rasa telur goreng crispy yang menurut saya hambar dan hanya terasa minyak, sambelnya yg ngga ada pedes pedesnya, lalu rasa es jeruk nya yg sedikit ada pahitnya, mungkin karna memeras jeruknya terlalu kuat sehingga rasa kulit jeruknya ikut dalam es jeruk. Terimakasih sajiannya yang memuaskan"
5,2025-05-24T03:54:03.610Z,Muhammad Bahrudin,"Yuk, sarapan di resto family friendly dengan nuansa tepi sawah ini! ????????

Namanya Pawon Mbah Gito. Beneran di tepi sawah. Ke arah Jogja sebelah utara sana. Kalau lewat Jalan Kaliurang, masih di kilometer belasan sebelum belok kanan menuju persawahan. Posisinya beneran di tepi sawah.

Biasanya kalau musim libur sudah ramai dari pagi. Karena memang bukanya dari jam 7 pagi. Pas banget buat yang cari sarapan bareng keluarga. Menunya prasmanan aneka lauk dan sayur. Dijamin bikin laper mata pingin ambil semua, tapi piring sudah penuh. Hehe. Ada aneka jenang buat menu pembuka. Kopi? Adaa... Wedangan? Readyyy...

Harga juga affordable...

Pokoknya, pilihan tepat kalau ke @pawonmbahgito mau sarapan menu rumahan dengan nuansa persawahan yang syahdu, ditemani semilir angin dan gemericik air... ??????

??PAWON MBAH GITO (@pawonmbahgito)
7CR8+C7X, Jl. Pasir Luhur, RT.003/RW.026, Area Sawah, Sukoharjo, Kec. Ngaglik, Kabupaten Sleman, Daerah Istimewa Yogyakarta 55581"
5,2025-05-22T09:02:16.341Z,Alfath,"puas karena sesuai ekspetasi, mulai dari rasa makanan yang nikmat, pelayanan yang ramah dan cukup cepat, suasana yang nyaman dan adem di siang hari dengan pemandangan sawah hijau, dan tentunya harga nya yang terjangkau.

dateng di siang hari, walaupun cukup antri untuk ambil makanan nya tapi terhitung cepat, menu yang disajikan juga cukup lengkap. ga nyesel untuk dateng lagi pokoknya ????"
5,2025-05-22T05:58:51.079Z,Agnes Pinnar,Makan prasmanan dengan masakan2 kampung yang punya cita rasa asli masakan simbah2 kita dulu.
5,2025-05-21T23:29:03.325Z,nurul fatimah,Kesini karena kopi klotok penuh banget. Ternyataaa dsini juga cukup antri tp tak masalah karena pilihan makanannya buanyak banget. Tempatnya luasss ada indoor dan outdoor. Terdapat mushola yang luas dan toilet bersih. Dan ada pisang goreng serts bubur jenang yg ga kalah enak
5,2025-05-21T13:39:58.308Z,yulia pratiwi,Tempat nya unik. Kayu2 model lama. Vintage. Mie nya enak. Makan enak dpt spot foto pula. Tp kl hari libur antrinya pollll
5,2025-05-19T20:29:11.460Z,yose rizal,Pas ujan...mie godok di pawon mba gito...passsss....panas pedes
5,2025-05-19T15:17:27.939Z,Hari k,"Pengalaman pertama makan disini, overall iya fine"
5,2025-05-19T12:24:30.249Z,Vavaa,"Kerenn salah satu tempat makan ternyaman dan terenakk...
Udah 2x makan di sini, pelayanannya sangat enak dan sat set..
Lokasinya emang lumayan masuk ke dalam, tapi masih gampang diakses pake maps.. Tempatnya sangat luas dan bervariasi, ada joglo, ada vip, ada outdoor dan indoor..
Menu makanan khas masakan rumahan, masakan jawa, variasi sayur dan lauknya banyak, dan rasanya enak sangat ramah di lidah.
Ada aneka jenang juga (kalo masih ada) dan ada juga slice cake di etalasenya yang cocok buat dessert dan manis².

Sistematika pengambilan :
Pas masuk di pintu utama udah ada pegawai yg mengatur nomor meja, jadi udah dipilihin mana meja yg kosong..
Setelah itu antri ambil makanannya (sistemnnya prasmanan). Kalau sudah ambil makanan nanti pegawai akan tulis menu sesuai yang kita ambil dan pesan minum. Setelah itu baru cari nomor meja yang dikasih sama pegawainya.
Sistem pembayaran ada di akhir ya guys dengan menyebutkan nomor meja, sayangnya kemarin tidak bisa QRIS tapi masih bisa transfer (aman buat si paling cashless)

Segitu dulu review dari aku ya guys, semoga bermanfaat!!
KALIAN WAJIB COBA!!??"
5,2025-05-19T06:37:08.422Z,Mery Wijayaaa,Makanannya enak
5,2025-05-19T03:32:36.339Z,Amanda Puspita,"Begitu sampe, liat parkiran penuh, kirain bakal antri. Ternyata tempatnya super luas jadi bisa langsung dapet meja.
Yang disajikan makanan jawa rumahan yang bisa diambil secara prasmanan diawal begitu datang. Menunya sangat bervariasi, bikin kalap pengen ambil semua.
Seporsi nasi putih + 2 macem sayur 12ribu, nasi merah + 2 macem sayur 14ribu (cmiiw).
Minumannya juga bervariasi, dari tradisional sd kopi2an pun ada. Harga rata2 diatas 20ribuan.
Harga bersaing, apalagi untuk para wisatawan-wisatawan.
Tempatnya luas, bawa rombongan juga bisa.
Anak2 pun akan senang karena ada kolam ikan, bebek, bisa nyemplung di parit yang airnya jernih ??"
5,2025-05-19T02:25:24.519Z,Adi Setiadi,"Tempat untuk membeli suasana.
Jika makanannya cukup enak.
Ada wedang mbah gito dan mbah uti. Perbedaannya terletak pada gulanya."
4,2025-05-18T23:00:14.536Z,Sugiharto Gito,"Makanan dan minuman standar, pelayanan OK"
5,2025-05-17T14:38:41.657Z,Elysa Kelana Putri,"Tempat makan yg sedang hits di Kaliurang, terdapat berbagai jenis macam makanan khas rumah rasanya enak dan harganya murah, tempatnya luas dengan pemandangan sawah serta tempat duduk banyak jadi tidak perlu mengantre lama"
5,2025-05-17T13:38:39.560Z,frendy ri,"Lokasi : mudah ditemukan melalui google maps, walaupun masuk gang dan jalan tidak lebar tapi bagus jalannya.

Parkir : tersedia cukup luas, bila penuh akan dicarikan tempat oleh petugas parkirnya

Makanan : menu masakan rumahan dengan rasa yang cocok di lidah saya, enak, waktu kesini saya makan mangut dan lauk tahu. Banyak pilihan menunya jadi mungkin agak bingung waktu milihnya.
Alur makannya :
- waktu pertama kali mau masuk area makannya akan ada petugas yang menanyakan berapa orang dan atas nama siapa, lalau diberikan no. Meja yang sudah dipilihkan petugas.
- antri ambil makanan, mulai dari nasi, sayur, dan terakhir lauk
- berhenti di kasir, dan kasir akan mencatat makanan kita dan menanyakan pesan minum apa dan atas nama siapa.
- kita makan di meja yang nomornya sudah diberikan petugas tadi.

Terdapat banyak tempat makan, ada di dalam ruangan, serta luar ruangan, dengan view sawah.
Toilet juga pasti tersedia, bersih juga, hanya toilet yang dibelakang agak sempit y, jadi kalau mau masuk / keluar agak tricky.
Tapi overall tempat ini layak saya rekomendasikan bila ingin menikmati masakan khas rumahan jawa dengan tempat makan yang ala restoran.
Mungkin sedikit catatan bila sedang ramai, antri makanan dan antri mejanya cukup menguji kesabaran, jadi kalau mau datang pagi sekalian biar cepat datang dan cepat pulang."
5,2025-05-17T00:54:27.195Z,Pao Darpinjr,"Kadang 3hari sekali kesini ,

Ran Ty"
5,2025-05-16T11:20:11.323Z,Budie Altis,Bagus
3,2025-05-16T00:12:58.274Z,Mister90,"Makanan banyak variasinya. Harga standar. Cm mau bungkus makan buat driver saya kata petugasnya ga blh dibawa pulang. Jd ga enak suasana makannya, kepikiran sopir blm makan."
5,2025-05-15T22:53:18.974Z,r dp,Besar
5,2025-05-15T07:40:06.664Z,stywn rizal,Rekomendasi
5,2025-05-15T06:47:26.612Z,Jhon Lois,"Makannya enak, apalagi soto dan sate kerang nya. Pelayanannya juga Oke, pokoknya gak menyesal untuk datang kesini"
4,2025-05-13T08:33:21.095Z,gadis 785,"Suka banget sama menu makanan di pawon mbah Gito, tempatnya pun nyaman dan cocok untuk bawa keluarga atau berkumpul bersama teman.

MUSHOLLA dan kamar mandinya bersih.
Ada kolam ikan dan juga kandang burung yang menarik untuk anak2

Parkiran luas, hanya jalan masuk menuju ke lokasi harus hati2 jika papasan dengan mobil lainnya karena jalanan agak sempit dan kurang bagus.

Sudah 3-4 tahun sering makan disini, dari mulai tempatnya kecil dan luas seperti sekarang.

Tapi sayangnya harganya sudah cenderung mahal, terutama es teh yang sekarang 10 ribu dan teh manis hangat yang 11 ribu.

Mungkin bisa dikaji lagi untuk harga menu2nya agar relevan dan proporsional,. Kalau dari sudut pandang customer,. Menurut saya harganya masih agak kemahalan untuk es teh dan teh manis hangat.

Tapi saya support dan doakan pawon mbah Gito makin sukses dan terus sustain ke depannya ??"
4,2025-05-12T23:35:55.132Z,Robitho Hamdani,Pilihan menu makanan tradisional dengan rasa mantab dan konsep tempat makan yang menarik
2,2025-05-12T09:10:11.711Z,Yohanes Tito,"Rasa lodeh nya sudah berubah, dan kurang ada rasanya. Es dawet nya juga kurang enak."
5,2025-05-12T01:35:15.732Z,Budi Harsono,"Rumah makan dengan suasana di tengah persawahan.
Masakan rumahan tradisional yang lezat."
4,2025-05-10T11:06:54.661Z,Prima Indah,"Pelayanannya sangat baik terutama pada orang disabilitas,pelayannya ramah ramah dan juga sangat membantu bagi orang yang kesulitan"
5,2025-05-09T08:49:41.339Z,Meifa A,"tempat luas, parkiran luas,
penuh kalau weekend
pelayanan oke"
5,2025-05-08T07:47:56.178Z,Farre novridas,"Overall oke, estetis, makanannya juga enak, minumannya lama sampainya, tapi toiletnya cuma 1 jadi gak ada sipp. Masjidnya cukup besar"
5,2025-05-08T01:43:24.405Z,Andy Kusnandar,Puas banget makan disini. Masuk parkir lmyan luas. Diterima oleh karyawan menanyakan berapa orang. Dan mau diarea smoking atau non smoking.  Kemudian dikasi nomer meja. Masuk ambil piring dan nasi serta lauk. Baru lapor ke kasir (bayar nanti) dan pesan minuman. Utk rasa masakan semua sedap. Rasa minuman juga enak semua. Hanya bubur yg kurang (ini menurut saya. Selera beda2).  Area makan luas. Kebetulan jogja pas panas. Jadi suasana agak gerah. Nah masuk ke harga.. Secara harga mungkin akan berasa pricey dibanding tempat makan prasmanan yg lain. Apalagi kalo dibandingkan dengan tempat makan prasmanan yg bukan jual tempat (tempat biasa saja). Tapi gak papa kalo sesekali kesini.
1,2025-05-07T10:00:57.113Z,Thohiroh Diniyah,"Pertama kali kesana, mie godog, ayamnya terasa sudah mau busuk. Dan diiyakan dari pihak dapur kalo ayamnya SDH mau busuk
Bakwan goreng rasanya SDH kecut.
Kecewa deh
Gak gak lagi"
1,2025-05-07T07:42:43.747Z,Mujiyanto Rendra,"Bagi para pengantar  atau dreper gak enak. Kpi atau teh secangkir aja gak di tawarin kasihan. Iya kalau tamunya ajak minum apa makn kalau gak . Saya lihat banyak dreper yg pada dekat mobil nunggu tamunnya. Tak ada belas kasihan dari pihak rumah mknnya.
Sopit itu di tawari teh aja udah seneng dan pasti doakan yg baik."
5,2025-05-06T01:15:15.754Z,Ikrar Persada B. Tjaru,"Harga lumayan, rasa enak, pilihan beragam krena prasmanan, untuk kursi klo pas lagi terik dan tidak ada angin cukup panas.. ada ruangan ber AC tp sy tidak tau syaratnya untuk diarahin keruangan ac.. saya dlu tdk sengaja dipilihkan ac sama frontdesknya krena bawa bayi.. ada meja smoking dan non smoke tp krena tipe joglo bagian non smoking kadang ada aja kecium aroma rokok tergantung angin membawa kemana + warga kita yg bawa vape kdang sembunyi2 sebat sesekali di ruang non smoke krena bareng pacar/istrinya kali"
5,2025-05-05T07:37:05.654Z,Sri Wahyuni,Semua makanan enak..
5,2025-05-05T07:17:50.752Z,DD ALL official,Nyaman pwoolll ??
5,2025-05-04T23:46:00.331Z,Wijaya Jati,"Tempat makan dg suasana tradisional dan klasik, meskipun lokasi agak masuk ke dalam dari jalan raya, tempat sangat luas,area parkir cukup luas, menu banyak dan variatif, sistem prasmanan, rasanya enak,harga standar, tersedia musholla dan toilet, Free Wifi, sistem antrian sudah bagus,didepan Sudah ditanya brp org dan lgsg diksh nomer meja, baru antri ambil nasi dan lauk, saat ramai jg bisa di tangani dg baik,
Sarannya cuma 1:
Tolong di sediakan aplikasi QRIS.
Terimakasih ??"
5,2025-05-04T10:56:33.073Z,Querra Marpaung,"Cocok buat kumpul dengan keluarga spot foto2 dengan suasana sawah...
Makanan suasana desa..prasmanan asri suasananya...."
4,2025-05-04T04:41:49.704Z,Emma Santie,Berkunjung pas weekend jd sangat ramai.tp pelayanan cepat jg.makanan minuman 7.5/10.
4,2025-05-03T16:03:02.512Z,Davie,"Lokasi JL. Kaliurang,
Akses nya juga mudah,
Area parkiran lumayan luas,
Tempat bersih nyaman dengan suasana desa dan sawah,
Makanan bnyak menu varian nya,,
Disini.... Pengunjung harus mendapat tempat duduk dahulu.. Sebelum ambil makanan..
Rasa nya juga enak..
Pelayanan nya juga bagus...
Suasananya seperti di desa dengan konsep pesawahan...
Toilet bersih.
Ada musholla juga.."
5,2025-05-03T03:25:19.091Z,Anwar Nugraha,"makananya banyak pilihan, rasanya enak, suasanya sejuk area persawahan dan suasana bersih, staffnya pun ramah2, cocok di jadikan destinasi kuliner liburan di yogyakarta"
5,2025-05-01T13:20:19.804Z,VN,malam lebih indah??
3,2025-05-01T10:02:55.494Z,antyra,"pernah kesini pagi dan sore. sarapan pagi waktu itu menunya masih lengkap dan banyak. terus, coba kesini lagi sore hari ternyata lauknya pas udah dikit dan nasi nya udah mau habis. kirain bakalan di refil terus gitu untuk makanan lauknya, ternyata pas nanya ke kasir udah ngga bakal di isi lagi wkwk, agak zonk ternyata kalau makan disini bawa orangtua pas sore ?? niat mau makan kayak di klotok taunya prefer kalau ke sini pagi-siang hari aja.

sebenernya ini buka sampe malem, cuman untuk makanan/lauk prasmanannya ga masak sampe sore. ada menu lainnya sebenernya, kayak ayam goreng, bakmi godog, dsb. tapi waktu tunggu untuk pesen menu makanan yg lain ternyata agak lama, pesan ayam goreng keluarnya nunggu sekitar 10 menit lebih, ga cepet ??

untuk pelayanannya lumayan oke, karna dateng ditanyain dulu dan udah langsung di kasih tau duduk di meja berapa.

saran ke depannya mungkin kalau buka sampe malem, lauknya bisa dibuat refil sampe sore/malem di jam tertentu aja. atau bisa dikasih tau kalau menu prasmanannya udah ga refil lagi."
5,2025-05-01T05:10:49.479Z,Julia Christina,"Menu minuman, lauk dan sayurnya banyak, tempatnya luas banyak tanaman jg."
5,2025-04-30T13:53:18.681Z,anjas herlangga,"Makanan enak dan menu pilihan banyak
Harga makanan lumayan mahal
Suasa syahdu, cuma kami kemarin kesana waktu siang sangat panass saran aja perbanyak kipas"
2,2025-04-29T10:05:51.966Z,Rahaditya Yonasadewa,"makanan enak, suasana enak tapi harus bayar cash,.. ga bisa debit, ga bisa Qris. untuk resto besar dan harga middle up seperti ini harus bayar cash itu sangat mengganggu, saya harus pinjem duit cash dulu ke temen untuk bayar dan kasirnya wara wiri nyari kembalian trus saat dikomplain bilang,.. akan segera kami ajukan merchant,.. ow pliisss itu sehari jadi kok, hari giniii,.. bikin males balik lagi"
5,2025-04-28T19:07:17.162Z,Rudito Utomo,"Makanan paling enak di daerah jalan kaliurang, dari beberapa pilihan resto/ tempat makan. Disini paling rekomend"
5,2025-04-27T14:59:15.483Z,Harinya Aburijal (Aburijal),"Sudah ketiga kalinya ketempat ini, tetap saja akan menemukan sensasi yang berbeda, entah itu menu barunya, suasananya, dan tak akan pernah merasa bosan atau kapok untuk datang dan datang lagi"
5,2025-04-27T00:46:51.323Z,guntur tjahjana,"Makanan cukup enak , pelayanan sangat bagus dan sopan dg suasana yg sejuk di tengah sawah"
5,2025-04-26T10:45:27.224Z,Mitha Fitriyanto,Pawon mbah gito menyediakan makanan rumahan dengan rasa yg khas serta fasilitas yg disediakan membuat pengunjung nyaman. Rasa masakannya enak banget. Mendoan serta pisang gorengnya mantap . Sangat rekomen buat keluarga yg ingin makan bersama disini. Fasilitas mushola tersedia disini.
5,2025-04-26T06:03:48.845Z,siswanto s. hadi wiyono,Lumayan...konsepnya kyk kopi klotok
5,2025-04-25T09:41:33.848Z,Slamet Rianto,Kesini
5,2025-04-25T04:45:20.631Z,Ganjar Harista,banyak makanan
5,2025-04-24T15:02:13.058Z,Yulia Suanda,"Pengalaman makan dengan suasana sawah di sekeliling, nyaman, masakannya luar biasa lezat, minumannya juga unik, segar, tidak bisa ditemukan di tempat lain."
5,2025-04-23T07:20:41.463Z,Endah,Semua masakannya enak
5,2025-04-22T06:37:22.036Z,Wida Anfa,Suka suasananya??
5,2025-04-22T04:32:28.170Z,Salma Elfira,"GUYSSS PLIS KALO KE JOGJA HARUS KESINI YAAA !! ????? gak expect ternyata tempatnya se BAGUS itu?? definisi jogja feels like canggu gak bohong makan siang viewnya langsung ke sawah tuh beneran syahdu banget ?? makanannya juga enak konsepnya prasmanan gitu, menunya relatif terjangkau pokoknya jangan lupa kesini okkk"
5,2025-04-21T04:20:54.628Z,Deeses,"Tempat makan yang selalu ramai pengunjung dalam dan luar kota. Type makanan jawa yang disajikan buffet, ada juga yang ala carte.
Semua menu cocok untuk lidah saya, favoritnya mangut ikan manyung/pari, bihun goreng, oseng kikil.
Harga masuk akal, pelayanan cepat dan ramah².
Recommended"
5,2025-04-20T14:51:40.317Z,angga oktariaji,"Pelayanan sistematis dan cepat, makanannya enak enak, lingkungan nyaman, terdapat kolam ikan, dan kandang angsa yang membuat anak anak jadi senang. Recomended."
5,2025-04-18T13:28:05.755Z,puspita A,"Makanan nya masakan Jawa, rasanya enak, pelayanan cepat. Tempat duduk diatur dan sistem waiting list kalau penuh. Area makan sangat luas terdiri dari beberapa pendopo. Restoran nya jg bersih, rapi, view sawahnya cantik sekali. Sangat rekomen buat makan di sini. Parkiran jg cukup luas. Vibes nya adem khas rumah jawa. Harga masih terjangkau."
5,2025-04-18T10:19:50.493Z,Aradhana Indra Daniswara,"Pantes aja tempat ini terkenal banget, makananya luar biasa enak, padahal datengnya malam hari, wedang mbah gito jg mantap. Service jg ramah sekali. Tempat parkiran lumayan banyak. Recommend kesini kalau pagi hari biar keliatan pemandangannya"
5,2025-04-18T09:50:45.272Z,Amri Firdaus,"Makanam enak, harga relatif murah, suasana asri pinggir sawah"
4,2025-04-18T07:35:44.542Z,Pungky Budianto,"?makanan enak
?tempat nyaman
?kami ber 12 dapat room kemuning mkn kerena letaknya dibelakang jadi piring kotor tidak segera dibersihkan.
?selain itu karena kami berbanyak sudah minta untuk meja digabung, tetapi pelayan tidak segera kembali memberi kabar jadi kami berinisiatif menggabung meja,dan kami pikir itu meja dan kursi yang ringan bukan yang kayu berat ,  tetapi kami dihampiri setelah beberapa saat untuk mengembalikan meja seperti semula.

Tetapi makanan sangat enak ??"
4,2025-04-18T03:30:27.955Z,Aisha Nima,"Saya datang ke sini untuk berbuka puasa selama bulan Ramadhan. Itu sangat ramai dan antreannya cukup panjang, tapi makanannya sepadan. Ada banyak pilihan, dan rasanya mengingatkan saya pada masakan rumahan.

Satu hal yang sangat membuat saya prihatin adalah bebek/angsa yang dipelihara di kandang terbuka. Banyak anak yang melempari mereka dengan batu, dan sepertinya tidak ada pengawasan. Jika hewan-hewan tersebut tidak dapat dirawat dengan baik, mungkin lebih baik tidak memeliharanya atau setidaknya memberi mereka ruang yang lebih aman dan terlindungi."
5,2025-04-17T13:00:15.086Z,yunes sokle,"Tempat luas nyaman
Ada tapi nya..
""Petunjuk arah gak ada
Mana toilet
Mana mushola
Mana pintu keluar
Tidak ada tulisannya boloo.."
5,2025-04-16T14:09:39.392Z,Hendry Wibowo,Rekomendasi tempat nongkrong bareng teman atau keluarga. Berbagai pilihan makanan dan minuman. Suasana yang bagus. Makanannya rasanya enak.
5,2025-04-16T05:45:56.636Z,Romadhoni Winda K,"Makanan prasmanan enak, tidak perlu takut tidak dapat tempat, tempatnya sejuk, minuman bervariatif"
4,2025-04-15T07:56:40.346Z,Halimah Assa Diyah,"Udah ke dua kalinya dateng ke sini jujur pas pertama kali mungkin karena pas musim liburan jadi lumayan rame banget dan agak antri tapi tetep enak ,kok dan untuk ke 2 ,kalinya sehabis hujan dateng kesini suasananya beneran menenangkan dan sangat nyaman sekali. pelayananya juga baik wc dan musolahnya sangat bersih pelayanya juga sangat sigap dalam hal komplenan pokonya sangat puas?????????"
4,2025-04-13T07:46:33.902Z,Rahma Luthfi,"Salah satu restoran yang sering dituju kalau abis main di kaliurang. Letaknya tidak dipinggir jalan besar langsung, tempatnya cukup besar dan luas.
Waktu keluarga kami berkunjung, resto sedang rame tapi tidak sampai antri banget. Menunya disajikan ala prasmanan dengan beragam pilihan makanan rumahan yang bikin ngiler. Ada menu cemilan dan minuman yang bisa dipesan juga. Aku sampai lupa foto makanannya gara gara lapar.
Tempat parkir cukup luas, ada mushola juga, kamar mandi juga bersih. Overall good yaa ??"
4,2025-04-12T06:46:48.738Z,Bambang R Santoso,"Sabtu ,12 April 2025, jam 13:30 an
Suasana persawahan, sejuk ( kebetulan siang itu agak mendung) ,
Parkiran saat itu penuh & antri ,
Secara umum baik, ...
Cuma sayang lalat masih banyak ( saat itu kami di out door)"
5,2025-04-12T05:00:29.460Z,Sigit Antoni,"Konsep dan eksekusinya sempurna, cuma perlu upgrade metode pembayaran saja. Era saat ini, pembayaran cashless sudah mesti jadi kewajiban untuk disediakan. Dengan konsep dan eksekusi sebagus ini, sayangnya metode pembayaran hanya tersedia cash dan transfer."
4,2025-04-10T06:31:23.135Z,Indri Prasetya Wati,Makanan enak pilihannya banyak harga lumayan. Kids friendly ada no smoking area juga yg bikin nyaman tanpa asap rokok
5,2025-04-08T07:21:53.826Z,F Irvanto (Fahrul),"Makanan khas “ndeso” yang nikmat dengan berbagai variasi masakan prasmanan. Susasanaya juga adem, segar dan adem. Pemandangan sawah hijaunya membuat susana makan semakin otentik khas kampung. Pegawainya juga sangat ramah dan mau menjelaskan menunya satu-persatu. Minuman khas tradisionalnya juga mantap. Recommended untuk wisatawan yang mengunjungi kota Yogyakarta."
4,2025-04-08T04:23:05.394Z,Nata Bae Wis,Terlalu banyak
5,2025-04-06T14:33:44.169Z,Siti Wahyuni,"Tempat makan hidden gem yang terletak ke arah merapi, konsep nya makanan prasmanan dan rumahan, sebelah nya sawah2 gtu.

Sayur dan lauk nya banyak pilihan nya, dan tersedia cemilan2an juga kayak pisang goreng, singkong goreng dll.

Harga nya juga sangat murah dikantong, kalau nasi putih dan 3 jenis sayur cuma 14 k
Kalau nasi merah dan 3 jenis sayur cuma 15k.

Parkir nya luas, cuma sistem makan nya antri nya mengular dan setelah ambil makanan langsung dihitung dikasir."
2,2025-04-06T14:04:52.886Z,widiyals,"Hari ini kesana sekitar jam 2 tapi SOP pelayanan dari depan udah BAD bgt !!!
Tolong itu bagian reseption ditraining lagi dari sopan santun dan jangan hanya 1 org aja. Fasilitas tambah lagi..LETAK kursi tunggu untuk antrian masuk kalau rame di bagian sepanjang lorong bawah tanaman itu
Tolong diperbaiki sekali, apalagi kalau sikon rame karena after lebaran. Dan posisikan kalau nggak semua tamu itu paham kalau masuk harus antri buat dicariin tempat duduk. Harusnya ada pelayan lg yg ngarahin dg baik. Etis bilang "" selamat datang BPK/ibu/kakak maaf karena sdg ramai apa berkenan untuk antri menunggu dahulu biar kami Carikan tempat duduk untuk brp orang?""
Gitu kan bisaaaa.. kalau reseption repot bagian depan yg dalem ikut bantu (Utamakan yg lansia dan bawa balitaaaaaaa) Jangan cuma yg rombongan dan  sosialita aja atau yg udh reservasi. Tadi disana ribut ada yg reservasi tp orgnya lagi pergi. Kan aneh bgt. Harusnya tegaskan dr awal ke customer KLO udh booking ga boleh ditinggal dan harus ontime kalau 30menit TDK datang dan antrian banyak lempar ketemu lain.. gantian dianya suruh tunggu... Bukan malah tamu yg Bru Dateng jadi apes ga dapet layanan bagus ga ada tempat duduk. Tadi saya sama ada 1 rombongan lo yg nggak jadi masuk. Saya datang 3 orang (2 dewasa dan balita 1.5th) Saya udh berdiri ddpn reseption tp dikacangin, ga ada sambut atau bilang suruh antri, karena nggak ada kaya deretan antri, cuman kaya tamu sama reseption LG debat aja masalah tempat duduk, trs saya inisiatif masuk mau nanya ke pelayan lain yg di dalem malah reseption depan nyuruh saya keluar dg bilang gini
""maaf ibunya sudah ada di rombongan atau belum?""
Saya jawab ""saya nggak rombongan mba""
Terus dia bilang ""kalau belum silahkan antri dulu diluar Bu""
Dengan saya bawa balita disuruh tunggu dengan antrian itu tanpa ada kursi duduk tunggu tanpa ada sambutan yg ramah. Ditambah malah di pelototin sama karyawan cewe yg jaga pintu masuk bagian dalem. Ga pikir panjang saya lgsg pergi. Dulu saya ke Pawon mbah Gito awal sekali buka, tempatnya masih belum sekomplit skrg tp ramai tenang dan ga mengecewakan bahkan saya inget kayaknya ibu owner-nya ngefotoin saya sama suami saya. Saya dlu kesana waktu jaman pacaran. Skrg kecewa sekali. Ramai tp SOP pelayanan BAD bgt"
5,2025-04-06T09:11:10.792Z,majiera manuhara,"Tempat makan masakan khas jawa prasmanan yang macem2 jenisnya, selalu rame pas weekend, tempatnya luas namun tempat milih makanan lumayan agak kecil. Hidden gem di jalan kaliurang, kalau bosen sama kopi klotok bisa kesini"
5,2025-04-05T22:37:26.544Z,Muhamad Slamet,"Makan disini pokonya menu buanyak bisa pilih pilih sesuai selera...

Monggo mampir"
5,2025-04-05T11:17:31.289Z,Dian mufti,"Dateng kesini waktu libur lebaran, dikira bakal waiting list lama. Ternyata langsung dapat nomor meja.
Pelayanan nya gercep
Menu masakan banyak dan bervariasi
Rasa masakan nya oke, bumbu nya medok.
Fasilitasnya lengkap, ada mushola yg besar, dan toliet bersih."
1,2025-04-05T07:39:09.223Z,Muhammad Destrian Ramadhan,"tolong itu exhaust fan kitchen di taroh di tempat lain, masa anginnya di buang ke customer lagi antri, mana lagi masak sambel kali itu tadi, pedes semua mata sama idung"
5,2025-04-04T08:56:16.970Z,Mas Goen,Tempat yang bagus untuk menikmati makanan tradisional Jawa terletak di kampung dengan pemandangan sawah yang indah. Saya berharap mereka menambahkan beberapa menu anak-anak suatu hari nanti…
5,2025-04-03T05:46:22.506Z,budi gunawan,Mqkanannya enak semua rekomended deh
5,2025-03-29T22:28:06.820Z,Nur Anifah,"Suasan resto yg hommy bgt dgn suasana pedesaan yg asri
sawah yg ada di pinggir2 nya menambah kesan estetik
next kesini lagi"
5,2025-03-27T13:30:09.578Z,Rifai Asyhari,Mantap menunya
5,2025-03-27T07:53:26.425Z,I M,"Pegawai ramah,
Mushola lumayan bagus. Jjarang rumah makan memiliki fasilitas mushhola luas. Pemandangan indah. Makanan lengkap, makanan rumahan. Parkir lumayan luas. Gelas minuman porsi lebih besar dari rumah makan lain. Suasana syahdu"
4,2025-03-26T14:57:09.451Z,Ida Yunaida,"Nasimerah dihitung sendiri,  sayur di hitung sendiri, pidihil yg nasi putih dan sayur dihitung seporsi. Lauk ikan, sate, tempe,  Harga ibukota

Di sini enaknya buat cemilan dan nyante, utk makan besar, menu prasmanan di jam buka puasa cepet habis, saya pribadi kurang bisa cicip aneka masakan jawa yg judulnya adalah Pawon mbah (dapur nenek kakek)
aneka kopi bisa jd pilihan untuk ngobrol,
Seat banyak tersedia berbagai model di outdoor atau indoor"
5,2025-03-25T04:26:05.374Z,Rifki Hermawan,"Ini restaurant juara sih , untuk harga masih oke , tidak terlalu mahal, variasi makanannya banyak dan semua nya sangat enak , parkiran mobil luas , WC bersih , ada mesin kopi juga di dalam nya . Untuk yang mau ke jogja wajib kesini sih"
4,2025-03-23T04:32:43.500Z,dani eltanto,"Saat buka puasa atau berbuka pelayanan terkendali, good job buat pelayanannya.
Makanan dan minumannya enak, porsinya banyak. Untuk orang banyak dan makan berkelompok, saya akan merekomendasikan tempat ini."
5,2025-03-18T04:45:03.057Z,Lia zha_zie,"Mampir ke dapur Nenek Gito dan jangan lupa ikan asap dan ayam suir pedasnya, enak sekali
Untuk snacknya juga banyak pilihannya
Ada pisang goreng dan donat yang wajib kamu coba kalau kesini.
Kalau pagi masih lengkap sob"
5,2025-03-16T02:40:46.523Z,Achyar,Tempat nyaman nan asri untuk bercengkrama bersama keluarga atau kolega. Menunya beraneka macam dan cukup ramah di kantong.
5,2025-03-13T20:56:04.126Z,Hamas Alghifary,nyaman untuk makan bersama keluarga atau rombongan
5,2025-03-13T01:02:36.563Z,Andi Wicah,"Langganan semenjak buka
Sudah banyak teman yg sy rekomendasikan ke sini
Dan setiap meet up, selalu disini"
4,2025-03-07T00:46:59.696Z,Z- HayyN (zhayyn),"B aja padahal, tp next coba menu yang lain deh"
5,2025-03-06T12:03:55.402Z,Angela Naning Purwaningsih,Tempat yang bagus untuk makanan dan penyembuhan..
1,2025-03-03T14:08:18.523Z,Gunawan Wibisono,"Mohon diperbaiki lagi sistem parkir motornya.

Saya datang 3 maret, dg rsv meja nomer 6. Makanan, minuman, rasa so far okey lah... View juga bagus. Harga tak masalah juga.

Saya datang naik motor, cuaca bagus, saya meletakkan helm dg posisi lubang agak menghadap ke atas dan meletakkan jaket di motor. Ketika santap berbuka, hujan deras . Saya fikir helm dan jaket akan di letakan di tempat yg lebih aman atau dibungkus plastik, setelah saya mau pulang, saya mendapati helm dlm keadaan basah kuyup dan jaket juga.
Mohon untuk perbaikan ke depannya.

Terimakasih"
2,2025-03-02T12:33:04.645Z,Rani Nursyifa,"Ketiga kali nya kesini rasa pisang gorengnya gak seenak sebelumnya, minumannya ada yang kemanisan ada yang enggak manis, bahkan es jeruknya dapet yang pahit. Tapi untuk makanan beratnya termasuk enak dan murah untuk ukuran resto. Sayangnya service nya agak mengecewakan, saya sudah reservasi area non smoking dari h-5 karna mau bawa bayi, sudah di oke-in tapi pas dateng dikasih area smoking (baru tau pas udah mau selesai makan karna tbtb di meja sebelah ada yang ngerokok) akhirnya kita langsung pulang padahal makanan minuman belum habis. Pas pesen juga ada 1 minuman enggak dianter sampe 2x nanyain ke pegawainya baru dianter. Tempatnya sebenernya bagus, cuma tadi sumuk banget karena penuh orang"
5,2025-02-27T09:35:42.487Z,Ari Abu Iqlima,Alhamdulillah bisa mampir makan malam + ngopi
5,2025-02-27T03:20:39.698Z,Toyib Kusuma Jaya,"Banyak pilihan makanan.
Bayar sesuai dengan apa yang Anda makan
Pemandangannya menyenangkan, suasananya santai"
5,2025-02-26T11:30:14.418Z,Maudina Putri Bungsu,"Cocok untuk sarapan, tempat nya nyaman, banyak pilihan menu"
5,2025-02-24T11:23:21.130Z,Dharmala Sari,"Liburan ke jogja sambil kulineran, ketemu tempat makan kek depan sawah gitu, ga expect rasanya seenak ituuuu weylahhh, makan berdua habis 62rb aja, yaaa ga mahal ga murah jugaaa tapi enakkk banget dengan view seperti ini, plus kondisi habis hujan jadi syahdu plus dingin.."
5,2025-02-23T23:12:05.523Z,Luthfi Kurniadi,Lokasi ditengah pedesaan dan persawahan. Sangat nyaman utk makan bareng keluarga. Menu prasmanan masakan Jawa bervariasi. Design2 ruangan ala Jawa dan modern.... Sangat luas
5,2025-02-23T04:50:58.446Z,Arif Rismanto,"tmpat nyaman makanan enak dan tentunya pelayanan ramah

( dr bakule bakso ????)"
5,2025-02-22T10:51:54.353Z,Puteri Dwi Kusuma,"Lokasinya memang tidak dijalan besar, tapi mudah ditemukan. Tempatnya ramai, sebenarnya parkirannya sudah luas, tp Krn yg dtg mobil"" jadi keliatan kurang luas gt parkirannya...

Tmpnya beneran bagus, benar"" dipikirkan konsepnya. Mrk mengusung banyak tema, tergantung bangunannya.

Utk makan disana, kita gak bs pilih tmp duduk. Mereka akan menentukan berdasarkan jumlah orang.

Sistem pesannya. Kita ambil secara prasmanan. Bayarnya diakhir. Jd klo ditengah"" kitaau tambah lebih mudah, tinggal nyebutin nomer meja.

Sebenarnya ada menu selain prasmanan tapi menu itubtersedia dijam tertentu. Seperti, bakmi Jawa.

Mereka juga menyediakan side dish, seperti tempe mendoan, dll

Menu prasmanan lebih banyak hewani.

Tadi gak sempet foto makanan punya sendiri, keburu lapar wkkwkw.. Overall, semuanya enak dan ada rasanya ?

Review :
*Nasi merah :
Nasinya agak keras.
6.7/10?

*Sate ayam :
Rasanya berani bgt, tapi sayang ayamnya keras.
Rasa : 7.8/10?
Tekstur: 6/10?

*Ayam tongseng :
Ayamnya empuk, bumbu merasuk.
7.8/10?

*Oseng kikil :
Potongannya panjang, tidak ada bau yg mengganggu. Rasanya pun enak.
8/10?

*Jenang bulet"" (gtw namanya) :
Dia dari ubi. Enak manisnya pas. Tapi kurang cocok sama aku. Klo jenang coklat bulet aku lebih suka bahan utamanya telo.
7/10?

Selain itu mereka juga jual view yg menarik. Dengan pemandangan sawah yg luas. Dan ada banyak spot foto.

Untuk anak"", tenang aja banyak hewan yg sangat menarik perhatian anak.

Harganya juga masih ramah dikantong.

Gak sabar buat balik lagi dan mencoba menu lainnya ????

Please, PAWON MBAH GITO, makin jaya..enak semua. Makanannya, tempatnya pun oke banget ??"
5,2025-02-20T11:01:44.377Z,zaenal fahmi,Ini rumah makan yg paling top tempe gorengnya
2,2025-02-19T23:01:12.170Z,Maryamah Khairan,"kalo menurut saya harga makanan dengan rasa biasa aja untuk harga segitu termasuk mahal  ,,di sini hanya suasana aja yg enak karena view nya sawah² dan tmp nya luas untuk makanan nya tidak ."
3,2025-02-19T00:46:01.474Z,Jaka Gambyong,"Tempatnya sangat luas dan nyaman. Ada banyak pilihan makanan minuman khas pedesaan. Spertinya mbah Gito ini pendukung setia Palestina. Terlihat dgn bbrp simbol2, bahkan ada juga donasi utk Palestina di kasir, bahkan stafnya jg berseragam dgn atribut bendera Palestina. Semua sih oke2 aj, walau menrut sy, sebuah tempat utk publik sharusnya bersikap netral. Apalagi sebuah restoran, dimana banyak orang dgn berbagai latar belakang politis, kelas sosial yg beda2."
5,2025-02-18T11:42:43.381Z,Mey Fleeta,"Makanannyaa enak, suasana juga enak, pelayanan juga sat set.
Wort it sih kalo makan disini. Kalo mau  makan disini jangan terlalu sore datangnya,  kalo kesorean banyak yg sudah habis."
5,2025-02-16T23:22:11.767Z,Sigit Purnomo,"Ruameee bngt, untuk lokasinya luas banget, tapi makanannya kurang."
5,2025-02-15T05:52:41.024Z,Firza Ayubi,"Kalo kata orang2 alternatif kopi klotok. Namun menurut saya tidak harus menjadi alternatif, bisa dijadikan pilihan utama.

Untuk makanan sgt variatif, dg masakan2 jawa. Minuman jg macam2 serta cemilan jg byk. Ada bbrp jenang dan krupuk2. Overall nilan 8.5/10

Service sgt memuaskan. Manajemen antri jg sgt bagus, karena ada staff khusus utk membantu sistem antri. Bisa pesan ke pramusaji lgsg tanpa ke kasir, dan ttp dg sistem prasmanan.
Semua ramah dan helpful
Jadi tidak perlu takut di jam ramai karena semua sudah diatur dg baik.

Suasana adem dipinggir sawah, ada aliran kali yg bikin syahdu. Dan ada bbrp hewan merak dan angsa.
Konsep resto joglo dan area sgt luas sampe belakang.
Kamar mandi bersih, mushola luas."
5,2025-02-14T09:07:36.751Z,DIDIk RUDIYANTO,Top markotop????????
5,2025-02-13T09:55:06.304Z,Devi,"Tempatnya bagus bgt, luas. Pelayanannya oke ???? makanannya jg enak.. pertama kali kesini gak mengecewakan, yg lg ke jogja wajib kesini pokoknya"
5,2025-02-12T06:22:51.915Z,Julita Rahmania,Kalo liburan kejogja aku wajibin kesini. Selain ini enak banget . Tempatnya bagus buat foto foto. Buka dari jm 7 pagi .
5,2025-02-11T05:46:07.554Z,Cikolo Reum,"pendek, kompak, makan, kenyang"
4,2025-02-10T01:38:55.158Z,Sebayang Center,Masih terus berbenah dan menjadi tempat asyik menikmati kuliner di Jogya. Suasana pedesaan yang ditata lebih rapi.
5,2025-02-09T08:10:43.938Z,Kintan Kinasih,"Selalu jadi tempat favorit ajak keluarga dan teman makan disini. Makanan dan kopinya selalu enak..tempat nyaman sekali buat kumpul keluarga. Kalo ga mau terlalu rame, better kesininya pas weekday..hihihi"
3,2025-02-09T08:05:21.014Z,De Ju,"Banyak menu,bingung mo pilih mana ????"
5,2025-02-09T07:26:03.718Z,Choy Tehnik,Besar
5,2025-02-09T04:49:08.869Z,Ahmad Hafiz Nasution,"Suasana dan makanan nya enak.
Recommended."
5,2025-02-09T04:37:33.923Z,Qowi Azmi,Tempat Makan Dengan Masakan Khas Desa.
5,2025-02-08T14:42:08.257Z,rudy prasetyo purwidiyanto,murah banget
5,2025-02-08T11:12:05.250Z,Mochammad Sumanjaya,Bagus
2,2025-02-08T08:20:50.014Z,Bodoamat Terserah,Saya rasa makanannya biasa saja. Kurang menendang... kalau lokasi bagus. Harus rela antri di jam makan siang.
5,2025-02-08T07:47:13.654Z,eky pratowo,"Alhamdulillah makanannya enak, saya coba sayur singkong, dadar kriwil dan tumis usus."
5,2025-02-07T05:01:53.272Z,Muhammad Drajad Kuncoro Aji,enak makanan nya
4,2025-02-07T03:52:50.626Z,Setya Kurniawan,Pengalaman saya sangat menyenangkan bisa makan di sini
5,2025-02-05T11:46:11.741Z,Tassia Laksmita,"Datang kesini jam 7.30 pagi ketika long week end, masih belum terlalu penuh. Tapi jam 8an sudah mulai antri panjang.

Makanannya prasmanan, tapi kalo terlalu pagi sepertinya belum lengkap. Rekomendasi makanan dan minuman : mangut mayung dan wedang mbah uti. Kemarin order pisang goreng juga, rasanya lumayan ok walaupun kurang manis sedikit.

Tempatnya enak dan lumayan luas. Viewnya sawah dan ada beberapa binatang seperti ikan, angsa dan merak.

Makan bertiga habis sekitar 140.000."
5,2025-02-05T11:33:26.478Z,marialia meilasari,"Saya suka makanannya
Saya suka suasananya
Saya suka layanannya
Hebat!
Direkomendasikan!"
5,2025-02-05T09:30:59.016Z,Promen,"Makanannya enak, makanan khas Jogjakarta mulai dari mangut, lodeh, bacem, dll, cuma sambal ijonya biasa aja, pisang dan singkong gorengnya enak. Kalau minuman yang recommended wedang mbah Gito, campuran beberapa rempah-rempah seperti sereh, jahe, kayu manis, cengkeh, dan jeruk segar diseduh dengan gula batu/merah ditambah kolang-kaling, rasanya segar dan hangat, so refreshing.
Untuk harganya masih standar, tergantung menu yang dipesan, per orang antara 50k-75k untuk makan, minum, dan kudapan.
Tempatnya luas, ada sawah, kolam ikan, sungai kecil jernih, ramah anak dan ramah untuk pengguna kursi roda.
Layak dicoba bagi siapapun yang lg berkunjung ke Jogjakarta (Sleman)."
5,2025-02-04T07:04:02.123Z,Chumaeny Chumaeny,Ini yooo wuennak..
5,2025-02-03T16:24:37.117Z,Rabindra Surya,"?? suasana menyenangkan dekat sawah, syahdu
?? bersih dan spacing cukup lega
?? bakmi jawa rasanya oke
?? musholla bersih dan luas

tempat parkirnya sayangnya agak terbatas"
5,2025-02-02T02:04:01.703Z,Mads budiantoro,Makanan dan suasana enak
4,2025-01-30T05:46:16.069Z,Agung Prawira,"alternatif Kopi klotok yang ramenya sama saja, di sarankan untuk datang lebih pagi mereka buka jam 7 pagi, di atas jam 9 sudah rame dan antri sekali. mereka punya banyak tempat dan luas dengan sajian makanan menu khas masakan jawa.

dengan interior dan arsitektur joglo kental dengan budaya jawa dan tentunya dengan pemandangan sawah. untuk makanan mereka banyak menu dengan konsep prasmanan pedesaan selain itu ada juga dimsum, pisang bakar, roti bakar, pisang goreng, dawet dengan harga yang masing terjangkau."
5,2025-01-30T04:38:17.246Z,kaaai,"Pawon Mbah gito bisa menjadi salah satu pilihan tempat makan bersama keluarga.
Tempat dan suasananya nyaman, namun jika datang kesini saat liburan akan sangat mengantri.

Menu makanannya banyak pilihan dan beberapa makanan juga aman untuk anak-anak."
4,2025-01-30T01:49:22.766Z,Kirana Dipta,"Masakannya lengkap dan enak, pelayanan minum cepat, tempat bersih, dan luas, cuman kalau pas liburan jd kurang nyaman karena rame sekali, pembayaran tidak bisa qris sayangnya saat kemarin, fasilitas kayak musholla dan toilet bersih"
5,2025-01-29T17:13:40.636Z,Agung Hasanudin,Para pecinta kuliner ternama punya Jogya n Ndeso
5,2025-01-29T14:19:27.884Z,RaYoEr RaYoEr,"Tempatnya indah, asri, adem, bersih dan luas. Karyawan ramah, parkir bisa muat banyak mobil. Rasa masakan juga enak, banyak pilihan dan tidak mahal, sudah sesuai dengan apa yg kita dapat. Mantap"
5,2025-01-29T07:03:24.350Z,fiq taufiq,11 Januari 2025 lalu...
5,2025-01-28T22:54:45.231Z,Adhi Weecak,"Musim liburan antriannya parah, saya suka suasana dan makanannya, kalo rasa tergantung selera, dan ini kebetulan cocok dengan selera saya"
5,2025-01-28T22:02:03.180Z,Achmad Rizal,Pokoke cocok
3,2025-01-28T12:12:35.574Z,Mountainrange Indonesia,Biasanya aja. Cuma penasaran
5,2025-01-28T09:11:13.547Z,sisilia,"Kemarin datang kemalaman karena Mayan macet, Yogya sedang ramai.
Kami last order ??
mie godok nya yummi disaat hujan gerimis saat kami berkunjung, susu jahe nya juga mantaf .

Suasana asri, dan nyenengin.
Pelayanan juga OK.

Kapan2 insyaallah akan berkunjung lagii..."
5,2025-01-28T08:01:31.807Z,Saktya Ganes Saputra,"Ramai dan antri ketika musim liburan, tetapi sistem antrian sangat bagus ??
1. Antri mencari nomor meja, sudah ada petugas khusus yg mendata dan mencarikan meja, cukup menyebutkan atas nama dan jumlah rombongan, maka akan dicarikan meja sesuai jumlah
2. Setelah mendapat meja, lanjut antri mengambil makanan
3. Lanjut geser ke arah meja tukang order untuk mendata makanan apa yg kita ambil dan memesan minuman
4. Menuju meja kita
5. Membayar di akhir"
5,2025-01-28T06:01:14.083Z,edi siswanto,Atas
5,2025-01-28T05:41:10.477Z,Dwi Anggelita,"Nasi gorengnya porsi jumbo, pas bgt untuk kamu yang mau makan 1 kurang tapi kalo makan 2 kelebihan.

Pokoknya tempatnya bagus, luas dan nyaman untuk bersantai bersama keluarga."
4,2025-01-28T04:27:27.704Z,Jati Yuniasih,"Saat saya datang ramai sekali, saya harus mengantri makanan sampai 1 jam.. Makanannya lumayan enak"
4,2025-01-28T03:28:41.741Z,andewi,"Rasa masakannya b banget, tidak sesuai ekspektasi wkwk tempatnya nyaman, adem walopun ga ada ac. Harganya lumayan lebih mahak dibanding pawon-pawon tetangga wkwk Kesini pas longweekend dan waiting list tapi stafnya ramah banget dan super helpfull"
5,2025-01-28T01:46:12.340Z,Arif Mugiono,Saran Untuk hari libur/resto rame kasir ditambah karena sya perhatikan antrian panjang karena lama dalam transaksi pembayaran.
1,2025-01-27T11:59:53.801Z,Marlynnne Him,"Parah. Datang2 jauh. Sudah malam jam 18. Sampai sana hanya nasi, 6 macam sayur dan kerupuk. Kita kepalang sudah ambil nasi n sayur. Pas pesan lauk. ""Habis.gada lauk""
Uda tau abis, koq gada koordinasi dengan tukang parkir. Malah tadi kita disuruh nunggu satu stgh jam.
Akhirnya uda kepalang ambil nasi n sayur. Jadi disuruh bayar 49rb.
Ya uda dibungkus aja.
Tapi asli saya kesel banget. Parah banget pelayanannya. Ga sesuai dgn iklan di Ig."
5,2025-01-26T14:42:27.925Z,Syifarabbany,"??Yogya
First experience ku ke sini lgsng disambut dgn parkirannya yg penuh. Ya pasti rame sih kalo dateng jam makan siang.... Jd mungkin parkirannya di gedein lg ya...

Pas masuk disambut pelayanan yg bagus, jd nnti bookingin mejanya...trus di arahin... Gokilsih pelayanannya

Untuk tempatnya luas... Gede bngt... Meja kursinya banyak bngt.... Tempatnya asri dengan suasana per sawah sawahan, banyak spot buat foto foto

Untuk makanannya standar kek pawon pawon lain ya.... Tp soal rasa, mnrt gw ga se enak pawon2 lain, bukan ga enak tp kurang hmmm gurih/berbumbu aja....

Untuk harga standar kek pawon2 lain jg... Ga murah dan ga mahal...

Yasss cukup sekali aja.... Trimss"
2,2025-01-26T08:40:37.905Z,David Perdamaian Zega,"Ngantrriii lamaaaaaa betullll, yang ada asam lambung mati"
3,2025-01-25T12:45:46.856Z,Regina Tjiptoningrum,"Maaf saya beri bintang 3.  Saya tidak rekomended utk makan sore/malam di sini khusus ala carte. Terlalu lama. 1 jam lebih menunggu. Jam 18.15 order pisang goreng 1, wedang 3, bakmi godog 1, kwetiau goreng 1,nasi goreng 1. Jam 18.45 minuman datang. Jam 19.20 mie godog datang. Jam 19.35 nasi goreng datang. 19.42 kwetiau datang. Karna pisang goreng juga belum datang saya cancel. Makanannya enak. Hanya cara penyajiannya yg harus diperbaiki. Cemilan seharusnya disajikan diawal biar pembeli tidak jenuh menunggu."
4,2025-01-25T08:35:10.762Z,Sri Anifin,Harga menguras kantong ??
4,2025-01-25T03:59:33.412Z,kaiirunicca,"makanannya bervariatif, enak cocok untuk sarapan dan makan berat disini, sedia cemilan dan varian kopi dari menu sehat ke menu upf juga ?? ambiencenya cukup enak, suasana sawah, pelayanan cukup lambat"
5,2025-01-24T02:33:15.940Z,Rachmad Effendi,"Tempate sejuk, sejuta rasa sensasi bisa dinikmati, makanan prasmanan, rombongan pesan atas namakan satu orang sbg leader, parkir luas,"
5,2025-01-23T08:30:32.008Z,Ani Ekade,"Sebenarnya ke sini pada tanggal 25 Desember 2024, tapi mohon maaf ya baru sempat menulis ulasan.

Ke Pawon Mbah Gito untuk sarapan. Kami ke sini atas rekomendasi dari bapak pengelola homestay tempat kami menginap.

Pukul 7 pagi kami sudah tiba di lokasi. Saat itu baru ada beberapa mobil pengunjung yang parkir. Kami masih leluasa untuk memilih tempat duduk.

Ada satu ruangan besar tempat semua makanan yang terhidang. Jadi sistemnya prasmanan, pengunjung memilih makanan yang diinginkan, lalu tinggal tunjukkan kepada kasir.

Jenis makanannya tentu saja banyak dan kebanyakan makanan rumahan/makanan ndeso yang biasanya dikangeni pengunjung dari luar kota. Untuk jenis minuman juga tersedia berbagai wedang. Tersedia juga aneka macam bubur (sumsum, candil dll).

Lalu ada beberapa joglo untuk tempat duduk pengunjung, meja kursinya kebanyakan model jaman dulu. Seingat saya ada tiga area joglo untuk tempat duduk pengunjung. Kami memilih yang menghadap sawah.

Kami duduk cukup lama di sini, sekitar 2 jam, selain sarapan juga memesan donat dan pisang goreng, untuk minumannya wedang jahe sereh dan wedang mbah uti.  Wah semua rasanya enaaak, kapan2 kami akan berkunjung kembali bila ke Sleman lagi.

Saat kami hendak pulang (pukul 9 pagi) pengunjung sudah sangat banyak, bahkan untuk memilih makanan juga harus antre."
5,2025-01-23T05:01:58.644Z,avi dwi gustianto,"Tempat makan berkonsep bangunan rumah jawa dengan menu yang dihidangkan masakan jawa.

Pemandangan yang disajikan menarik untuk acara santai dengan keluarga dengan view sawah, kolam ikan dsbnya.
Disediakan pula mushola untuk peribadahan. Dan fasilitas parkir yang cukup memadai"
5,2025-01-22T09:29:07.577Z,Rizal J.Niarto,"Januari 2025
RM yang banyak dikunjungi meskipun infonya sudah berdiri selama 5 tahun.
Menu prasmanan dengan menu rumahan Jawa.
Tempatnya luas dengan vibes Jawa yang kental didekat sawah nan hijau.

Disekitar joglo terdapat kolam koi dan angsa dan burung peliharaan...

Disini bukan all u can it ya, ..sesuai jumlah lauk yang kalian ambil.
Terdapat alacarte dan atau buffe .."
5,2025-01-22T07:15:24.741Z,Agung Weka99,"Head to head ma Warung Kopi Klotok..
Tempat nya lebih bagus.."
2,2025-01-21T10:34:41.100Z,Bagas Purnama Aditya,"Tempatnya nyaman sekali. Sering banget kesini, kadang cuma sama istri, kadang ngajak keluarga kalo lagi pada main ke jogja, tp makin lama rasa masakan mulai berbeda. Dulu suka banget sama ganepo, sekarang tekstur dan rasanya berbeda. Begitu juga dengan masakan yang lain :”)"
5,2025-01-21T07:36:18.393Z,Yoan Priskila,"jujur ini ?? worth it utk semuanya!! juaraaaaaa bangett!! makanannya enak, tempatnya bersih, murah pula?? pegawainya banyak jadi kita ga linglung linglung!!????????"
5,2025-01-20T22:42:32.570Z,jalan wisata,"Resto prasmanan tradisional ala Yogya yang selalu ngangenin. Tempatnya enak dan nyaman, lingkungan masih asri, di dekat area persawahan. Selalu mampir kemari kalau lagi berkunjung ke Yogya."
5,2025-01-20T07:05:32.710Z,salma oshika,"Kesini bersama teman-teman kantor.. Jujur cukup puas kesini daripada ke tempat sebelah yang sampe antri panjang.

Suasananya cukup tenang, bersih, pelayanan jg baik, ramah, cepet satset, ada kandang bebek, kandang merak, kolam ikan, mushola dan toilet juga bersih.

Jadi nanti pas dateng langsung disambut kayak resepsionis ditanyak berapa orang, nanti dipilihin tempat.

Makanan langsung ambil prasmanan, menunya lauk-lauk tradisional pada umumnya yang bisa kita temuin di warteg dll. Untuk rasa lumayan enak.

Pisang goreng juga enak, pake pisang yg belom terlalu matang jadinya enak tidak lembek apalagi disajikan dalam keadaan panas.

Dan harganya asli murah banget.. makan ber-8, dan pesen pisang goreng 2 habis 300rban saja. Dan yang pasti enggak serame tempat sebelah, masih lega dan cukup fresh makannya.. nasinya jg ada Nasih putih biasa atau nasi merah.. Mantapssss...??

Bakal balik lagi sih...??????"
5,2025-01-19T11:30:16.146Z,Tasrip Arbangi,"Harga terjangkau
Banyak menu makanannya tinggal pilih aja sesuai selera, tapi tadi pas pilih lauk kikil agak sedikit asin
Tempat luas, bersih dan nyaman suasana di desa deket sawah"
5,2025-01-18T15:49:37.457Z,AGB pattern,"Dateng kesini udah jam 20.30an. Jadi, emang mepet dan nggak bisa terlalu santai ..
?? : Nasi Goreng & Mie Lethek. Porsinya pas, nasi gorengnya banyak sih porsinya. Cuma untuk nasgor, agak lumayan keasinan di aku. Bakwan jagungnya uwenak!!!
? : Kopi Mbah Gito Panas, Es Dawet & Teh Tarik Panas. Es Dawetnya enak, pas banget. Teh tariknya dateng kondisi kurang panas (hangatpun cuma sedikit) .
?? : view disini bagus banget. Bisa buat bersantai. Paling enak di sore hari sih, kalau malam hari tetep bagus juga. Dan hati2 jangan jatuhin serpihan makanan, semutnya gercep dibawah ??

Overall , oke banget. Enak. Numani. Rekomen sih, bakal kesini lagi. :)"
5,2025-01-18T15:41:51.790Z,Denna Bio Arli,"Dateng ke sini buat sarapan dan emang waktu yg pas banget buat makan sambil nikmatin pemandangan sawah yg asri dan belum begitu panas. Menu lauknya banyak bgt pilihannya. Ada bubur/jenang sum-sum dan candil juga, semuanya prasmanan. Kalau ke sini jangan mager buat explore sampe ke bagian belakang yaa, seru banget tempatnya."
5,2025-01-18T01:58:56.710Z,GUS WIDA219,Tempat bagus dan estetik. Cocok untuk berdua atau keluarga.
5,2025-01-17T01:50:03.709Z,Sari Gunarto,Makanana tradisional banyak macemnya ada makanan dessertnya juga lahannya luas viewnya cantik bikin betah pelayanannya cepet
5,2025-01-15T12:10:44.209Z,Ardian Ferdy,Rekomendasi jogja
5,2025-01-15T06:19:17.450Z,Abdul Aziz,Puas
1,2025-01-15T04:29:57.358Z,Bro PACHE,"Mahal utk kalangan nasi sayur, kompetitor lainnya aja bisa g semahal ini.
Ambil harga 2x lipat diharga pada umumnya."
5,2025-01-12T01:26:29.475Z,Zulkarnain Ne,"Tempat keren bingit, pelayanan ramah, makanan uenaak, harga bersahabat, 11 orang gak sampe 500K."
5,2025-01-09T15:47:20.576Z,Indriani Lestari,Tempat makan tradisional kedua yang saya kunjungi selama berlibur di Yogyakarta. Tempatnya cukup ramai saat Saya berkunjung. Untuk makanannya prasmanan dan rasanya enak terutama tekstur nasi nya. Disini juga ada area yang menjadi kandang untuk angsa dan merak. Mushola nya terjaga dan bersih. Tempatnya sangat asri karena ada pula beberapa petak sawah didalamnya. Menjadi tempat rekomendasi jika ingin berlibur ke Yogyakarta.
5,2025-01-09T07:55:12.778Z,Patricia Suyangga,Tempat nyaman menikmati sawah
5,2025-01-08T08:53:52.756Z,di,nyaman
5,2025-01-07T12:02:42.829Z,davina zumi,"Tempat makan yang ideal bersama keluarga/teman. Layanan yang terbilang cepat, makanannya (jadul) beragam, rasanya enak. Bersih juga. Tempat parkir luas, namun ada yang parkir berbeda tempat, jadi harus jalan sebentar."
5,2025-01-07T08:15:54.318Z,Yoel Christopher Nanda Jonathan,"Makanannya sangat banyak pilihan dan enak enak. Tehnya enak sekali. Suasana desa, cozy sekali. Mantap."
5,2025-01-06T14:23:50.406Z,Putri Priyanthi,Enak mknannya. Enak tmptnya. Pelayanannya jg bgs. Worth d price lah.
5,2025-01-05T17:17:29.298Z,Devita,"Konsepnya prasmanan, banyak pilihan makanan, rasanya juga enak enak. Area makannya juga cukup luas."
5,2025-01-05T09:37:35.668Z,Muhammad Hammam Khathibi (Ham's),berasa makan di rumah mbah
5,2025-01-05T07:10:22.472Z,karen hardjo,"Hampir tiap Sabtu / Minggu ke sini karena request anak, sekarang harus kami batasi sebulan sekali, biar tempat kuliner lain juga kebagian rejeki"
4,2025-01-04T04:09:10.623Z,Hestia Amriyani,"Pawon Mbah Gito menawarkan pengalaman kuliner tradisional dengan pemandangan sawah dan kolam ikan, menyenangkan bagi anak-anak. Namun, saat akhir pekan atau liburan, antrean bisa panjang tanpa kursi tunggu memadai. Tempatnya cukup panas karena tidak ber-AC, dan hanya tersedia satu toilet wanita di dekat area wudhu, menyebabkan antrean panjang.

Meskipun demikian, makanan seperti Bakmi Jawa Goreng dan Ubi Lumer sangat lezat. Pelayanan untuk tambahan pesanan di meja agak lambat, mungkin karena banyaknya pengunjung saat itu.

Secara keseluruhan, ini adalah tempat yang layak dikunjungi untuk menikmati hidangan tradisional dengan suasana pedesaan yang asri."
5,2025-01-04T02:50:39.504Z,Sabila Y,"Untuk service dari awal datang sampai dengan selesai baik, pelayanan yang ramah dari waitres dan staff, karena selalu ramai
jadi estimasi untuk menunguu cemilan lumayan lama, sekitar 1 jam baru keluar untuk camilanya
but overall ok, and recommend"
1,2025-01-03T01:07:52.220Z,Jatex Jati26,udah 3 X kesini tetap sama aja pelayanan kok terus menurun kemarin waktu weekend kesini ketemu sama waiter yang judes + complen samping ada yang ngerokok disuruh negur malah disuruh kekasir padahal kasirnya waktu rame kan aneh padahal udh jelas jelas itu ruang non smoking area kok gak berani negur si waiternya
1,2025-01-02T12:09:05.551Z,Bayu Setiaji,"Pengalaman 2x makan di sini selalu buruk.

Yg pertama saya sampaikan pelayanan yg di depan kalau mau meja non smoking, saat sampai meja ternyata sebelah saya merokok, okelah krn dia yg merokok sampai lebih dulu saya ngalah pindah.

Yg kedua, hari ini, saya dari awal memang tidak pesan meja yg non smoking krn tidak ditawarkan, kemudian setelah duduk beberapa saat sebelah saya mulai merokok, setelah diingatkan alhamdulillah ybs mau pindah, nah setelah mereka ada 1 rombongan muka tembok datang dan merokok padahal kami sudah beri kode tidak nyaman tapi tetap merokok, karena malas ribut akhirnya saya ke kasir utk sekedar memberi masukan tapi apa jawabannya?
""tadi pegawai depan masih baru jadi tidak mengingatkan"" tanpa kata maaf atau apapun, Please jika ada complain dr pelanggan apapun itu kata pertama yg harus disampaikan adalah maaf, kami tidak peduli dengan pegawai baru itu, itu urusan kalian. Bagi kami yg anti asap rokok, hal tersebut sangat mengganggu. Mungkin mas kasirnya perokok ya jadi tidak relate dengan masukan kami.

Bagi orang yang tidak merokok perlu pikir pikir lagi kalau mau makan di sini."
5,2025-01-01T05:45:37.689Z,pramudiyanto wadjidi,Tempat yang bagus
5,2025-01-01T05:44:06.689Z,109 Annisa R.A Putri,"Makanan tradisional khas jawa yg rempahnya berasa, pedasnya pas, ada hint manis nya juga.
Tempatnya bersih & sejuk, cm pelayanan nya aga lama"
5,2025-01-01T04:58:57.175Z,Dhyas Woro,Gk bs ngomong pokoknya jooos
5,2025-01-01T00:04:03.375Z,Zahrotus surur,"T4nya bagus. Kemarin kesana 5 org mkn mie goreng 2, mie bihun, mie kuah sama nasi dan milkshake 2, susu 1, sere jeruk nipis 2 abis 300ribu ??"
4,2024-12-31T12:31:15.278Z,sandhy syahputra,Salah 1 tempat makan di jogja neh. Pas mau balik di bawa pa supir kesini. Wah menunya banyak. Saah 2 faborite saya pisang gorengnya neh. Mantaf
1,2024-12-31T08:36:01.757Z,Wenny Anggraini,"Maaf saya mau review pertaruran yang menurut saya sangat tidak mengenakkan penerapannya.

Saya cust lama mbah gito, Cuma saya kecewa beberapa layanan dari mbah gito saat kunjungan kemarin spt pengantaran minum yg lama sekali sampai kita bolak balik nanya trs tp itu msh saya anggap biasa saja krn ramai. Tp ada hal yg paling tdk mengenakkan buat saya.

Saya datang kan rombongan sekitar 8 org, meja full. Akhirnya kami diarahkan gabung meja.
Kebetulan saya org yg datang trakhir dan saya yg membuat acara kumpul tsb. Di akhir ketika saya mau pulang, saya d cegat di suruh mengembalikan posisi meja kursi spt semula. Sungguh menurut saya ini hal sangat tdk mengenakkan buat saya.

Apalagi saya dan tmn2 yg trakhir pulang adl cewe (3 org).

Ketika disuruh membalikkan meja ke posisi awal cepat sekali, seperti tdk ada 5mnt kami d datangi dan diminta mengembalikan posisi meja. Padahal saat minuman saya yg kami pesan justru datangnya lama skli. Bukankah menu di sini juga harganya lumayan (bagi saya) seharusnya pelayanan sebanding dengan harganya.

Dan posisi saya pulang adl posisi dmn resto mulai sepi. Banyak karyawan yg berdiri dan standby tp kami disuruh mengembalikan meja dg alasan sdh sop resto (?)

Jika memang sop resto alangkah baiknya diberikan tulisan disekitarnya. Pdhl saya datang kesana ramai dan bukan gratisan, saya juga pesan meja utk 12 org awalnya tp tdk bisa krn harus h-1 bukan ?
Menurut saya ini sangat tdk mengenakkan utk cust dan saya kapok ke mbah gito lg semenjak kejadian kmrn krn saya bertahun² langganan tp menurut saya kejadian kmrn sangat tdk mengenakkan buat saya."
1,2024-12-31T05:11:32.081Z,fajar nurrohmah,"Cukup kecewa makan di sini. Harga mahal, rasa kurang, pemandangan biasa saja.
Es teh manis seharga 10.000 minta extra ice kirain dapat 1 gelas ternyata hanya 2 keping es batu. ?? mangut lele tercium bau tidak enak. Tahu bacem 1 buah 5.500 ???? kapok makan di sini. Pantas k*** k***ok tambah ramai karna terbukti masih lebih murah dan recomended"
4,2024-12-31T05:10:24.462Z,Cornelia Hapsari,tempat yang bagus untuk membawa keluarga Anda untuk sarapan atau makan siang dengan staf yang ramah dan membantu
5,2024-12-31T01:41:17.774Z,Rahmat Widodo,Tempatnya enak dan nyaman sambil menikmati view persawahan..sejuk ??????
5,2024-12-30T12:20:59.013Z,Moh Ali,"Tempat yang nyaman
Direkomendasikan"
5,2024-12-30T05:39:21.327Z,Aulia,"Lokasinya sesuai maps, tempatnya nyaman, rasa makanannya juga enak, bumbunya berasa
Pelayanan juga cepat dan ramah
Harganya sedikit lebih mahal dibandingkan restoran sejenisnya
Tapi overall semuanya OK
Kalau buat makan bareng keluarga, tempat ini recommended kok"
5,2024-12-30T02:03:32.309Z,Nanda Karunia Pertiwi,"Tempat makan dg suasana khas pedesaan. Menu makan sangat banyak dan bervariasi. Ada sawah buatan, kolam ikan koi, dan kandang angsa. Cukup menyenangkan bagi pengunjung yang membawa anak. Rasa masakan cukup enak. Tidak perlu antre lama/waiting list.
Sangat direkomendasikan ????"
5,2024-12-29T14:42:15.373Z,joe nathan,"Tempat favorite utk menikmati wedang rempah andalan spt wedang mbah gito, yg tdk bs ditemukan ditempat lain. Minuman dawet nya juga enak, makanannya spt mie lethek nyemek enak jg, makanan lain yg disajikan beragam pilihan, masakan tradisional yg menggugah selera. Pemandangan sawah dan sekitar yg menjadikan atmosphere nya jd enak bwt ngobrol santai."
5,2024-12-29T05:42:04.455Z,melati siantan,"Makanannya enak, suasananya juga nyaman"
5,2024-12-29T04:50:52.435Z,iindahlia,"Tertarik mencoba kesini selain karena suasananya yang keliatan asik, menu makanan & minumannya juga banyak, bisa mengakomodasi keinginan sekeluarga yg sering beda2.

Suasana rumah makan di kelilingi sawah, terdapat kolam kecil dg banyak/soang di tengahnya. Bangunan model joglo terbuka dg langit2 tinggi. kursi2 didominasi rotan & kayu. Tersedia colokan listrik di sekitar meja, meskipun tdk di setiap meja ada. Datang di jam 17.50, di hari jum’at yang libur nasional. area makan luas, jadi meskipun saat itu cukup ramai, masih banyak tempat duduk tersedia.

Tempat solat sangat layak. Ada 1 toilet masing2 unt laki2 & perempuan, jadi satu area dg tempat wudhu. Selain di depan mushola, baru menemukan 1 toilet lagi di dekat area parkir.

Ketika datang, menu prasmanan sudah tidak lengkap. Tidak ada mangut lele yg banyak direkomendasikan, sbg gantinya ada mangut manyung. Jenang juga sudah diangkut, katanya hanya tersedia sampai jam 16.00.

Pesanan minuman datang dg gula terpisah. Wedang mbah gito, teh ndeso & jeruk nipis ndeso, ketiganya rasanya terlalu strong, seperti masih bisa ditambah air panas lagi supaya lebih nyaman dinikmati. Capuccinno nya cukup ok.

Bakmi gorengnya enak rasanya seimbang tdk kemanisan, kekurangannya adalah porsinya sedikit ??
Ayam gorengnya tipe ayam goreng asin, empuk bumbu meresap, sambel bawangnya pedasnya mantap.
Pisang goreng nya paling favorit!!! adonan tepungnya kriuknya lembut, buah pisangnya manis sedikit asem & tidak benyek, porsinya banyak.
Singkong goreng porsi juga banyak & beneran mekrok, tapi setelah dingin jadi terasa menyerap banyak minyak."
5,2024-12-28T13:37:34.334Z,Asti Soemaatmadja,Menikmati
5,2024-12-28T06:39:14.075Z,Dedy Samid,"Kesini pas waktu sarapan dan antri luar biasa, banyak aneka makanan jawa dan suasanya sangat nyaman makan disini bersama pasangan ataupun keluarga."
5,2024-12-28T04:58:29.573Z,Khasyi Maliq Purwaniskala,"Kelebihannya:
Tempatnya enak banget suasananya juga, ada tempat parkir untuk difabel, tempat duduk banyak, banyak hewan juga, makanannya prasmanan, ada rak untuk barang tertinggal.
Kekurangannya:
Nasi merahnya keras+terlalu kering, sate ayamnya keras dan terlalu pahit (mungkin pahitnya karna kebanyakan gosong), banyak lebah berkeliaran, tempat parkir agak susah.

Tapi untuk di datengin enak tempatnya"
5,2024-12-28T02:57:41.888Z,Aulia Tassya Fadhilla,"lokasinya agak masuk-masuk
friendly untuk semua usia, ada kolam ikan, semacam angsa/bebek cantik gitu, dan burung. view sawah, tempat duduk banyak (tapi seingat saya tidak ada lesehan), cocok untuk makan bareng keluarga, pasangan, rekan kerja, dan semuanyaa.

tipe prasmanan, bayar di akhir (cash and transfer only)
saran : tambahkan metode pembayaran qris dan debit please ????"
5,2024-12-27T22:22:25.736Z,Eka Rima,"Salah satu tempat kuliner di jogja yang rekomen mulai dari pilihan menu lauk sangat banyak, harga terjangkau nasi sayur mulai 14k. Saya dan keluarga 11 orang habis 500k. Sudah dengan tambahan minuman, pisang goreng, tempe, dan bakwan jagung. Kids friendy ada kolam ikan, ayunan, aliran air selokan aka parit dg air yng jernih sehingga anak2 bisa bermain air.

Suasana sangat nyaman dengan pemandangan hijau nya sawah."
5,2024-12-27T11:13:00.251Z,Elvy Saputra,"Tempat yang asik dengan suasana sawah dan  menu masakan yg enak-enak.
Cocok sekali untuk kumpul keluarga."
5,2024-12-27T00:47:45.068Z,pulung 4app,"Sudah berkali kali makan disini, makin hari makin bagus pelayanan dan fasilitas, parkir dulu parah sekarang sedikit perbaikan, makin pro lah
Hanya untuk pembayaran baru bisa B (c) @ transfer, mungkin perlu ditingkatkan metode pembeayarannya
Over all oke dan masih recommended"
4,2024-12-26T11:12:49.736Z,Muhammad Jazmi,"Kesini hari kamis di bulan november jam makan malam, sempat berpikir bahwa akan waiting list ketika masih nyari parkir. Karena ngelihat dari kaca mobil, banyak orang berdiri di depan pintu.

Ternyata gak waiting list, tapi didalam memang ramai. Sangat khas tempatnya, ada tulisan kandang sapi mbah gito seingat saya. Apakah ini dulunya kandang ya? pikir saya.

Makanan datang sekitar 20 menit setelah pesan. Langsung saya nikmati mie godognya. Enak, saya suka, tapi masih dibawah ekspektasi saya. Mungkin hanya lain selera saja.

Parkiran tersedia banyak di pinggir² jalan. Tarif parkir sudah ditetapkan, ada plang petunjuk tarifnya."
3,2024-12-25T13:27:23.745Z,Nurhidayati Hasanah,"Pelayanannya lamaaaaaa
Pesan sop iga karena tak kira bisa cepat.
Ternyata paling lama.
Bakmi godog jawanya amis sekali"
5,2024-12-25T05:29:02.455Z,Usman Suherman,"Makanan ok
Minuman juga ok
Ambientnya juga perfect"
1,2024-12-25T05:05:20.446Z,Gia Perdana Muchida Wilujeng,Pelayanan sangat kurang dan sangat tidak praktis
5,2024-12-24T03:29:31.989Z,Thomas Aprianto,"Bagus banget tempatnya, patut dicoba"
5,2024-12-23T11:03:53.248Z,lutfia nursetya,"Restoran yang sangat cocok jika Anda menginginkan makanan tradisional Jawa dan Yogyakarta. Lahan pertanian hijau di sekitarnya sangat menyenangkan! Stafnya ramah dan membantu, pelayanannya cepat dan memuaskan"
3,2024-12-23T00:51:43.709Z,Diandra Aurel,"Sayang, ada salah satu pelayan dimintai tolong mengambilkan sambal tidak mau...
dan harga makan dan minuman tergolong mahal,"
1,2024-12-22T14:04:19.914Z,Nia Damayanti,Saya pesan bakmi lethek ini nunggu lama kata ya dri awal 45 menit trs datang konfirmasi lagi suruh nunggu 45 menit lagi. Kecewa sama pelayanan nya udah nunggu lama" Perasaan dimana" Resto gak begitu.
5,2024-12-21T12:15:06.583Z,Munawaratul Fi'liyah,"Rumah makan yg unik dengan rasa yg lezat, arsitektur juga bagus banget hanya saja makan disini antrean nya sangat panjang mungkin Next bisa dibikin 2 tempat pengambilan makanannya agar lebih efisien.Selanjutnya mungkin meskipun outdoor akan lebih baik diperbanyak kipas angin nya karena cuaca yg panas dg kipas angin yg minim mengurangi kenikmatan menikmati makanan"
5,2024-12-21T08:33:58.925Z,Abid Gumilar,Layak di kunjungi
1,2024-12-21T06:43:43.356Z,Keluarga Gajah Bojonegoro,"Weh.....asli overprice makannan n minumnya, rasa B . Kopi item biasa 19rb, kue macarone kecil2 21 ribuan. es teh 11 rb. yg murah dari ini ke kopi klotok ato kopi bukan luwak."
5,2024-12-19T06:23:13.724Z,Anggi Mery Pratiwi,"Tempat nyaman, luas dan parkiran banyak. Pelayanan ramah dan cepat. Rasa makanan cukup standar dan variasi makanannya lumayan banyak. Dari segi tempat dan kenyamanan lebih oke dibanding kopi klotok, tetapi kalo segi rasa makanannya masih menang kopi klotok"
5,2024-12-18T13:44:46.142Z,Sri Lestari,"Tempatnya luas dan nyaman..meskipun kalau pas rame banget ya musti sabar cari tempat yang kosong. Menunya banyak, masakan/makanan tradisional ada, roti roti juga ada. Minuman bervariasi. Harga standar. Cocok untuk makbar dengan teman, pasangan atau keluarga. View nya ok. Ada mushola yang nyaman.. worth it lah ke sini."
5,2024-12-18T05:54:45.745Z,Nuraini Salsabila,"yang ini gabisa dibandingin sm klotok lah ya soalnya beda konsep, yang ini lebih modern gitu, harganya juga lumayan, ga dibilang mahal ga murah juga, standar lah, waktu kesana pas lagi rame2 nya, tapi makanannya cukup cepet keluarnya sekitar 15 menitan. teh tarik dan pisang gorengnya panas2 enak!
tapi tolong dong itu tukang parkir nya ngeselin bgt, markirin tp sambil marah2 ada masalah apa ya. jadi males bgt balik lg cuma grgr tukang parkir"
5,2024-12-17T14:41:15.789Z,Zika dan Zidni Channel,"Makanan pas harga standar untuk nasi + 2 sayur masih murah belasan ribu.
Rasanya enak dan bersih"
5,2024-12-15T17:30:26.858Z,afriniadini,"Untuk makanan ya hampir mirip lah prasmanan jawa seperti kopi klotok kopi rolas, untuk orang luar kota yang kangen masakan jawa cocok kesini. Tempatnya juga nyaman, sekarang diperluas, dan walaupun waiting list gak nunggu lama. Makanan keluar juga tidak lama banget dan pastinya bonus pemandangan sawah yang cocok untuk melepas penat"
4,2024-12-13T07:26:13.085Z,agNest Mo,makanan terjangkau dan lezat
5,2024-12-12T05:11:52.320Z,Arie FPV,"Untuk yang cari resto dengan suasana authentic jawa dan makanan tradisional wajib datang kesini. Dengan konsep prasmanan, banyak sekali menu yang bisa dipilih. Untuk si kecil ada juga kids menu seperi french fries dan platter.
Pilihan kopi juga beragam, cocok untuk ngopi di pinggiran sawah dengan suasana pedesaan."
5,2024-12-11T06:47:01.088Z,thomz heartz,"Lengkap sajikan masakan khas jawa..
Lom nyicip semua krn saking banyaknya..
Bsk aja komennya..tp relatif enakkk"
5,2024-12-10T12:46:31.392Z,Sofyan Hadisuwarno,Banyak pilihan menu untuk sarapan
5,2024-12-09T07:06:24.467Z,lala sani,"variasi menu makannya banyak banget.... enak2
kebanyakan menu masakan tradisional
tempatnya luas dan enak.. knas jawa
sejuk kl pagi.. tp agak panas kl siang2 krn lebih banyak tempat terbuka...
sukses terus yaa pawon mbah gito"
5,2024-12-08T15:40:48.449Z,farah wawa,"2 hari berturut2 kesini.
Menunya sangat bervariasi, sistemnya jelas, ramai tapi teratur, service pun memuaskan ya."
5,2024-12-08T15:14:51.054Z,Afrizal Hidayatullah,"Daripada ke kopi klothok rame, mending kesini, ga kalah enak. Tempatnya jg cozy dan langsung dpt seat ketika pesan"
5,2024-12-08T14:21:44.422Z,Bayu Nugroho,"Lokasinya cukup mudah dijangkau, area parkir luaas yaa.

Untuk atmosfernya menyenangkan; ada sawah, kolam ikan koi, ada kali kecil.

Menu makanannya banyak, rasanya enak² semuanya.

Ada beberapa lokasi makan yg bisa dipilih.

Untuk harga masih ramah dikantong lhooo.

Silahkan mampir yaaa"
4,2024-12-08T09:27:01.489Z,Win Mazhar,"Salah satu rumah makan yg sangat berasa nuansa desanya dikelilingi sawah hijau, fasilitasnya cukup lengkap dengan pilihan tempat makan di dalam semacam pendopo dengan konsep heritage & samping sawah.

Keramahan staffnya cukup baik mengarahkan & menyediakan tempat rekomendasi berdasarkan jumlah pelanggan yg datang, kemudian memberikan tanda reserve di meja kosong karena ada anggota kami yang belum hadir.

Untuk makanannya lumayan, harga sedikit aga tinggi. Namun buat yang ""kangen"" nuansa menyantap mi godog & menikmati minuman khas jogja disamping sawah, pawon mbah gito salah satu yang rekomended"
5,2024-12-08T07:31:12.379Z,Rafka Aditya,"Makanan enak , pelayan ramah"
4,2024-12-08T03:57:38.403Z,Leonardo Melawi,Makanannya enak
5,2024-12-07T12:06:37.157Z,Viki Sanjaya,"Makanannya enak, pisang gorengnya juga enak.
Direkomendasikan untuk wanita yang menyukai suasana pedesaan dan kuliner pedesaan yang lezat."
3,2024-12-07T10:41:13.061Z,Budipawiro Disel,Nyaman dan makanannya enak
3,2024-12-07T02:12:34.071Z,Iike Koes,"Mie godog rasa kota , pesanan sy ketinggalan, krn pergantian jam kerja dapur ….."
5,2024-12-04T23:46:53.951Z,Suga io,"Jogging di TB , sarapan disini ?????????"
2,2024-12-04T10:27:13.782Z,Kharisma Maharani,"Makanan enak semua, tapi sorry tempat solat bau sikil karpetnya, ga fokus buat solat. Tolong karpetnya dilaundry"
5,2024-12-02T09:08:10.784Z,Arif Budhi Setyati,"Menikmati makan siang di Pawon Mbah Gito di Jl Pasir Luhur Ngaglik Sleman. Tempatnya luas, nyaman, adem. Makan siang ditemani rintik hujan. Harganya terjangkau dengan sistem prasmanan. Aneka nasi, aneka bubur dan aneka macam lauk pauk tradisional. Swedep rasanya"
3,2024-12-01T11:49:58.623Z,fauzi zamzam,"Penyajian makanan utama sangat lama.. sampai minum yang disajikan hampir habis..
Mohon untuk diperbaiki layanannya.."
1,2024-12-01T07:39:18.080Z,Zeeldine Alexis,"Jangan berharap bisa dilayanin takeaway klo pas weekend, padahal di resepsionis didepan sudah tanya infonya bisa, tapi sama mbaknya didalam diusir"
5,2024-11-30T11:41:20.709Z,Agung Eka Widarta,Tempat yang sangat nyaman dan menyenangkan. Sukses selalu.
2,2024-11-30T08:49:22.134Z,Lita,"maaf ekspektasi saya terlalu tinggi untuk pawon Mbah Jiwo,nasi putih agak kelembekan,paru nya bauuu,…masi sih paru bau teteup dijual?ditanyakn ke waiters nya jawabanny memang begitu utk parunya??krn kita komplain akhirny dikasi pengembalian uang utk parunya,tapi utk kami bukan masalah uang ya,saya makan sayur pucuk labu n pare masi oke rasanya,temen saya makan ikan asap ny juga kurang fresh,pisang goreng biasa aja"
5,2024-11-29T08:46:56.141Z,aidy firdausi,"Tempat keren, semua makanannya enak"
5,2024-11-27T10:38:58.478Z,Nayla Marifah,"makanannya enak2, tempatnya oke bgt, n servicenya juarakkk, sehat2 mba2 n mas2 waiters??"
5,2024-11-24T12:34:34.538Z,Dea Florensia,"Mencari tempat untuk menikmati waktu berkualitas bersama keluarga? Pawon Mbah Gito adalah pilihan yang tepat. Dengan masakan rumahan yang lezat dan suasana pedesaan yang hangat, sangat ideal untuk membawa orang tua atau orang yang Anda cintai. Pesona desa yang kuat dan suasana tradisional membuat setiap kunjungan terasa seperti pelarian yang nyaman ke pedesaan.

Tips: Jika Anda berkunjung ke Pawon Mbah Gito, tiga menu unggulan berikut ini pastinya tidak boleh Anda lewatkan: Lodeh, pisang goreng, es dawet. Anda tidak akan mengecewakan ??"
4,2024-11-24T12:04:38.709Z,wulan dwi,meja nya pas dapat yg kurang nyaman untuk makan nasi dan lauk. makanan bukan yang tidak enak tp tidak yang enak banget. masalah selera
5,2024-11-24T08:53:51.362Z,Nely Fahriya,"Alternatif selain kopi klotok, yg ga mau antri panjang bs kesini. Makanan nya enak2, vibes nya jg dpt, semilir angin, harga ramah di kantong, kids friendly. Top"
5,2024-11-24T06:21:44.022Z,Dema Febryana,"tempatnya nyaman, suasana enak, pelayanan ramah"
5,2024-11-24T05:54:31.706Z,Dadang Hayam,nyaman
5,2024-11-24T02:09:56.117Z,Agus Puji Yuliyanto,"Tempat yang nyaman buat makan , nuansanya rumah Jawa dengan hawa sejuk persawahan. Sangat rekomended buat keluarga maupun kelompok. Banyak tempat duduk dan fasilitas lengkap."
5,2024-11-23T15:24:00.068Z,Bill Gunawan,Rasa makanannya juara...tempatnya nyaman
4,2024-11-23T08:39:07.498Z,rohmat arhadi,Antrian nya terlalu panjang...
5,2024-11-21T10:28:46.531Z,Fitria Sri (Fitria),"Makanan enak, toilet + musholla bersih"
4,2024-11-20T12:41:02.892Z,Mita Rosanti,"Menuvyg recomended nasgornya..mirip solaria, makanan peresmanan rasa biasa aja,
Vietnam dripnya ok banget.
Waktu berkunjung saat itu malam hari . Jadi dapet tempat du2k kalo siang hari mungkin antri. Suasananya bikin betah."
5,2024-11-20T04:28:54.930Z,Nanang Nsoft,"Pertama kali datang, konsep prasmanan seperti resto yang lainnya, coba Incip Brongkos rasanya enak tapi belum spesial dan Telur Dadar juga belum spesial. Kopi mantab, terbukti serius karena konsepnya ada barista dan beberapa pilihan bean kopi, bukan asal asalan buat kopi. Minuman lainnya juga spesial, terutama wédang mbah gito."
5,2024-11-19T23:34:31.185Z,Irvan Wijaya,Untuk tempat makannya luas didalam banyak kursi dan pemandangan pinggir sawahnya oke dan bikin nyaman. Konsep rumahan jadi syahdu dan musiknya gaya pedesaan oke banget. Panas tapi diarea outdoor pas gx ada angin. Masakan oke enak dan puas krn ambil sendiri. Parkiran oke luas. Tempat toilet juga banyak jadi gx sampai antri.
5,2024-11-17T14:40:59.730Z,SYR,"Tempat luasss, adem, nyaman, apalagi sore bekas hujan. Semua makanan & minuman enak. Pelayanan ramah profesional, well trained. Agak pricey tapi worth dg experience & view yg didapat. Parkir luas. Mushola luas & nyaman"
5,2024-11-17T09:25:21.171Z,Heli hel,"Tempat yang nyaman untuk menikmati makanan rumahan, sukak kesini, wajib pada cobain dech"
5,2024-11-16T09:15:15.028Z,Hartono Lahut,tempatnya nyaman
5,2024-11-16T06:24:23.578Z,Nurmara Salsabila,"Tempat makan prasmanan dengan menu jawa. Menunya beragam jadi bisa ambil sesuai selera. Untuk tempat makannya terbuka sehingga masih bisa menikmati semilir angin, karena lokasinya juga diantara persawahan jadi sejuk. Untuk rasa makanannya standar makanan resto jawa. Tetapi suasananya membuat nyaman dan tenang."
5,2024-11-16T03:02:57.567Z,Ady Susanto,"Tempatnya nyaman, penyajuannya prasmanan, wedangannya top"
5,2024-11-12T07:57:23.073Z,hanan ashrafi noviandari,"Makanan nya sedep, suasana enak, kids friendly ????????"
5,2024-11-11T23:05:58.086Z,do pras,Selain Bakmi Jowo nya.. Donat kampung nya juga enak
5,2024-11-11T12:13:01.070Z,agus armanto,Masakan tradisional...view di sekitar sawah
5,2024-11-11T07:34:52.887Z,Yustina Andryastuti,"Salah satu destinasi kuliner di daerah Ngaglik, Sleman - Jogjakarta ini bisa jadi alternatif yang bisa bestie kunjungi. Rehat sejenak sambil menikmati aneka menu rumahan khas jawa yang di sajikan secara prasmanan @pawonmbah gito sambil leyeh-leyeh di rumah joglo atau pendopo terbuka menikmati view sawah dengan padinya yang bergoyang dibelai semilir angin berhembus. Banyak kudapan lain yang bisa dipesan menemani minuman rempah atau kopi seperti mendoan, pisang goreng, donat gula, dimsum dan masih banyak lagi lainnya di sajikan tak begitu lama setelah dipesan. Kalo mo kesini dari Jogja bisa ambil arah jakal (jl. Kaliurang) naik dikit sekitaran KM.12 Ngaglik trus belok kanan bisa ikutin maps ato papan penunjuk arah Pawon Mbah Gito yang terpasang tak bgtu lama dari jalan utama akan ketemu tempatnya di tengah sawah dan sungai kecil yang gemericik air nya menenangkan jiwa.????"
5,2024-11-11T05:34:19.741Z,Palastri Shop,"Tempatnya luas. Pelayanan ramah. Minuman saya paling suka yang bahan baku bunga telang.
Makanan oke tapi kurang variatif untuk Prasmanannya,"
5,2024-11-11T01:23:34.044Z,Karina Triutari,"Tempat luas. Parkir luas. Ada musola dan kamar mandi bersih. Pelayanan bagus. Kalau malam, bisa pesan menu bakmi jawa nya. Untuk menu yg aku rekomndasikn yaitu bakmi goreng nya. Rasanya enaakk. Teksturnya suka. Kayak bakmi nyemek tp ga lembek gt. Enak pokoknya. Bakmi godok nya juga enak. Tp sy lebih suka yg goreng."
5,2024-11-10T22:24:16.679Z,aris prayogo,"Mulai datang parkiran sangat luas dan adem, masuk suasana asri nyaman, masakannya enak banget, tempatnya sejuk asri, ada sungai kecil yang suara airnya bikin suasana jadi makin nyaman.. Pokoknya kalo ke Jogja wajib sarapan di pawon mbah Gito.. Sangat rekomendasi"
5,2024-11-10T11:46:47.814Z,Arif Sekti,"Tempat bersih, makanan premium jawa dan moderen jga ada, pelayan ramah, wc bersih, mushola bersih, ada kolam ikan sma kandang angsa yg lumayan bersih, tidak ada playground untuk anak, tapi anak bisa main dengan alam yg ada, parkiran cukup banyak, jalan mobil mudah"
5,2024-11-09T06:08:24.471Z,NAJMUDDIN,"Ditengah area pesawahan Kaliurang yg sejuk, adem
Makanan enak & harga terjangkau. Saya rasa akan mengunjungi tempat ini kembali jika main ke Jogja."
5,2024-11-09T03:14:57.551Z,REZA RAHADIAN,Secara tradisional bagus.
5,2024-11-07T12:12:14.372Z,Jogja Explore Tours,Tempat yang tepat untuk mencicipi makanan lokal Jawa di Yogyakarta.
5,2024-11-07T05:50:11.403Z,Sofie Wiyanto,"Masakan enak.... Murah untuk harga makanannya... Untuk harga minuman sedikit lebih mahal dari tempat makan sejenis.....
Suka dengan pelayanannya,gercep untuk selalu kasih info tempat duduk yg kosong....jadi kita ga perlu clingak clinguk nyari sendiri"
5,2024-11-06T06:11:47.778Z,Putri Dewaz,"Saya datang keseni karena rekomendasi dari teman. Konsep Restoran Jawa yang Nyaman Semilir Segar dengan tema alam yang kurang lebihnya menyatu dengan sawah di pedesaan. Bangunan interiornya sangat uniq, perpaduan vintage Jawa dan modern. Area luas banyak pilihan tempat duduknya, nomor meja atau tempat duduk dikasih duluan dari depan, jadi lebih tertib pengaturan tempat duduknya ga berebut. Kemugkinan klo mau reservasi tempat buat acara baru bisa milih. Ada Angsanya menambah lebih manis, dan beberapa kolam ikan yang menenangkan dari gemericiknya suara air.

Mushola lumayan luas & bersih, disediakan perlengkapan ibadah juga, bagi yg ibadahnya tidak bisa berdiri disediakan kursi juga didalam Musholanya. Tempat wudhu bersih dan luas. Toilet bersih. Wifi kenceng.

Menu makanan sangat beragam, begitu juga dengan disertnya, taste makanan dan minumannya ok semua.
Pelayanannya cepat dan sangat ramah.

Sangat rekomended karena sangat cocok buat acara arisan, reunian, buat nugas dengan suasana baru atau cari inspirasi, acara ulang tahun, gethering, resepsi atau buat acara makan keluarga karena menu bervariasi yg friendly bisa diterima semua umur, dari anak² sampe manula."
5,2024-11-05T13:37:18.771Z,M. WILDAN SIDQI PURWANTO,"satu kata, well!
vibesnya santai karena desain tiap meja berbeda-beda. ada spot sawah dan kolam iwaknya plus bebek. parkir motor kalo rame agak sempit, parkir mobil jembarr, pak parkirnya juga ramah. banyak pelayan yang gak kalah ramah, olweys stenbai melayani di sekitarmu
minusnya cuma bagian wc agak bau (ya wajar sih namanya juga wc). rekomended buat kumpul kluarga besar"
5,2024-11-05T02:56:46.553Z,Arif Nasiruddin,"Satu lagi tempat makan yg bagus di jalan Kaliurang yg saya rekomendasikan. lokasinya agak masuk sedikit lewat jalan kampung. menunya masakan jawa dengan model prasmanan. Bisa mengambil sendiri yg disukai. Minumnya banyak jenis minuman tradisional dan juga yg berbahan kopi. Saya mencoba kopi mbah gito pakai gula aren, rasanya mantul; model tubruk gitu.
Untuk suasana asri dekat sawah.. Cuman area duduknya tdk terlalu luas, sehingga pas makan siang lumayan crowded.
Oktober 2024 saya datang lagi ke sini, sudah ada perluasan area, untuk parkir ditambah, area tempat duduk juga di tambah banyak. Penilaian saya : Layak di coba."
5,2024-11-04T14:27:00.509Z,Putri HanaP,"Bagus resto keluarga
Menu keluarga juga
Harga mayanlah
Banyak artis yg sudah kesini"
5,2024-11-04T11:44:19.218Z,Handy's Fams,"Pengalaman makan masakan rumahan yang luar biasa, tempat yang nyaman dan masakan yang luar biasa.

Sedikit masukan mengenai parkir agar petugas parkirnya dapat lebih proaktif, pengalaman kesana sempat kebingungan mencari tempat parkir dilempar kesana kemari.

Semoga bisa ada kesempatan kesana lagi dengan pembenahan yang lebih baik."
4,2024-11-03T10:06:16.145Z,Eri,"Date visited : 11 Oktober 2024

Super cozy banget makan disini. Ambience, suasana, pelayanan, semuanya oke banget cuma makanannya yang kurang srek di mulut (tiap orang selera beda-beda yaa). Waktu itu kunjungan kami rame-rame dan sebagian besar bilang enak, cuma untuk saya pribadi rasanya standar seperti resto jawa ada umumnya.

Yang top banget disini itu suasananya. Ada yang outdoor sama indoor. Yang outdoor viewnya cantik-cantik, bahkan ada gazebo di tengah-tengah hamparan sawah ala-ala gitu. Cantik banget pokoknya.

Buat fasilitas juga lengkap. Kamar mandi ada, tempat parkir luas dan musholla juga ada (mukena disediain tapi lebih baik bawa sendiri). Untuk pelayanan juga ramah banget.

Oiya disini konsepnya prasmanan yaa, jadi ambil dulu atau pesen kalo ga ada di tempat prasmanannya terus bayar belakangan. Untuk penilaian buat semuanya aku kasih 4.3 ? bakal 5 ? kalo cita rasanya bisa ditingkatin lagi biar ada khas sendiri."
5,2024-11-01T09:21:25.445Z,Catur Syukri,"wow...gak nyangka akhirnya nemu pas banget, tempatnya nyaman,bagus makanan recomended"
5,2024-10-31T12:31:51.639Z,vicky pangemanan,"Banyak pilihan makanan, wedangnya enak, viewnya persawahan, tempatnya nyaman. Bakal masuk list buat trip berikutnya"
5,2024-10-31T10:34:29.227Z,Om John,"Suasana tradisional, Pawon Mbah Gito punya desain interior yang unik dengan sentuhan Jawa klasik, bikin makan jadi makin nikmat. Pilihan lauknya beragam dan enak-enak, sistem prasmanan pula jadi bisa ambil sepuasnya. Cocok banget buat makan bareng keluarga atau teman-teman. ??"
4,2024-10-31T01:50:01.580Z,Randi Muhammad Anshori,"Saya suka prasmanan (prasmanan tradisional Jawa) dan tempat ini adalah salah satu yang terbaik. Harganya agak mahal dibandingkan dengan prasmanan prasmanan lainnya tetapi masih masuk akal mengingat kualitas lain yang mereka miliki seperti suasana, atmosfer, lokasi, dll."
5,2024-10-30T00:53:38.049Z,Ferry Cenx,Sesuai untuk bersantai
4,2024-10-29T10:43:10.910Z,Elmanida Shabira,Tenang ...
5,2024-10-29T06:19:29.549Z,Verawati Widya srimulyati,Makananya enak apalagi pisang goreng sama es beras kencurnya ??
5,2024-10-27T10:20:09.851Z,Ot B,"Tempat makan dengan nuansa jogja dan syahdu, tempatnya luas, adem, banyak pendopo dan opsi tempat, harga menengah dengan banyak menu pilihan. Sayur lodeh, es teh telang, telur dadar, sate ayam, dan gorengan enak semua. Kamar mandi bersih dan wangi, parkiran mobil dan motor lumayan luas. Cocok buat keluarga, sukses selalu"
4,2024-10-27T06:35:02.074Z,Fadhil Amadan,"Pawon Mbah Gito adalah tempat makan unik yang menangkap esensi budaya tradisional Jawa. Terletak dalam suasana pedesaan dan antik, restoran ini memadukan pesona desa Jawa kuno dengan suasana nyaman dan ramah. Dari dekorasi hingga musik tradisional yang diputar dengan lembut sebagai latar belakang, semua yang ada di sini terasa autentik dan diatur dengan cermat, menawarkan pengalaman budaya yang tak terlupakan kepada para tamu bersama dengan makanan mereka.

Saya mencoba bakmienya, dan menurut saya rasanya cukup nikmat. Mienya dimasak dengan baik, teksturnya enak, sedikit kenyal, dan bumbunya seimbang sehingga menghasilkan rasa yang kaya dan gurih. Rasa manisnya pas, hal yang umum dalam masakan Jawa, dan bahan-bahannya terasa segar dan disiapkan dengan baik. Meskipun ini mungkin bukan bakmie terenak yang pernah saya cicipi, rasanya tetap memuaskan dan saya bisa mengapresiasi cita rasa masakan rumahan yang ditawarkan.

Pelayanan di Pawon Mbah Gito juga hangat dan penuh perhatian menambah pengalaman menyenangkan. Anggota staf tampak sangat ramah dan dengan senang hati berbagi rekomendasi atau menjelaskan item menu. Tingkat keramahtamahan ini membuat santapan terasa lebih istimewa, dan jelas bahwa mereka berdedikasi untuk menjaga suasana budaya restoran sekaligus memastikan kenyamanan pelanggan.

Secara keseluruhan, Pawon Mbah Gito adalah tempat yang saya rekomendasikan bagi siapa pun yang ingin mencicipi makanan tradisional Jawa dalam suasana menawan dan kaya akan warisan budaya. Ini mungkin bukan bakmie terlezat di kota ini, namun suasana dan keaslian restorannya menjadikannya layak untuk dikunjungi."
4,2024-10-25T16:47:30.683Z,Jeanette Angel Kathleen,"Utk rasa makanan standard, tp sidedish nya ok ok.. Es Cendolnya enak.. Vibesnya desa dengan sawah2 bagus juga.. Cocok utk makan keluarga karna banyak pilihan menu.."
5,2024-10-25T10:49:06.919Z,Wisnu Purnomo,"Suasananya romantis, makanannya enak"
5,2024-10-23T21:51:54.161Z,Titik Wahyu H,"Makanan cocok dilidah, tempat bikin betah, harga terjangkau, pelayan ramah??????"
4,2024-10-23T03:09:25.828Z,Vania Hugeng,Tempatnya cukup luas..pilihan lauknya banyak bisa ambil2 sendiri nanti tinggal bayar di akhir..menurutku es dawet nya enak  aku suka..untuk lauknya aku cuma coba beberapa..telor ceploknya enak sama bakwan jagungnya tipis2 garing
5,2024-10-22T07:16:35.293Z,Veronica Puspita,Nikmati sarapan mereka. Namun Anda harus datang lebih awal karena selalu ramai.
5,2024-10-20T11:24:32.949Z,gendut very good,"Lodehnya legendaris
Suasana nyaman
Toilet bersih
Ada musholanya
Parkir legaaaa"
5,2024-10-20T08:29:22.657Z,Ayam Bangkok,"Mantap Makanannya.sukses selalu.
Pelayanannya juga ok banget.??"
4,2024-10-20T02:45:30.083Z,Edwin Hendra Kusuma,"Secara umum, makanannya enak dan segar. Akan sedikit membantu jika prasmanan disediakan dengan nama hidangannya.

Suasananya seperti balai desa yang tenang, dengan perabotan vintage yang menyertainya. Beberapa kursi & meja bagi saya agak pendek, tapi saya lebih tinggi dari kebanyakan orang Indonesia jadi masih oke.

Salah satu yang agak mengganggu saya adalah toilet dekat teras depan. Sebenarnya cukup, kecuali fakta menjengkelkan bahwa tidak ada keranjang pembuangan untuk toilet pria, dan karena itu saya melihat tisu toilet bekas ditumpuk di atas gulungan kertas. Hanya hal kecil tapi cukup merugikan tempat makan yang indah. Untung toilet lainnya masih oke. Saya akan memberikan lima bintang jika toilet itu lebih baik.

Sedikit saran bagi yang ingin bersantap di saat akhir pekan, lakukan reservasi terlebih dahulu."
5,2024-10-19T10:27:39.041Z,Julie Khriss,"TOP SSEPESIAL ????
Menu makanan dan minuman banyak banget
Lauk pauk, sayur, minuman dan bahkan nasinya jga macam2
LENGKAP
Restonya homey, asri dan menyatu banget dengan alam
Staffnya ramah banget semua
Harga pas lah dengan segala service serta lingkungan yang sangat nyaman gini
????"
4,2024-10-18T09:36:01.561Z,aamardi1969 mardi,Lumayan enak cuma antreanya panjang
5,2024-10-18T06:34:26.273Z,Mettacarini Limmanto,recomended buat yang mau main ke jogja! enaknya pagi2 atau sore sekalian ?? pisang gorengnya enak!
5,2024-10-18T04:16:44.131Z,Yustin Aliasofi,"Kelebihan tempat ini adalah makanan minumannya enak, tempatnya instagram able dan pegawainya (staf maupun magang) terlihat antusias (gembira) bekerja. Sejuk dan pemandangan hijau di saat kemarau juga mood booster."
5,2024-10-16T12:11:01.535Z,Rezza MuhamadN,Malam malam paling enak kesini
4,2024-10-15T08:21:49.592Z,Novia Ningrum,"Untuk menu 7.8/10 baik makan atau minum nya.
Service nya baik, saya kesana waktu makan siang antrean prasmanan panjang, minum lama datang dan tempat sedikit rumit untuk penataannya (karena diawal sudah diberi kertas tulisan nomor sesuai jumlah yg datang) jadi kita gbsa milih tempat klo pas crowded. Kurang rekomend buat lansia dan anak"" karena harus antri panjang sangat, tempat sedikit panass"
5,2024-10-14T18:48:50.787Z,Firman Mh.,Apa?
5,2024-10-13T12:59:35.741Z,Muhammad Hafiz Ziqrirahman,"Rame! Makanan dan orangnya. ??

Meski gitu, masih sangat enjoyable buat bawa keluarga, teman, dan ramean kesini! Meski harganya agak di atas, tapi worth it!"
5,2024-10-13T01:37:01.842Z,Sigit Wahyudi RM,"Lokasi nyaman
Menu enak
Pelayanan Cepat
Ramah"
5,2024-10-12T01:17:00.344Z,Andree Rayatuah,Nyaman enak ramah cepat
5,2024-10-09T05:38:22.013Z,Rakhmah,Sangat direkomendasikan ??
5,2024-10-08T11:09:01.789Z,Lina,"Masakannya enak, tempatnya luas.. cuma ngantri ambil makannya ngantri rumayan lama y, apalagi pas weekend harus bersabar.."
5,2024-10-06T16:08:49.228Z,Khristian Laua,"Tempatnya luas dan keren, makanan nya variatif dengan ciri khas makanan jogja, harga masih terjangkau ??"
1,2024-10-06T04:10:57.904Z,Cynthia Pinasthika,"Datang...
Dicariin kursi, tidak bisa pilih kursi sendiri...
Makan prasmanan, dimana beberapa kuah kecampur dgn kuah yang lain...
Nasi + 3 sayur = 14k
Lauk terhitung sendiri.

Lanjut makan, rasa rata rata, belum ketemu spesialnya.
Pesen mendoan 17k dapat 4 potong, yang datang tempe kriuk... Mungkin saya yang terlalu berekspektasi tinggi. Rasa tempe langu, ntah mau basi bisa jadi. Jadi tidak dimakan

Untuk datang berikutnya, pikir pikir lagi, harga lumayan pricy untuk menu ala cartenya.

Sekian"
3,2024-10-06T03:02:07.030Z,Gustanto Purbowo,Suasana ok makanan rasa kurang medok terutama paru dan ikan keranjangnya hambar rasanya
4,2024-10-05T18:38:16.277Z,Wahyu Adhitya,"Bagus,,harganya cocok untuk tempat yang sama. ??"
4,2024-10-05T10:37:53.216Z,jami jamm,"Banyak varian makanan tersedia. Dengan view sawah yang cantik.
Tempat makannya pun ada beberapa tema seatingnya."
5,2024-10-05T09:02:07.033Z,Cahyo Pak Presiden,Penuh semangat
5,2024-10-03T00:20:36.086Z,Adian Setio,"Habis kerja, mau rapat di sini..
begitu duduk, langsung lhess, lupa mau ngrapatin apa.. haha
Tempatnya, wah, syahdu banget.. ambienceny kerasa..
Makananny juga oke punya..

G bisa lupa rasane duduk malam2 d Pawon Mbah Gito, makan gorengan hangat, ditemani semilir angin.."
5,2024-10-02T23:44:36.900Z,anggit sanjaya,"Makan dan cemilanya bikin ngga mau berhenti makan, tempatnya bikin betah, parkirnya luas banget"
5,2024-10-01T12:17:20.286Z,Neos Club,"Bagi yg banyak waktu, bisa ke tempat ini, tempatnya agak jauh dari kota dan agak macet"
4,2024-10-01T06:12:26.340Z,ardian11,"Pertama kali kesini pas malam hari, suasana nyaman ga terlalu berisik. Buka dr pagi sampai malam hari.
Jampir semua open space. Ada area persawahan dengan lampu remang2. Ada kursi meja modern dan jadul.
Makanan ada yg ambil sendiri bebas, ada jg yg harus pesan. minuman kopi dan non kopi. Makanan sayur ndeso.
Ada nasi putih dan merah.
Ambil bandeng presto, tp tulangnya masih kurang lunak. Mohon utk dijadikan masukan"
4,2024-10-01T03:33:17.797Z,tasya fitria,"Lodehnya enak! Makanannya banyak dan. Beragam.. tempatnya juga gede luas dan cantik.. cuma kurang dipelayanan ajaaa, mbak2nya ramah tapi mas mas nya beuh! Kurenggg…. Hargaaa nya hmmmm masih ok"
5,2024-09-29T22:36:13.115Z,Tommy Page,Enak makanannya. Tempatnya nyaman. Recomended untuk dicoba.
5,2024-09-28T14:01:53.230Z,Awang Heranto,"Udah lama ga kesini, tempatnya makin luas, makin bersih, makanannya makin sedep di lidah dan ga terlalu manis. Servis satset, teh kopinya juga enak. Saran: tambahi kipas angin utk ngurangi gerah dan ngusir serangga kalo lagi musim panen."
4,2024-09-27T04:05:25.226Z,Sari Martha,"Menu masakan ndeso dengan berbagai macam pilihan lauk dan sayur. Nasi putih 2 atau 3 macam sayur 14k per porsi, kalau nasi merah 15k. Penyajian bersih.
Tempat luas dan nyaman. Bersih. Pelayanan baik dan ramah. Parkiran sekarang sudah lebih luas."
5,2024-09-26T04:31:23.236Z,Nurrizki Sekar Ayu,"tempat yg emang cocok buat ngobrol santai bareng temen atau keluarga, banyak pilihan makanan prasmanan jawa, kopi, pastry dll, makanan rasanya b aja, untuk harganya lumayan mahal ya mungkin di peruntukan untuk wisatawan jadi harganya segitu, tapi kalo buat warga asli jogja mening cari tempat lain buat sarapan/makan sianh, tapi tempatnya adem terutama yang bagian luar."
5,2024-09-24T02:47:34.408Z,Adi Wibowo,Menyesap
5,2024-09-22T11:30:58.169Z,Rizki Nuranda,"Puas bgt makan disini karena suasananya indah, makanan lumayan enak, staffnya helpful dan ramah ??

Parkir luas
Harga affordable
Menu makanan bervariasi
Menu minuman juga banyak
Toilet bersih
Mushola nyaman
Tempat makan luas, ada ruangan ber'AC juga..

Kalo ke Jogja, wajib sih nyobain Pawon Mbah Gito.."
5,2024-09-22T07:51:29.187Z,Aletha Nanda,"Hidden gem makanan ndeso rekomendasi di jogja, lewat jakal, udah di review trans TV, wendi cagur dll... Makanan enak ada desert, kopi dan bisa nemuin jenang Jawa yang jarang di temui dimanapun, viewnya cakep poll aesthetic dan cocok buat acara keluarga, arisan maupun acara lainnya, enak poll pokok e
??????"
5,2024-09-22T04:20:43.592Z,Hardi Hen,"Mencintai tanpa syarat.. Puaaaaas
nb. Kenapa jenang pagi doang, gak sampai malam seeehh......soalnya kita sempetnya kesitu pasti sore menjelang malam. ??????"
5,2024-09-21T10:14:33.133Z,Dolphin Phone,Tempat nyaman
5,2024-09-21T08:32:24.077Z,Agus Slamet,Tempat makan yg bisa anda dapat serasa dirumah simbah dikampung. Menunya cukup komplit dgn masakan2 daerah setempat/lokal.
5,2024-09-21T02:42:24.707Z,Hanenda Adinata Cakrawala,Pisang gorengnya enaaakkk
3,2024-09-19T23:51:02.914Z,Sticker Cutting,Sudah banyak makanan yang habis kita datang jam 18
5,2024-09-19T12:49:21.866Z,Moch Gunharsono,"Oallah..wisata kuliner iatimewa & mewah, sesuai namanya pawon dengan arsitektur yg jawa banget & menu makanan yg tradisional jd inget masa kecil uenak tenan. Serasa makan di rumah simbah sendiri. Mak Nyusss"
5,2024-09-18T07:09:47.622Z,Kt Nuri,Resto prasmanan ala jawa dengan menu masakan jawa yg komplit suasananya nyaman tempat bersih karyawan ramah...untuk selera kembali ke masing2 wedang jahe serehnya saya sukak ??????
5,2024-09-18T06:16:18.137Z,Giannisa Ovie,"Tidak yakin apakah tempat ini sedang tren di media sosial, tetapi ketika saya datang untuk makan siang di akhir pekan, tempat itu cukup sibuk. Anda harus mengantri untuk mendapatkan meja.

Mereka memiliki menu bergaya prasmanan dan juga ala carte tetapi hanya tersedia pada waktu tertentu. Misal di akhir pekan akan dimulai jam 3 sore.

Makanan khas Jawanya beragam, mulai dari sayur, ikan, ayam, daging sapi, telur, dan masih banyak lagi. Ada dua jenis nasi, nasi putih dan nasi merah. Anda dapat mengambil apa pun yang Anda suka dan kasir akan menghitungnya untuk Anda. Menurutku makanannya enak, tapi itu tidak sesuai dengan tingkat 'lezat' saya. Tapi tidak apa-apa mengingat lingkungan sekitar Anda saat makan.

Saya harus mengatakan pemandangan restoran ini luar biasa. Sawahnya hijau dan tampak segar dikelilingi tanaman hijau."
4,2024-09-17T16:32:34.104Z,Arin Aristia,"Pelayanannya sangat baik, semua teamnya ramah dan helpful. Kalo mau cari suasana pedesaan yang asri, angin semilir dari hamparan sawah, di sini tempatnya pas dan cocok banget.

Tapi untuk rasa makanannya biasa aja, cenderung manis semuanya. Bahkan Garang Asemnya pun manis."
5,2024-09-17T13:41:11.487Z,Nathifa Ramadhina Arsy,"Tempat yang sempurna untuk makan siang! Restoran bergaya prasmanan (Prasmanan) tetapi kita juga bisa memesan gorengan untuk berbagi porsi. penuh dengan makanan khas jawa yang sangat nikmat dan nikmat, mereka juga memberikan banyak pilihan minuman tradisional. tempatnya lebih luas dari sebelumnya yang bagus dan kebersihan tempatnya tidak perlu diragukan sama sekali. Pemandangan sawah yang bikin ngantuk sekaligus tenang jadi bonusnya, cocok buat nongkrong bareng keluarga & teman-teman atau bahkan sendirian untuk work from cafe (wfc). Meski terkadang ramai saat jam makan siang, para staf tetap mengelola tamu dengan sangat baik."
4,2024-09-17T12:03:01.410Z,Alfi Putri,"Dari pada ke tempat selanjutnya mending kesini, tempatnya juga sama sejuknya dan tidak terlalu ramai"
5,2024-09-17T06:43:01.041Z,rika meita,"Favoritku di sini cheese cake nya enak sekaliiii, tempatnya nyaman untuk wfc hehehe. Playlist lagunya bagus juga"
5,2024-09-16T03:33:06.385Z,Kara Lachelle,Tempat yang indah untuk keluarga dan anak-anak. Makanannya juga fantastis.
5,2024-09-15T15:29:59.058Z,Yanie Razif,"Cukup enak,"
4,2024-09-15T15:11:20.201Z,Nadya Arsanti Putri,"Rasa dan kualitas standar, harga bersaing, alur dan pelayanan baik, suasana sangat asri dan tenang"
2,2024-09-15T14:25:59.076Z,Glendika Rahma hs,"Waktu menunggu pesanan terlalu lama, sampai 2 jam. Saran untuk lbih diperbaiki manajemen dapurnya supaya waktu tunggu pesanan bisa lebih singkat."
5,2024-09-15T12:00:24.322Z,Noor Afiva Hidajati suaranya merdu sekali,lokasinya memang agak jauh dr jalan besar tp istagramable tempatnya
5,2024-09-15T10:01:52.621Z,Dedy Heryanto,Anda juga bisa
5,2024-09-14T16:51:58.790Z,Muharies Martin,"Best banget, tempatnya rame puoll"
5,2024-09-14T12:29:49.264Z,Temmy Ekarini,"Makanan nya enak, tempat nya jg nyaman"
5,2024-09-13T10:00:59.698Z,Arbi Prazt,suasana nya enak... asik buat tempat ketemu atau menjamu tamu atau temen
5,2024-09-12T13:30:32.645Z,titi ranti,Makanan enak suasana hati yang baik ??
5,2024-09-12T03:34:52.623Z,Anatomi Way,Bagus.. ??
5,2024-09-11T07:53:03.204Z,Novia NK,"Tiba jam 9 pagi dan masakannya banyak sekali sampai bingung pilih yang mana?? Yang lebih kaget lagi pas mau bayar, kok gak bayar pollingnya???? Saat kami sampai masih cukup sepi, sudah ramai karena banyak rombongan yang datang. Ada baiknya jika Anda sudah sampai di lokasi pada jam 9 pagi."
4,2024-09-11T03:16:59.196Z,Rifki Kurniawan,"Konsep yang dibawa Pawon Mbah Gito adalah prasmanan, jadi pengunjung bebas mengambil makanan dengan porsi yang diinginkannya.
Untuk menunya, ada banyak sekali pilihan masakan khas pedesaan, mulai dari sayur lodeh, terong, olahan jantung pisang, tempe bacem, telur dadar, daging, suwiran ayam, usus goreng, sate merah, ayam goreng, dan sebagainya."
5,2024-09-10T23:14:54.275Z,Zabaga,"Ini juga salah satu tempat kuliner di Yogyakarta yang punya view sawah bagus, karyawannya sopan dan ramah, hidangannya model prasmanan dan aneka macam menu. Can be visited."
5,2024-09-10T04:41:38.672Z,Afifah Nahda,Mantap sekaliiii next time pasti balik kesini lagiiiii
5,2024-09-09T10:27:48.099Z,alim,"Salah satu resto di jogja yang sayang untuk dilewatkan, areanya cukup luas banyak pendopo/area yang bisa menampung banyak pengunjung, ambience pedesaan Jawa sangat kental. Harga makanan masih affordable."
5,2024-09-09T05:06:31.975Z,Yuliarti Erawati,"Menu masakan Jawa ,letak ditengah persawahan, tempat nyaman untuk dinner bersama keluarga"
4,2024-09-08T15:30:26.108Z,Nurwidya Ambarwati,"Suasananya adem krn disuguhi pemandangan sawah, datang weekend lumayan rame full tempatnya. Makanan disediakan prasmanan kayak lodeh, sayur asem, ayam, lele, sate, telur lengkap tinggal pilih aja. Ada juga ala carte kayak bakmi godong, bakmi goreng. Ga lupa pesen cemilan pisang goreng krn enak ga kalah sama tmpt makan kopi2an viral sebelah. Tadi pesen es kopi nira gula aren oke sih rasanya dgn harga 32 rb. Le husband pesen wedang kopi mbah gito yg isinya full rempah ada kolang kalingnya. Makan ber lima plus cemilan ada tiramisu, pisang goreng, toast, bakwan jagung dan minumannya kayanya ada deh kalo 8 gelas abis Rp 391.500. Bakal balik kesini nyobain nongkrong ngopi malem2 kayanya asik deh"
2,2024-09-07T05:15:28.954Z,Nina Nina,"Tempatnya ditengah sawah
Mmg enak tempatnya
Tapi rasanya B aja tidak ada yg istimewa, harganya muahaaal
Nasi sayur 14rb & 15rb (nasi merah)
Ikan cuwek kecil 10rb
Sate ayam 1 tusuk 12rb
Es teh 10rb
Tempe garit 4.500
Mangut 13.500"
4,2024-09-06T07:29:20.934Z,Anastasia Dewi,Tempat bagus dan luas. Menunya banyak pilihan tapi pricey.
5,2024-09-05T11:51:21.301Z,Ainun Aya,Disini semuanya menyenangkan…tempat ny nyaman bersiiihhh banget…pelayanannya ramah dan cepat serta sopan2 dan. Menu nya enak2 dan yang pasti pas adzan aktifitas musik berhenti ????????????????
5,2024-09-04T08:02:10.034Z,Mas Bendhul,Makanan enak. Servernya ramah.
5,2024-09-03T16:35:30.020Z,Erwan Taufandhika,"Saya suka tempat ini. Ini sangat nyaman. Saya bisa melihat sawah dan merasakan udara segar juga di sini.
Saya suka makanan & minuman itu. Mereka enak.
Besar!"
5,2024-09-02T10:49:58.538Z,Endang Tri,"Semua makanannya enak ??????
Cuma koreksi untuk toilet terlalu kecil...mau masuk susah mau keluar jg susah krn pintu pres bgt dgn closet jd gak ada space buat orangnya"
5,2024-09-01T10:38:40.475Z,Traveler from konoha,"Suasana yang menyenangkan sangat nyaman!

Makanan, kopi, minuman semuanya enak"
5,2024-09-01T06:47:58.035Z,ridwan arisky,Semangat terus berlanjut
5,2024-09-01T06:31:01.219Z,Sarah Fauzia,Tempatnya cozy dan makanannya enak
5,2024-09-01T03:30:07.838Z,Pandya Tour,Menu hampir sama dengan tempat makan sejenis
5,2024-08-31T07:55:57.071Z,Suyadi Pardiyo,"Masakan & ruangan oke, mushola luas dan bersih. Ramah pelayanan nya.

nyaman untuk bersantai & reunian juga pertemuan.

Jadi ingin kembali ke sini."
4,2024-08-30T03:01:15.755Z,Gabrielle,"Tempatnya lumayan jauh tapi suasananya bagus.
View nya juga bagus , ada kolam ikan, soang. Dll

Tapi makanannya kurang banyak menunya ya.
Wedang jahe nya kurang berasa jahenya deh..
Rawon lumayan.  Pisgor enak manis"
5,2024-08-30T01:08:24.404Z,Luhdrini Nilamtiti Dampararas,"Rekomendasi resto prasmanan keluarga di Jogja. Pilihan lauk dan sayurnya banyak. Viewnya juga oke. Pelayanan sangat baik. Pelanggan disambut dan dicarikan meja yang tersedia.

Kami mencoba beberapa lauk dan sayurnya, enak semua. Di sini nasinya hanya tersedia nasi putih (tidak ada nasi merah/nasi jagung). Piring dan alat makan ada di dekat pintu masuk. Yang paling berkesan lauknya untuk saya ayam tepung krispinya. Masih hangat dan renyah. Oseng daun pepayanya tidak pahit. Sayur sopnya juga seger. Selain menu prasmanan dan minuman, di sini juga menyediakan beberapa jenis pastry dan dessert.

Pembayaran di belakang, namun setor makanan dulu ya di kasir buat dihitung. Walau selalu ramai pelanggan, pelayanan relatif cepat dan membantu. Area dine-inya luas, jadi aman buat yang dateng ramean. Bisa reservasi, ketentuan : pemesanan H-1, minimal 15 orang dengan pesanan sesuai jumlah reservasi. Info lebih lengkap bisa chat adminnya aja.

Parkir luas. Rada jauh dari Kota Jogja, tapi cukup sepadan kok pengalamannya."
4,2024-08-29T17:59:48.099Z,Budianto Budianto,"Dari segi tempat, bagus & nyaman
Dari segi menu makanan, enak & yummy
Dari segi harga, terjangkau"
5,2024-08-28T15:21:40.116Z,Sebastian Indonesia Tour & Travel,"Ini adalah tempat yang bagus untuk menikmati makan malam, memiliki tempat parkir yang luas, meja dan tempat. Makanannya enak sekali, saya suka makanan lokal yang disajikan di tempat itu dan juga restorannya memiliki pemandangan sawah yang indah sehingga bisa menyegarkan pikiran kita."
5,2024-08-27T07:08:24.358Z,Bambang Kurniawan,"tempat nyaman, suasana desa, makanan enak rasa rumahan, parkir luas meskipun masih tanah berbatu"
3,2024-08-25T12:50:09.630Z,Lusi Megawati81,"Tempetnya aja yg bagus alami karna dtg di sore hari sblm magrib..prasmanan nya jauh dari rasa enak maaf ya enggak worth it dengan harga segitu
Tempet parkirnya juga berdebu...."
5,2024-08-25T04:20:10.135Z,Tony Fahrudin (TONY),Tempat luas dan nyaman
5,2024-08-24T12:07:13.359Z,Agus Setiawan,"Rekomendasi banget utk tempat santai, tempat makan keluarga.. makanannya enak dan byk pilihan, parkir lumayan luas.. tempat cozy banget.. ??????"
5,2024-08-24T10:05:27.540Z,Intan Permata Sari,"Makanannya enak semua, servicenya baik, sistem pemesanannya terbaik sehingga tidak chaos, dapat tempat duduk sebelah jendela dan sawah sangat enak udaranya ??"
4,2024-08-24T02:43:22.285Z,lia masrofah,Aku baru makan disini dan makananku lama sekali keluarnya.. padahal tamu yang datang setelahku semua sudah terjual. Hingga ibu saya marah kepada petugas tersebut.
5,2024-08-24T01:10:48.491Z,Yanti Nurhayati,"Makanannya enak,,tempatnya nyaman,,pelayanannya ramah-tamah ????"
5,2024-08-21T05:27:40.946Z,fitrana almasmida,Qmbience yang sangat bagus dan staf yang membantu
5,2024-08-20T15:55:22.458Z,Priyanka Dewa,Tempat sarapan yg cozy
4,2024-08-19T00:41:57.635Z,Lepi Husdarmiad,"Masakan enak2. Lokasi luas.
Sukses selalu."
5,2024-08-18T14:29:13.086Z,Nani Maharani,"Makanan khas Jawa yang enak bisa Anda temukan di sini. Kopinya memang kurang sesuai dengan selera saya (saya mencoba Kopi Susu Mbah Gito), namun patut dicoba jika ingin merasakan kopi ala Indonesia."
5,2024-08-18T07:28:41.711Z,nomaden R N S,Makanannya enak
5,2024-08-17T18:11:25.984Z,Bayu Aji Mandiri,"Kesan pertama datang ke pawon mbah gito adalah rapih.. dari depan mulai area parkir sampai ke dalam .. teratur dan di atur dengan baik..

Sebelum masuk ke dalam kita di data terlebih dahulu untuk nomor antrian meja.. kebetulan saya kesana saat jam makan siang.. saya dapet antrian nomor 5.. tidak lama kemudian saya dipanggil untuk masuk dan menempati meja yg sudah disiapkan pawon mbah gito.. ternyata cara begitu baik sekali untuk menghindari tamu tidak nyaman saat makan.. dan meminimalisir keributan2 yg biasa terjadi karna rebutan meja.. kebetulan saat saya sedang makan .. ada tamu yg sudah ambil makan tapi tidak terdaftar di depan pintu masuk.. jadi saat dia menempati meja kosong dan ditanya oleh petugas .. dia bingung dan petugas terlihat kesal.. pikir saya mungkin terbiasa di pawon2 lain atau di tempat2 viral lain yg tidak menerapkan sistem seperti di pawon mbah gito.. dan yg paling membuat saya kagum adalah saat siang itu masih banyak meja kosong.. tapi di area yg terkena langsung matahari.. dan itu tidak diberikan oleh pawon mbah gito kepada tamu.. artinya pawon mbah gito betul2 menjaga kenyamanan tamu saat menikmati menu2 nya..

Dari sisi makanan dan minumannya bener2 terbaik.. rasa nya ndeso tenanan.. ada 1 rasa khas di tiap makanannya dibanding makanan sejenis nya di tempat lain.. maknyos top markotop jos gandos..

Sukses selalu pawon mbah gito.."
5,2024-08-17T14:04:02.472Z,tutus fajar,"Tempat nyaman, terakhir kesana belum luas.. Skrg jadi makin luas dan bagus atmosfer nya"
5,2024-08-17T06:34:08.728Z,Muhammad Subli,Poko istimewa..
5,2024-08-17T01:58:59.713Z,Salma Azizah,"Resto yg menyajikan berbagai macam pilihan masakan rumahan, dari segi rasa 8/10.
Kalo kesini jelas antriannya, ngga harus berebut makanan atau tempat duduk.
Disini ada banyak pilihan cake dan pastry.
Tempatnya luas dan mudah dicari, rekomen ??????"
5,2024-08-17T00:12:30.631Z,Okta Dwi Jayanti,"tempatnya nyaman dan asri, pelayanan sangat ramah, makanannya juga enak”, sangat recommended ??"
4,2024-08-16T08:30:30.877Z,John Said,"Makanan lumayan, cocok dengan lidah. Banyak jenis makanan yang tidak ada di resto atau warung lain. Recomended buat orang yang suka coba suasana baru"
5,2024-08-16T07:53:09.275Z,Pradipta Pamungkas,"Pertama kali datang sudah dibuat nyaman, pilihan menunya banyak dan rasanya enak. Harganya pas dan sesuai"
5,2024-08-15T13:43:49.120Z,Hanif Andrian,Sangat Jawa sekali tempat makan ini...pelayanan ramah luas bersih..
5,2024-08-15T12:38:02.632Z,graffin,bersyukur
5,2024-08-15T07:34:54.357Z,gani mukti,"Tempat favorit utk sarapan.... Suasana enak, rasanya jg mantap."
4,2024-08-15T00:46:38.898Z,deddy irwidycs,Tempat yang sangat bagus dengan pemandangan hijau beeakfaat atau makan siang di tengah sawah dengan banyak varian menu rumah dan minuman. Restoran yang direkomendasikan
5,2024-08-15T00:16:51.075Z,Dessy Suwanti,"Makan ambil sendiri prasmanan sesuai selera, pilihan sayur dan menu banyak, jenangnya enak, suasananya jg enak alam sawah, lokasi mudah dicari, parkiran jg luas.."
5,2024-08-14T01:25:36.865Z,Ivan,Banyak pilihan untuk sarapan atau makan siang
3,2024-08-13T17:35:32.867Z,shabrina filda,"Sebelum nya maaf ya, rasa nya kureng bgt. Semua masakan serba manis. Aku asli jogja tp smp pusing saking semua semua manis. Sambal juga ga pedes. Sayur pepaya juga masih pait bgt. Ayam cabe aku kira pedes eh trnyata manis nis. Soun juga dibikin manis ga ngerti lg sama yg masak ga balance bgt. Tolong sekiranya gausa terlalu manis krn kan yg datang juga banyak dri luar jogja. Tempatnya oke, harga juga ya masih masuk akal asal rasanya diperbaiki. Cukup sekali kesini????"
5,2024-08-13T09:58:55.004Z,Reni Swastika,"Tempat makan prasmanan, ada juga menu ala carte kalau malam, selalu rame pagi siang malam, pilihan menu nya banyak bervariasi, masakan rumahan dan menu tradisional, tempat enak dan cukup luas, tempat parkir jg sudah diperluas, harga affordable. Toilet lumayan bersih, ada mushola."
4,2024-08-13T06:15:39.666Z,Grace Agustin,"Makanannya enak tp ya enak aja gitu ga yg gmana2

Tempe mendoannya malah jd tempe crispy ??
Bakwan jagungnya jg tipikal crispy
Bakmi gorengnya agak lama yaa dtg ny ???????"
5,2024-08-13T01:11:49.649Z,Heeda asnawiida,"Makanan enak, suasana nyamaaannn banget, mushola, km mandi bersih."
5,2024-08-12T17:11:28.378Z,T Trywidiarini,"Perkembangan pawon mbah gito amat pesaat.
Selamaat"
5,2024-08-12T11:30:01.782Z,Evelyn Zwendria,"cocok untuk wisatawan atau turis, tempatnya bersebelahan dengan sawah. sekalipun cuaca panas, udaranya cukup sejuk. untuk makanannya enak, pelayanannya oke. variasi menunya banyak juga. dan sekarang tempatnya diperluas jadi banyak opsi mau duduk di area mana"
5,2024-08-12T07:34:18.609Z,DJ Willy Artha,Tempat yang nyaman
5,2024-08-11T12:16:23.889Z,haris rahman,Enak makanan dan suasananya. recomended
4,2024-08-10T22:33:21.954Z,Dwi Wicaksono,"Sepertinya sekarang trennya makan tepi sawah & ini yg menjadi ""tema"" dari tempat makan ini.
Lokasi mudah dijangkau, sesuai dengan yang ada di gmaps.
Makanan & minuman rasanya cukup enak, cenderung manis seperti makanan di Jogja kebanyakan. Disini anda dipersilahkan memilih & mengambil makanan sendiri, self service. Harga standar, masih cukup affordable.
Atmosfernya, seperti diawal, adalah makan tepi sawah. Cukup luas & banyak meja makan, walaupun sedikit harus hunting meja, karena pengunjung yg lumayan banyak. Parkiran juga cukup luas."
3,2024-08-09T00:51:49.959Z,Pp T,"Ternyata hanya menjual suasana ya, untuk makanan masih belum improve dari dulu. Rasa biasa saja bahkan cenderung kurang. Sayang sekali yg datang jauh-jauh, harus antri lama dan menunggu makanan tiba yang saat dicicipi ternyata rasanya tidak sesuai.."
5,2024-08-07T13:19:29.755Z,Diana Safitri,"Terakhir ke jogja sekitar thn 2022 mampir nya ke ""Bakmi Jawa Mbah Gito"" nya, skrg alhamdulilah sudah ada ""Pawon Mbah Gito"" yang lebih lengkap dan restonya sangat luas dengan berbagai variasi tempat duduk, seperti biasa service sangat baik, semua kru resto yang bertugas sangat ramah dan responsif,makanan nya enak2, berasa nostalgia seperti berada di rumah nenek dikampung halaman, menu lengkap semua ada, jangan lupa kalo ke Mbah Gito harus pesen bakmi jawa godognya krn seenak dan se-ngangenin itu rasanya????"
5,2024-08-07T03:12:52.353Z,A B,"Cozy Place
Prasmanan Lengkap
Fasilitas Lengkap
Akses Mudah
Pelayanan Ramah"
5,2024-08-07T01:07:40.325Z,agnitya ariefani,"Pawon Mbah Gito memiliki banyak varian menu, dari makanan rumahan sampai perbakmi jawanan
Lokasi luas dengan joglo khas, parkir mobil motor luas, terdapat mushola dan toilet yang bersih
suasana nyaman dengan pelayanan yang ramah"
4,2024-08-05T07:20:42.760Z,ananda lesmana,"Dari segi tempat cukup luas, estetik dan nyaman, siang hari juga cukup nyaman untuk berlama lama dsini, makanan menyediakan indonesian food prasmanan seperti tempat makan di jakal atas yg antri panjang itu, untuk rasa nggak kalah bisa djadikan alternatif. Untuk pelayanan cukup cekatan hanya saja kurnag informatif"
5,2024-08-04T07:59:45.139Z,Dyah Ayu Wulansari,"Makanan nya enak sekali, menu rumahan. Terdapat cake2 juga. Kopinya mantap. Harganya jg terjangkau.  View nya tjakep banget..spot persawahan. Paling oke bila datang sore.tdk panas dan bisa bebas berfoto."
3,2024-08-04T07:25:05.269Z,dyah daeng,"Tempat parkir sempit dan debu sekali,
Makanan kurang gurih"
5,2024-08-04T01:29:16.131Z,kuring Budi,Lokasi yang nyaman untuk berinteraksi dengan keluarga dan sahabat dengan masakan khas Jogjakarta..
5,2024-08-03T14:18:09.932Z,Kris Marsongko,"Sabtu 3 Agustus 2024 jam 16.40 saya makan disini.
Tempatnya bagus bersih makanannya enak....."
5,2024-08-03T04:03:10.348Z,SASTIKA PUTRI RD123,Menu desa
5,2024-07-31T13:42:39.787Z,Miraa,"Makanannya komplit, variatif, enak. Space nya teduh, nyaman, sembribit. Andalanku tetep pisang goreng + wedang serehhhh??"
5,2024-07-31T13:23:37.264Z,Suratman 1980,"Tempatnya luas, nyaman, suasana pedesaan. Makanannya juga enak. ??????"
5,2024-07-31T12:09:10.136Z,Konan Seja,Rasa yang bukan cuma enak tapi selalu membuat ingat masakan ibu. Pilihan masakan yang sangat bervariatif. Makan disini sekaligus bersedekah karena sebagian keuntungan penjualan akan disalurkan ke saudara kita di Palestina. Mari menikmati masakan yang enak dan membantu saudara kita yang membutuhkan...
3,2024-07-29T00:48:58.841Z,widha -dha,"Makin kesini kok makin aneh aturannya..,."
3,2024-07-28T15:34:08.407Z,Theresia Ria,"Menu rumahan yg disajikan dg suasana syahdu,makin kesini pelayanan lebih gercep,tempat duduk makin diperluas,tempat parkir juga luas...??"
5,2024-07-28T14:38:15.078Z,Arum Setya,"Pilihan makanan banyak, kursinya jg banyak. Memang harganya agak pricey tp worth the experience. Tapi sangat di sayangkan tadi tukang parkir bilang kalo didalam penuh antri banyak, ya memang antri tp masih oke lah antriannya tidak terlalu lama, kursinya pun jg masih banyak kesannya menyuruh kita untuk mengurungkan niat makan disana."
5,2024-07-28T14:06:33.768Z,Dhie esti,"Tambah luas. Makanannya selalu enak. Pisang gorengnya selalu jadi cemilan favorit. Tapi pas duduk di pojokan kecium bau gak enak, sepertinya bau kotoran burung. Jd agak kurang nyaman saat makan."
5,2024-07-28T13:38:54.339Z,NU-NA sUKa sUKa,"Tempat makan dari mulai untuk sarapan sampai makan malam. Cocok utk nongkrong dan makan bersama keluarga. Menunya makanan dan minumannya sangat bervariasi. Masakan ala rumahan dengan disajikan secara prasmanan. Ada minuman favoritnya juga.
Pelayanannya baik, sudah disambut dari pintu masuk, diantarkan sampai ke meja yang masih kosong. Koordinasinya sangat baik.
Tempatnya luas banget, tersedia banyak meja yang bisa untuk berdua dan juga keluarga, suasananya nyaman terletak di pinggiran sawah yang mengelilingi area resto. Membuat suasana nyaman dan sejuk utk menikmati makanan.
Parkirannya lumayan luas, bisa menampung banyak mobil dan motor."
5,2024-07-28T05:24:03.838Z,Juwita Hapsari,"Makanannya enak dan murah. Makan sepuasnya hanya 60 ribu. Kalau ke Jogja, saya harus mampir ke sini untuk jajan"
5,2024-07-27T11:47:36.976Z,Agung Widodo Listyatama,"hari ini rame banget, tapi pelayanannya bagus dan cepet.

makanan selalu sedep manteb. alhamdulillaah"
5,2024-07-27T09:27:39.119Z,Destiny glory Christianna (DGC),"Tempatnya nyaman, servicenya baik. Menunya juga relatif banyak pilihan."
5,2024-07-27T03:44:59.920Z,Ratu Prabu,"Ini menarik,,"
5,2024-07-27T01:09:42.122Z,Yudi Hartono,"makanan khas rumahan, enak, banyak pilihan menu, tempat luas, dekat dengan uii, akses mudah, tempat luas, mushola bersih dan nyaman"
5,2024-07-25T06:43:06.050Z,Hadi Esthree,"Tempat luas dan nyaman, makanan lumayan enak dan ramai pengunjung."
5,2024-07-25T05:52:51.215Z,Atib Najam,Makanan lumayan enak dan tempat nyaman tapi sarana kapasitas bangku kurang banyak kalo pas ramai bingung mau cari tempat
5,2024-07-25T05:10:05.495Z,chaya wirayatno,"Makanan & minumannya enak².
Tempatnya nyaman dan bersih, serta pelayanan yg ramah."
4,2024-07-24T18:48:14.691Z,Miss Thee,"Gak sengaja nemu tempat ini d G-maps krn searah dgn sop iga yg lg viral dan karena trnyata sop iga itu hanya buka hari Minggu, trpksa mampir ke resto ini krn sudah lapar.Tempat nya bagus buat bersantai, kid friendly juga. Tapi rasa makanan yg teringat hanya pedas,selain nya mnrt saya B aja,malah ada yg hambar."
5,2024-07-24T07:32:07.766Z,nuklear adiwena,Agak pricey tp oke banget
5,2024-07-24T07:20:27.409Z,dynanti asfikarani,"Bikin nagih, nyandu pengen kesana lagi"
5,2024-07-24T01:21:37.726Z,aryane kurnia,Makananny enak...suasananya adem bikin betah aj...dan pelayananny ramah banget...semoga tambah sukses ya pawon mbah gito selalu ramai dikunjungi dan berkah...
5,2024-07-23T15:42:30.505Z,Kinan Ardita,"Kesini bareng temen-temen, ada yg pesen makanan langsung (lewat waitress, ada yg ambil prasmanan langsung), dan semua makanannya enak!!!! Murah juga????
Sayangnya kesini pas malem jd pemandangannya gak gitu keliatan tapi tetep enakeunnn tempatnya!!!

Sukses terus Pawon Mbah Gito, Bismillah semoga bisa cepet kesini lagi!!!!??"
4,2024-07-23T14:03:31.078Z,Gina Putri,"Opsi makanan nya banyak, enak, tempatnya nyaman luas dan kids friendly. Makan ber 14 cuma habis 500rb an jadi harganya sangat masuk diakal"
5,2024-07-22T16:09:16.347Z,Rarity12,tmptnya nyaman bgt kek rmh nenek
5,2024-07-22T14:46:51.327Z,Priyanto Utomo,Satu kata: Enak
5,2024-07-22T02:29:45.195Z,Widowati Proborini,"Makanan nya enak, saya pesan ikan mangut, kering tempe, pisang goreng es dawet, semua nya uwenak puollll. Makan disuguhi Pemandangan sawah hijau. Ada musolla juga. Enak tempatnya meski jauh"
5,2024-07-22T01:54:31.665Z,gerrard leon,"enakkk makanannya , segerrr suasananya
mantappp
rasakan kenikmatan nya makanan pawon mbah gito, serasaaa pulang ke rumahhh dan dimasakin makanan sama mama sendiriiiiii
saking nostalgianya ??????"
5,2024-07-22T00:38:15.483Z,Soni Nurjaman,"Mantappp masakannya gak pernah bosan untuk sarapan disni??????
Pegawainya juga ramah , semoga makin larisss manisss"
1,2024-07-21T05:50:00.027Z,RISTRA ADIATAMA,"Parahh... pelayanan kebersihannya, meja belom bersih malah disuruh duduk di mejanya, pelayanan gmn ini, konsumen udah berat2 bawa makan ke meja makan yg di suruh, ehh... ternyata meja makannya masih bekas orang belum dibersihkan.
Aneh nya lg pegawai MALAAZZZ... udah tahu dn lihat ada orang bawa makanan dn udah duduk dimeja yg masih kotor sesuai arahan petugas order. Ehhh... ini cm di lihatin doank sm yg bersih bersih.... padahal udh di panggil tp sok sok gak lihat.., kacau... MANAGEMENT/SPV nya di cek lg lah ini jangan makan gaji buta.... sekian, terimakasih masakannya, but NO untuk pegawainya..."
5,2024-07-21T05:01:04.814Z,Bu Mijo,"Menu masakan jawa, rasanya enak, tempatnya luas dan nyaman. Lokasi di daerah pedesaan, mewah (mepet sawah) parkirannya luas. Dijamin betah nongkrong disini"
5,2024-07-21T01:26:48.860Z,Wisnu anugrah pratama,"Tempat yang bagus untuk membawa keluarga Anda untuk makan siang atau makan malam. Restoran ini menyajikan masakan Jawa rumahan dengan beberapa menu modern juga.

Anda akan merasakan gaya ""prasmanan"" atau melayani diri sendiri di sini. Makanannya enak & harganya masuk akal."
5,2024-07-19T22:43:37.390Z,Girda,Tempat makan yang sangat nyaman dan bersih. Makanannya sangat enak dengan rasa khas masakan jawa. Harganya sangat terjangkau. Sangat memuaskan !
5,2024-07-19T13:55:43.844Z,Ilham Rifandi,"Kalau pergi ke tempat makan seperti ini bawaannya ingat keluarga besar. Pengen boyong orangtua dan mertua ke sini karena bakalan suka banget dengan makanannya yg otentik dan suasananya yg nyamanin parah. Ada mkanan untuk orang dewasa dan juga untuk anak-anak, lengkap variannya."
5,2024-07-19T12:00:07.081Z,chandra gutama,recommended banget sih ini .
5,2024-07-19T05:56:31.672Z,Dio Kurnianto,"Makanan enak, suasanya tempat nyaman seperti dirumah"
5,2024-07-19T00:42:58.217Z,UlasanReal,"Lumayan jauh dari hotel yg kami nginap ke resto ini, sekitar 30 menit. Tp Masya Allah cape terobati dengan suasana dan juga banyak pilihan menunya. ??"
5,2024-07-18T13:28:16.278Z,Tugu Kota Cilegon,Nyaman & Mengesankan dengan suasana pedesaan serta menu makanan rumah
5,2024-07-18T12:59:41.251Z,Ayu,"lokasi cukup strategis, parkir cukup luas, tempat bersih.jam 7 pagi sudah buka, dan ga antri banget. menunya variatif, rasanya enak banget (rekomendasi telor dadar), mejanya cukup banyak, viewnya bagus langsung ke sawah, toilet bersih, ada musholla juga, harga cukup terjangkau (tergantung menu).
rekomendasi banget buat kulineran di Jogja."
5,2024-07-18T08:55:34.420Z,Kusuma Yudha,"Belum nyoba semua seh, selalu rame di jam makan siang, banyak opsi menu.
Pembayaran bisa Qris (kalau diatas 150rb ya)"
5,2024-07-18T02:27:43.162Z,Tripku Jogja,"Sangat recommend secara keseluruhan
Menunya banyak dan enak
Suasananya cakep"
4,2024-07-17T08:33:52.243Z,Hanif Nurjelita,Mau bayar pke qris trnyta pembelian min 150rb baru bs.. akhirnya byr cash untung nya bawa uang cash..
5,2024-07-17T05:36:37.972Z,Asep Hendrawan W,"Tempat cukup nyaman, sejuk & asri. Bisa pilih makanan yg langsung tersedia ala prasmanan. Cukup rekomen untuk bersama keluarga, teman atau sekedar ngopi + goreng pisang....
Tempat parkir lumayan luas......"
2,2024-07-16T18:03:14.521Z,Angel Riesa,Terima kasih banyak atas bantuan Anda.
5,2024-07-16T03:45:52.564Z,Eka Fisha,Nyaman
5,2024-07-15T15:02:59.443Z,Ibok Tina,Pesan minuman judulnya enakkk wedang2 nya unik dan otentik
5,2024-07-14T16:42:57.583Z,Edy Effendi,"Masakannya cocok, enak..."
5,2024-07-14T13:38:54.449Z,B P,Restoran tradisional terbaik di jogja ????
5,2024-07-14T12:48:09.806Z,Diah Dianingtyas,"Sayur dan lauknya beragam dan enak. Harganya cukup murah. Tempatnya nyaman dan cukup tenang. Minumannya beragam tetapi harganya agak mahal menurutku. Pelayanan cukup baik, cuma kmrn minuman yg dipesan agak lama datangnya. Makanan sudah habis minumanya blm datang hahahahaha...tapi mungkin karna ramai."
4,2024-07-14T06:44:26.684Z,Nisa,suka banget sama makanannya beneran rasa jawa banget. ngingetin sama masakan mama. cuma satenya merah agak kurang konsisten. ada kalanya enak. kadang kepedesan kadang kemanisan. untuk pelayananya oke banget disini. pesen wedang sereh juga lama banget sampe makannya udah habis. mungkin harus beli di pasar dulu ??
4,2024-07-14T03:53:14.091Z,papabay,"Impresi pertama: lantainya disapu lagi setelah pengunjung selesai makan.
Crewnya sopan, masakannya enak.
Sepoi-sepoi cocok buat bersantai."
4,2024-07-14T01:16:51.481Z,Kamaluddin,"Suasana nyaman, makanan recommended mngkin harga agak terlalu mahal... Persepsu pribadi"
1,2024-07-13T06:22:25.045Z,Novan Doni,Rasa makanan sangat biasa&harga makanan tergolong mahal"&tidak ramah dikantong
4,2024-07-13T06:12:20.870Z,Triwidodo Ichijyo,"Tempatnya enak dan nyaman, dengan air alami dari gunung merapi ( kata karyawannya) untuk mengaliri kolam ikan dan sungai buatan, serta prmandangan sawah. Ada angsa dan burung Cockatiels jinak yang bikin anak-anak suka. Rasa makanannya biasa saja sih.

Nice place with ponds filled by natural water directly from mount merapi (according to the employee's info), artifial creek, and rice fields view. There's a goose and cockatiels that make children happy. But the foods taste are average."
5,2024-07-13T05:04:17.241Z,Fifi,"Tempatnya bagus, nyaman dan cocok buat ajak keluarga atau teman.
Makanannya pun enak, better kayaknya dateng sorean biar agak adem"
5,2024-07-13T00:13:36.542Z,Adilla Carolina,"Tempat nya lebih luas skr, makanan byk pilihan, rame2 sama keluarga jg ok makan disini."
4,2024-07-12T18:46:15.204Z,bernard goni,"Ciri khas makanan rumahan yg menggugah selera, di tambah suasana pinggiran sawah melengkapi sore di Jogja ??"
5,2024-07-12T06:55:49.801Z,Bayu Nugroho,"Makanan dan suasana benar benar oke, karena masih waktu liburan sekolah dan weekend jadi cukup padat dan pelayanan cukup terpengaruh akhirnya ada miskom untuk pesanan minumnya, tapi untuk lainnya sudah oke ??"
5,2024-07-12T06:52:26.497Z,nikmat tea,"Rumah makan yg nyaman banget, makannya menu sederhana kaya kampung halaman, telor dadar, sayur daun pepaya, dll.

Suasana jg nyaman, pemandangannya jg mantep bgt area persawahan. Dan mantep banget buat menuhin memori hp.

Disini jg ada mushola dan toilet. Lengkap pokonya. Area parkir jg cukup luas"
5,2024-07-12T03:19:34.256Z,Nisa,"Pas datang, masuk disambut staf, ditanya udah reservasi belum jg ditanya brp orang, yg selanjutnya staf td akan mencarikan tempat duduk yg pas buat kami. Mantappp, pelayanan yg bagus. Setelah itu disuruh masuk lsg ambil menu dan ke kasir utk dihitung tp tdk lsg bayar, bayar nanti setelah makan. Menunya macem-macem, makanan tradisional. Tp menu anak anak jaman skrg juga ada, jd buat kami sekeluarga cocok dan pas. Toilet juga bersih, mushola nyaman. Musik yg diputar jg nyaman, musik"" tempo dulu. Makan sambil ditemenin angin semilir, nyaman deh."
5,2024-07-11T12:04:48.112Z,Sahabat Review Jujur,Tempat makan yang direkomendasikan??
4,2024-07-11T11:54:34.520Z,Raja,Juoszz Tuenan
2,2024-07-10T10:19:05.278Z,Nat,"Layanan ini pasti membutuhkan beberapa perbaikan. Gadis dengan HT terlihat sangat lelah dan sibuk, tapi ternyata tidak. Saya seorang pecinta kuliner yang selalu mencari makanan enak dan layanan hebat, tapi bagi saya tempat ini meleset dari sasaran. Oh, kecuali pisang gorengnya—enak sekali!

Bahkan Kopi Klot*k, dengan banyaknya pelanggan, selalu berhasil dalam pelayanannya. Silakan belajar dari mereka :)

Bagaimanapun, latih staf Anda lebih baik dan Anda akan mendapatkan umpan balik positif dari pelanggan. Itu kuncinya. Terima kasih!"
3,2024-07-09T23:39:23.311Z,Wulandari Unggul,"Jam setengah 7 tp menu prasmanan sudah banyak yg habis jd terpaksa pesan menu yg di papan. Untuk mie lethek rasanya oke, tp pesanan yg lain datangnya lama sekali, bahkan ada 1 menu yg hrs dicancel saking lamanya. Nasinya juga keras, seperti nasi tidak matang. Wedang jahe serehnya dibuat asal2an, hanya dituang air anget, bukan air panas. Perlu diperbaiki lagi standar penyajiannya, jangan mentang2 rame lalu asal2an."
5,2024-07-09T08:52:18.522Z,Aji Kiyat,"Enak, tempat asyik, tapi kadang harus sabar buat antree"
5,2024-07-09T08:15:37.275Z,mujo surono,"Tempatnya asyik dan bersih, vibesnya modern minimalis"
4,2024-07-09T03:28:30.032Z,aderunome,Aku memang kurang suka makanan manis meskipun pernah hidup di jogja cukup lama. Tapi service nya bagus. Atmosfer nya juga enak
5,2024-07-08T03:22:26.963Z,Raos Eco,"Makanannya enak, tempat nyaman banget. Syuka akunya??"
3,2024-07-07T22:22:14.543Z,Evrisya Glorys,"Tempatnya semakin diperluas, semakin nyaman.."
5,2024-07-07T14:12:00.043Z,Ivan Pradana,"Salah satu resto Hidden Gem yang lokasi nya tidak dekat dengan jalan utama. Tempat nya bernuansa tradisional dan nyaman sekali , terdapat pemandangan sawah dan suasana nya tenang. Makanan nya terjangkau dan rasanya enak"
4,2024-07-07T08:55:14.470Z,Wahyu Wulanningtyas,"Aneka masakan dan minuman yg enak rasanya...  Makan berat tersaji prasmanan, aneka snack dan minum pesan di kasir. Di hari minggu pagi sy datang, antrean panjang di tempat prasmanan makanan mungkin krn tempat agak sempit di area makanan. Mungkin bisa dibagi 2 lajur shg tdk antre panjang.
Saya suka Pisgor dan bakwan jagung .. Utk makan berat , rasa di atas standar.. enak ."
5,2024-07-07T07:01:30.317Z,Sabrina paramitha,"Tempat makan makanan tradisional..
Dengan aneka menu ""ndeso""..
Wajib coba minuman ""wedang mbah gito""..
Ada mushola dengan konsep terbuka..adem..
Parkiran luas..
Cenderung ramai saat jam makan siang..
Buka jam 07.00 - 21.00 (weekday) dan 07.00 - 22.00 (weekend)"
4,2024-07-07T03:37:30.623Z,Agus Setiawan,Tempatnya asri ada kolam ikan dan angsa...tempat duduk nyaman
5,2024-07-06T16:34:36.193Z,Edwin Wijayanto,Makanan yang sangat murah dan berkualitas baik
5,2024-07-06T04:07:25.747Z,Ella Arunityas,"Masuk, antri meja karena emang pas musim liburan
Setelah dapat, antri lagi utk ambil makan bentuk prasmanan
Makanan minuman macem², masakan jawa rasa masakan cukup enak
Tapi saya lebih suka gorengannya: tempe goreng, pisang goreng n bakwan jagungnya kriuk² enak
Tetep teh ndeso panas favoritnya, khas² teh jogja solo

Setelah makan kenyang masih antri lagi buat bayar"
5,2024-07-06T02:08:12.172Z,anang k,Lokasinya bagus dan bila makan malam disini suasananya mendukung
5,2024-07-05T07:49:44.014Z,Supriono SPD,Tempatnya yg estetik minuman rempah yg menyegarkan dan menyehatkan
5,2024-07-05T02:44:05.226Z,Fenita Fransisca,"Pas jam makan siang cukup ada antrian karena sistem ambil sendiri.. rasa makanan oke semua, hanya tempat agak jauh dr pusat kota"
4,2024-07-04T11:11:38.754Z,Peny Pujiati,"Suasananya enak, makanannya biasa saja sih, mungkin karena lama disajikan jadi menurut saya kurang fresh. Harga untuk ukuran Jogja, cukup mahal. Kayak harga di Jaksel ??."
5,2024-07-04T02:29:25.135Z,nanz aboey,"Makanan aslinya enak sekali....tempatnya juga nyaman, sangat menyenangkan mengunjungi tempat ini"
5,2024-07-03T22:37:25.544Z,Emi Purwati,"Tempat makan enak, teratur pelayanan nya, tertata dr awal kursinya... pemandangan sawah, kolam ikan"
5,2024-07-03T22:06:42.670Z,wiwiek ws,Sekarang tempatnya tambah luas dan lebih nyaman
5,2024-07-02T21:12:37.475Z,Ety Herlina,Makanan enak tdk mengecewakan
5,2024-07-02T07:20:11.051Z,Subhi Rauf,"jauh2 dari jakarta buat nyobain resto ini. enaknya dari jam 7 udh buka, blum dpt hotel jd bs kulineran dulu. worth it. makanan dan minuman nya msh murah. kopi2an dan jus udh mahal. view nya the best, langsung sawah dan jauh dari keramaian."
5,2024-07-01T11:31:33.201Z,alfiyan tabligh,Tempatnya sangat nyaman... suasana pesawahan dan desa sangat kental...
5,2024-07-01T03:58:07.344Z,Sari Cibubur,"Lokasi mudah diakses. Makanan banyak pilihan, harga bersahabat"
5,2024-06-30T04:28:41.102Z,Yulis Rustyawan,"Bapak yg parkir rajin2, ramah, mengarahkan, ini yg bikin nyaman meskipun tempatnya penuh sesak"
5,2024-06-30T02:36:28.792Z,Rama Journey,Rekomendasi
5,2024-06-29T08:32:09.053Z,Ulfa Kamilatus Syifa,"Makanan udah banyak yg ulas
Tempat banyak yg ulas??
Yg saya sangat suka disini itu pelayanan karyawannya cepet banget, slalu stanby, gercep beresin yg kotor dan monitoring customer yg ingin pesan, pesanan nyampe juga cepet padahal di hari libur. Good job front office dari pawon mbah gito. Proud!"
5,2024-06-29T01:07:52.066Z,Ayda Sulianti,"Seru banget si makan di situ..
Tip terbaik saya adalah .. hindari datang sekitar jam 12 siang hingga 13.30 .. mereka penuh sesak .. dan sulit untuk mendapatkan atau memilih meja yang Anda suka juga, antrian panjang untuk warung makan

Mereka melayani hybrid semua yang dapat Anda ambil dan item individual:
Untuk sayuran : sepuasnya + nasi (1 kali ambil) = Rp. 14K (maks 2/3 sayuran)
Selain itu, itu dihitung sebagai item individual.

Makanannya sederhana dan enak!
Gaya dan rasa masakan rumahan.
?? dia!

Tempatnya seperti rumah dengan banyak area teras dan sedikit sawah.. furnitur kayu, outdoor tanpa AC.. suasana pedesaan..
Saya harap tempatnya bisa lebih bersih.. dan sejuk..

Walaupun ala kampung, tapi stafnya menggunakan handy talky untuk berkomunikasi satu sama lain, sehingga cukup cepat membantu kebutuhan kami.

Uniknya, mereka juga menyajikan beberapa kue-kue modern..?? ??..

Pasti akan kembali! Dan akan mencoba kuenya.."
4,2024-06-28T03:30:04.126Z,Wirawan HD,"makanan standar rumahan, harga ya lumayanlah ga mahal ya gak murah, pelayanannya super ramah. Wedang sere nya enak tp americano nya kurang strong ??."
5,2024-06-26T15:22:19.868Z,Lita Bmy,Banyak Susana baru dan sport foto yg menarik ?? semoga bisa berkunjung kembali dilain waktu ????
5,2024-06-26T15:08:10.799Z,Kurniati Kurniati,"Pisang gorengnya enak, benar2 dihidangkan  masih panas....saya suka sekali"
1,2024-06-26T12:58:10.112Z,Diana,"Maaf, harus edit rating.
Ini adalah ketiga kalinya dikecewakan disini:
Ke-1. Tidak boleh menempati meja besar padahal kami dtg ber4.  Setelah kami ditolak, tidak lama kemudian ada pengunjung datang yg duduk di meja besar padahal cuma berdua dan hanya memesan menu jauh lebih sedikit daripada yg kami pesan
Ke-2. Ditemukan karet pada bakwan yg disajikan. Dan donat masih keras bagian dalamnya.
Ke-3. Pesan chicken cordon bleu tapi hingga 1 jam menunggu, pesanan blm diantarkan. Ketika beberapa kali ditanyakan, jawabannya selalu ""masih diproses"". Pesanan lain (kids platter, nasgor, dan snack2) sudah diantar dan bahkan sudah dihabiskan  Tapi chicken cordon bleunya blm jg diantar. Anehnya meja2 lain yg datang setelah kami sudah mendapatkan menu2nya.
Ketika ditanyakan kembali ke bagian pemesanan, diinfokan kalo msh diproses 20 menit lagi.
Sebenarnya pesanan saya dibuatkan atau tdk ya? Knp kok dijawab ""proses"" trs.
Apa butuh waktu lama untuk menyiapkan pesanan trsebut? Ada apa dgn sistem antrian di kitchennya? Apa menu saya terselip atau gmn? Apa jawaban ""sedang diproses"" ini hanya sekedar template tanpa ada konfirmasi ke bagian kitchen?

Sebenarnya dr sisi rasa, tidak mengecewakan. Hanya saja dari sisi service, kami cukup kecewa.

Jika memang perlu waktu lama, sebaiknya menginfokan di awal. Jadi customer ada pertimbangan apakah tetap memesan menu tersebut atau tdk."
1,2024-06-26T12:44:47.484Z,oktavian bagus,"Saya sudah belasan kali ke sini, tapi makin hari makin payah.

Satu.
Kualitas makanan perlu diperbaiki. Dulu donatnya oke, skrg ndak oke.. masih beku bagian dlm tp sudah disajikan. manasinnya kurang lama.

Dua.
Ada kalanya saya beli bakwan bonus karet gelang!!
KARET GELANG!! Tahu sendiri resikonya kalau sampai tertelan.

Tiga.
kualitas manajemen antrian juga makin payah. Anak saya pesan Chicken Cordon Bleau, sudah sejam belom datang, sebelumnya sdh saya tanyakan waiter berkali2, jawaban template ""sedang diproses"". Saat saya tanyakan ke kasir, dibilang kalau antrian terkendala yg sdh reservasi dan harus nunggu 20menit lagi. Mending cancel.

Empat.
Sehat.

Lima.
Sempurna.

Dah. Gitu aja ya, mbah.."
5,2024-06-25T23:18:10.169Z,Ihsan Mutaqin Algifari,"Alternatif warung kopi klotok jogja. Pilihan menu makanan nya bener2 banyak bgt sampe bingung mau pilih yg mana wkwk. Telur dadar nya enak bngt sih yg di sini.
Tempatnya cukup luas, pemandangan nya sejuk, banyak spot utk berfoto, trs ada kolam ikan, dan ada angsa beserta telor angsa nya jg. Ada kopi khas nya jg.
Cuma pelayanan nya agak kurang, karyawan nya kurang senyum, tukang parkir nya kurang bertanggung jawab, kyk males2an gitu."
4,2024-06-25T11:02:51.827Z,Ahmad Fatah,Makannya enak TPI untuk satenya mahal 11rb 1 tusuk
5,2024-06-25T11:02:37.861Z,Lenny Wilsen,Makanan rumaahan yg lumayan enak
3,2024-06-25T09:00:57.578Z,rif,Standar
4,2024-06-25T05:15:25.172Z,Riva Farhiah,"Cobalah makan di sini. Makanannya enak, makanan khas rumahan.
Itu hanya sedikit mahal bagi saya.
Tapi kalau mau coba, bagus sekali :)"
5,2024-06-24T10:53:50.612Z,Aminah,"Tempat makan dengan menu berbagai macam ragam nya, dengan rasa yg enak, suasana yg nyaman dgn pemandangan sawah yg indah , pelayanan yg sangat baik"
5,2024-06-23T23:01:11.814Z,Syifa Meikhana,"enaakkk, recommended buat makan bareng keluarga??"
4,2024-06-23T10:24:53.814Z,Rifki Kiki,"Makanan Rumahan Ala ala Desa, Makanannya Enak"
5,2024-06-23T04:54:40.211Z,anggun desi wulandari,"Salah satu tempat makan yg menyajikan kuliner ndeso yg lengkap, datang kesini jam 11 dan tidak antri, tempat luas, dan kids friendly"
5,2024-06-22T16:46:13.035Z,Januar Effendy,"Datanglah lebih awal. Datang sekitar tengah hari di akhir pekan. Antrean panjang yang sangat ramai dan lambat. Saya pikir karena makanannya disajikan secara mandiri, beberapa orang membutuhkan waktu lebih lama untuk memilih makanan dalam jumlah besar. Ada lebih banyak makanan di menu di luar layanan mandiri. Saya baru tahu ketika saya memesan minuman dari menu. Suasana santai meski ramai. Area makan terus diperluas untuk menampung lebih banyak tamu."
1,2024-06-22T11:03:24.914Z,Aditya Chrismon,Tidak direkomendasikan
1,2024-06-22T03:47:25.361Z,Barita Jaromni,"Suasana dan makanan enak sih,tp yg bikin males tukang parkirnya,cuma duduk aja ga bantuin keluar masuk mobil"
5,2024-06-19T23:27:10.017Z,Husein Rifki,"Sudah yang kesekian kali kesini untuk makan pagi atau makan malam. Tapi saya lebih suka kesini untuk makan pagi (edit salah ketik )karena mencari makanan prasmanan yang banyak pilihan makanan. Dari aneka sayur oseng sampe yang berkuah kaya lodeh, persatean, telor krispi dan ikan atau ayam berbagai olahan masakan. Kalau saya kesini paketan combonya ini nasi-sayur oseng daun pepaya-lodeh tempe-oseng kikil-suwir ayam pedas-telor krispi-tempe garit+ sambal. Snack pisang goreng atau tahu tuna. Saya pribadi kurang suka dengan gorengan tempe mendoan disini. Minumnya wedang mba gito atau kopi tubruk mbah gito+skm"
5,2024-06-19T01:37:12.517Z,Icah Aisyah,"Tempatnya dan makanannya khas jawa. Cukup banyak variasi pilihan menu makan dan minum. Untuk harga masih terjangkau.

Tempatnya sudah di perluas di banding tahun lalu kita kesini. Tapi kalo siang cukup terik karena di tengah sawah.

Ada tambahan kolam ikan koi dan angsa putih untuk anak-anak."
5,2024-06-18T16:31:05.889Z,Egi Winata Winata,Sangat lezat dan gurih
5,2024-06-18T09:34:08.970Z,Arif Laksono,"Pertama masuk ke Rumah Makan Pawon Mbah Gito langsung disambut penuh sesaknya orang berantrian mengambil menu makanan.

Rasa makin penasaran dengan masakannya. Memang diakuin the best semua menu makanannya.

Model prasmanan atau ngambil sendiri makanannya, tempatnya luas bisa untuk keluarga besar. Untuk parkir kendaraan sangat luas. Kalau penuh bisa diarahkan ke kantong parkir di sebelah rumah makan ini.

Menurutku ga ada yang zonk sih masakannya. Kalo ke Jogja wajib kesini"
2,2024-06-16T13:53:36.437Z,Kemal,"prasmanan habis, menu a la carte lama bgt utk penyajiannya.. makanan datang tp nasinya habis, jd masih harus nunggu lg"
5,2024-06-16T08:11:15.203Z,Ika Dessyta,"makanannya enak, paling suka sama ceceknya, es teh ndesonya bener2 medok khas es teh jogja, dan kalo ke sleman bakal balik ke sini lagi. Harga juga murah meriah."
5,2024-06-15T08:22:28.529Z,Yuan Veda,Makanannya enak dan pelayanannya ramah semua.
5,2024-06-15T03:01:44.143Z,Rully Agustine,"tempat nyaman ditengah sawah, sejuk, makanan enak, pelayan ramah, bisa bawa teman atau keluarga, parkir mobil ok"
5,2024-06-15T01:27:15.579Z,Riz Anugerah,"Tempat nya nyaman buat santai
Buat family juga ok

Parkiran luas

Saya paling suka
Minuman ini"
5,2024-06-14T23:41:44.792Z,Ama Hanifah,"Suasana rest yg asri dgn view sawah, masakan rumah yg enak2, auto kalap sih . Harga sangat terjangkau"
5,2024-06-14T01:06:38.239Z,Hanni Iskandar IYC,Seru
5,2024-06-13T09:30:51.074Z,Wied Taslim,"Makanan rumahan prasmanan dengan variasi lauk dan sayur yang sangat beraneka. Tempatnya nyaman dan luas, sepertinya berkembang dan lagi direnovasi di salah satu sudut. Parkiran juga sekarang diperluas, mungkin karena pengunjung kian rame. Saran saya kalo mampir ke sini jangan pas jam makan klo ga mau antri panjang...saya suka????"
5,2024-06-10T14:27:24.870Z,Nina Runting,"Sarapan asyik,menu lengkap dan harga terjangkau..."
5,2024-06-10T09:17:16.173Z,Fatma Alfa Dila,"Tempatnya nyaman, buat kumpul bareng keluarga teman atau saudara. Pemandangan nya sejuk asri, aesthetic & instagramable buat foto foto. Menu makanan sama minumannya juga lumayan enak"
3,2024-06-10T06:04:50.288Z,laras aditya,Banyakin toilet dong sumpah toilet cmn 2 di pintu masuk 1 sm di blkng cmn 1. Pengunjung rame terus ?? jd ngantri toilet nya agak ribet ??????????
5,2024-06-10T05:40:42.426Z,hendrik panggalo,"Tempat makin luas, layanan pun makin berkelas."
5,2024-06-08T02:02:45.987Z,Grita Nilakandi,"pilihan lauknya banyakkk sistem prasmanan
paling suka soun nya sama sayur lodehnya medok rasanya drpd sebelah hehe??
viewnya sejukkk sawah sawah kalau sore lebih adem
cocok buat kumpul sama keluarga??"
5,2024-06-07T09:32:25.674Z,Aulia Sekar Azizah,cocok untuk makan bersama orang tersayang! ??
5,2024-06-06T23:46:00.638Z,Pradipta Atmokotomo,"tempat yang luas dengan ambience suasana pedesaan dan rumah jawa, ditambah dengan kolam-kolam ikan dan angsa, serta pilihan makanan dan minuman yang beragam, ada yg prasmanan dan per menu jg seperti bakmi, nasi goreng, serta dessert kue dan roti.. minuman coffee dan non coffee, yang khas jawa juga ada.. sering dikunjungi wisatawan luar jogja."
5,2024-06-06T15:19:28.164Z,Widya Up,"Saya sering datang ke sini...
Untuk harga lumayan mahal, tapi pilihan lauknya banyak,
Sekarang ada kuenya juga"
2,2024-06-05T17:19:38.385Z,Saya Nissa,"Beberapa waktu lalu saya mengunjungi Pawon Mbah gitu dan ada beberapa hal yang saya kurang puas :
1. Makanan prasmanan yang tersaji tidak sebanyak di foto/video promosi. Pilihan menunya sedikit sekali banyak yang kosong hampir habis
2. Saya pesan bakmie jawa dan saya kaget ternyata pakai ayam negeri. Seharusnya bakmie jawa pakai ayam kampung dan baru kali ini bakmi jawa saya menemui pakai ayam negeri. Bahkan beli di pinggir jalan pun kalau bakmie jawa pasti ayam kampung
3. Saya pesan Sup Iga 4 porsi datangnya cukup lama dan setelah datang KURANG PANAS. Hanya anget saja. Tidak seperti sop yang saya makan di kebanyakan restoran pasti panas sampai ber asap. Tapi kemarin tidak
4. Piring yang dipakai sudah rusak retak pinggirannya sehingga berbahaya apalagi itu makanan chicken corden blue untuk anak bisa melukai anak-anak.

Jujur saja saya ber ekspektasi tinggi sekali dengan Pawon Mbah Gito tapi saat saya datang TIDAK sesuai bayangan.
Semoga bisa lebih di tingkatkan lagi semuanya."
5,2024-06-05T13:45:17.771Z,Marcella Chandra,"Kami pergi ke sana setelah makan di beberapa restoran, jadi kami tidak memesan banyak. Kami memutuskan untuk memesan mie lethek goreng dan itu tidak mengecewakan! Bumbunya pas, gurih dengan sedikit rasa manis sesuai selera."
5,2024-06-05T08:52:24.316Z,agung triyanto,Enak murah
5,2024-06-04T07:24:48.887Z,yuni Anti,"Makanannya enk, model prasmanan
Tempatnya sejuk d kelilingi sawah"
5,2024-06-04T06:19:10.747Z,HNi Story,"Menu nya buanyak & rasa enak????????
Tempatnya asik,adem,
Pelayanan nya oke"
5,2024-06-03T11:33:54.752Z,Dasa Widyaiswanto,"Masakannya mantap, dengan view pinggir sawah"
1,2024-06-02T07:03:11.087Z,Irawati,Layanan mengecewakan.. karyawan kaku ga punya hati
1,2024-06-02T06:52:55.522Z,Risha Jogja,"Tempat ini Sangat tidak ramah untuk difable..

tempatnya banyak tangga dan tidak ada akses unt difable.. ibu saya lansia, sudah kesulitan jalan dan hrs pake kursi roda krn ga ada pilihan memutuskan lewat belakang yg jalannya datar tanpa tangga.. sygnya kami tidak diperkenankan lewat jalan tersebut dan diminta unt tetep lewat jalan utama yg perjuangannya bakalan membuat ibu saya merasa kelelahan sgt, merasa tegang krn naik turun tangga dan hrs memutar (butuh waktu yg cukup lama unt proses ini) sgt tdk praktis unt para difable

Bagus sih karyawannya berusaha ikutin rules tapi mgkin jg hrs mempertimbangkan dari sisi kesehatan pengunjung diffable.. ??"
5,2024-06-02T02:43:22.682Z,Nazira Khansa,"nyaman, sejuk, makanan enak, kids friendly, bingung mau deksripsiin apalagi saking puasnya disinii, dateng aja yuk!!"
4,2024-06-01T14:20:03.992Z,Denny Firdaus,"Tempatnya cukup nyaman,masakannya enak juga,pelayanannya ramah. Akan kesana lg pastinya??"
5,2024-06-01T06:35:46.772Z,Karnia Riefly Herdiana,"Lokasinya berada di Jalan Kaliurang atas, bisa masuk gang (kanan jalan dari arah bawah) setelah Pasar Rakyat Gentan, kemudian ikuti jalan saja nanti tempatnya di pinggir jalan.

Tempat untuk parkir motor dan mobil luas, jadi tidak perlu khawatir. Hanya saja di jam-jam tertentu (makan siang terutama) sering tutup sementara karena penuh. Bisa juga reservasi terlebih dahulu jika ingin mengamankan tempat.

Kursi untuk makan di dalam banyak dan tempatnya luas, ada kolam ikan dan angsa juga. Di sekitarnya ada area persawahan yang pasti akan ciamik viewnya jika saat musim tanam menjelang panen padi tiba.

Pilihan makanan beraneka ragam, mulai dari tradisional yang prasmanan, juga menu yang bisa dimasak saat di pesan (seperti bakmi jowo, pisang goreng), ada juga menyediakan pilihan kopi, jenang, dan kue kekinian (seperti red velvet, cromboloni). Rasanya juga enak, pas di lidah.

Untuk harga memang agak pricey dibanding tempat makan lain yang menyediakan makanan sejenis, tapi worth the experience. Bisa makan enak, dengan ambience yang khas dan nyaman. Bisa untuk pilihan kuliner saat sedang berlibur, tp bukan untuk makan sehari-hari heehe.

Pelayanan juga ramah dan sangat sat set wat wet, karyawan berkomunikasi via HT jadi bisa memastikan pengunjung yang baru datang bisa mendapatkan tempat duduk sembari mengambil makanan terlebih dahulu."
5,2024-06-01T05:32:01.889Z,Dadang Ahmad Fauzi,Maknyusss rasanya
3,2024-05-30T15:45:04.091Z,Nindy,"Kesini pas hari minggu siang .antrian g bgtu pjg kurleb 15 mntan nunggu dapat t4 duduk..mesti dftr dl kl mau makan biar dapat kursi..menu macam2 .buat snack nya harga pricey y.. mendoan 16 K,pisang goreng agak kecil 16 K..disana kita ambil makan n lauk nnt smp kasir diinput baru sekaligus pesen minum..bayar terakhr pas mau plg . pemandangan bagus dekat persawahan,tempat nyaman suasana joglo pedesaan..kursi model jadul yg estetik"
4,2024-05-30T10:47:06.090Z,"Suadi, Mr.",Minuman hangat jahenya menyegarkan. Tempatnya luas dan tidak terlalu sulit dicapai. Hati-hati kalau papasan mobil kalau masuk dari jalan kaliurang karena akses relatif kecil untuk dua mobil papasan. Layak dicoba
5,2024-05-30T07:26:40.311Z,Evy Nurlistiani,"Masakannya enak, menu2nya spt yg sering sy masak."
5,2024-05-29T22:55:34.818Z,Wira Bachrun,Cocok sekali bagi yang ingin merasakan makanan dengan nuansa tradisional Jawa. Lokasi di tengah desa dan persawahan yang asri.
4,2024-05-29T06:06:44.515Z,Joseph Juniarto,"Warung tepi sawah
Suasananya wow
Makanannya lumayan enak"
5,2024-05-28T16:36:02.906Z,livie yulia,"makanan, cemilannya enakkk².. tempatnya cozy.. banyak pilihan menu.."
5,2024-05-28T11:44:08.674Z,STARWALKER,"Hidden gems .. lauk prasmanan ala jawa, makanannya enak , antri tapi ga lama cepet coz tempatnya luas .. sbnere mskn jawa gini sering sy makan dan kurang bgitu suka tapi ini enaak sekali .. bumbunya miroso, variatif menu banyak dan dawet nya the best manis gula jawa dan warnanya lucu, mba2 nya pelayanan ramah sekali dari depan sampe blkg disambut pulang juga demikian .. SOP nya kali ya, mana didoain sehat selalu lagi , Aamiien ya rabbal Allamien .. sukses selalu ya .. recomend dan pasti datang lagi .. Next saya akan ajak komunitas Mercedes Benz saya utk kumpulan disini"
5,2024-05-28T10:04:07.066Z,Sugi Arni,"Makanan jawa komplit, rasanya enak. Ada aneka cake dan kopi... Cocok utk orang tua dan anak muda... Sangat bisa  kalau mau bawa keluarga atau teman. Bisa juga utk meeting"
4,2024-05-27T12:08:46.098Z,Rizki Nurul hidayati,"Pelayannya ramah-ramah, makanannya enak"
5,2024-05-27T07:28:32.186Z,chris cason,Makanan yang sangat enak dan suasana yang menyenangkan
1,2024-05-27T06:53:51.304Z,Laode Abdullah,"Makanan Lumayan, tempat nyaman, sayang sekali tidak ada area no smoking, padahal banyak kluarga datang bawa anak & bayi, asap rokok di mana2 ????????????"
5,2024-05-27T05:28:48.258Z,Anita Purnama Sari,"Makanan enak, suasana nyaman kids friendly, harga affordable. Will come back!"
4,2024-05-26T13:18:10.210Z,Ellyawan SA,"Rasa makanan standar.. menu bermacam macam.. sayang sistem pembayaran kirang efisien, banyak antrian.. wedang mbah gito top.."
4,2024-05-25T23:21:21.023Z,M. Rifki Rosady,"Kalau pagi.. sebenarnya dengan model Prasmanan.. infonya buka jam 07.00 pagi.

Ke Jogjakarta yang memang mempesona dari dulu sampai sekarang.....?.....maka makanlah sepuasnya.....

C U...... ?????????"
4,2024-05-25T06:30:01.131Z,Arnindhita Lei,"Setelah lama nggak ke sini, kemarin ke sini lagi dan kebetulan di hari libur nasional.

Untuk makanannya, emang ada yg hit and miss (berdasarkan seleraku pribadi ya). Lodehnya agak kurang mantep. Sambelnya waktu itu cuma ada samvel ijo dan rasanya nggak pedas sama sekali, malah asin.
Tapi untuk masakan oseng²an nya enak, mie bihunnya oke, lauknya juga enak, dan sate ayam merah manis pedas masih jadi juara di lidahku ??

Minumannya juga sip. Wedang jahe sereh dan teh tawar juga enak.

Antri lama memang, tapi waktu tunggunya dari pesan minum dan minum datang enggak selama dulu lagi. Tempat makannya juga diperluas, bisa menampung 3 kali lipat tamu dari tahun 2021/2022 pas aku ke sini pertama kalinya.

Sekarang udah jadi salah satu jujukan kuliner pagi yang selalu ramai di hari libur. Klo mau ke sana, better reservasi via telepon dulu.

?????

_________
Review 2021/2022 :

Makanannya sebenernya enak, cocok sama selera saya sekeluarga. Nasi kuningnya enak, mendoannya enak, tapi paling suka sama sate ayam pedes-manis nya, mantep banget ????

Tempatnya juga nyaman, dekat sawah dan kalau pagi udaranya seger.

Yang mengecewakan dan perlu dibenahi adalah SISTEM nya.

Minum keluarnya LAMA SEKALI. Sop ayam yg saya pesan juga datangnya LAMA SEKALI, kuahnya pun hangat hampir dingin. Sudah selesai makan pun minum belum keluar juga dan masih ada menu yang belum keluar.

Alasan minumnya terlewat karena ramai, padahal ibu saya pesan minumnya pas masih sangat sepi.

Waktu mau bayar juga LAMA, karena antrian untuk membayar di akhir dan mencatat makanan di awal dijadikan satu. Kasir memproses apa yg harus dibayar juga cukup lama.

Selain itu nggak ada tisu di meja makan. Terus tempat cuci tangannya di depan aja, padahal area makan ada di dalam.

Ramai atau enggak, nggak akan berantakan kalau sistemnya cepat dan tepat. Misalnya memisahkan pencatatan makanan dengan kasir, ada pencatatan sendiri untuk minum jadi antara waiter dengan yg bikin minum komunikasinya jelas apa yg harus diantar ke meja berapa, training lagi waiter dan kasirnya, evaluasi mungkin nggak sih karena kurang karyawan, dst.

Bisa juga riset ke restoran lain yg sejenis untuk ngeliat kayak gimana sih cara yg lebih efisien.

Ini murni masukan biar resto Pawon Mbah Gito bakal lebih baik lagi dan bisa bersaing sama resto sejenis lainnya. Soalnya sayang banget, makanannya enak-enak tapi ya seret lah ya klo nggak ada minumnya~"
1,2024-05-25T02:07:35.167Z,petualang bromosemeru,"makanan biasa aja, nungguin pesen minuman lama banget hampir 30menit, padahal cuma jeruk anget... keburu basi makanan nya.. udah gak mood makan !!!!! enggak recomended banget, skip!"
3,2024-05-24T17:20:35.069Z,yunus handoko,"Mahal pol sih bagi warlok, tp kalo bagi wisatawan dr sby/jkt mungkin murah.
nasgor 27 wkwk
jus semangka 22 wkwk
Toiletnya juga ughhh kotor bgt sampah di tmpat sampahnya penuh ga di ambil, mana naruhnya depan closet lg, jd waktu pipis ngadepnya bau sedepnya sampah, ada pembalut jg di atas sampah saking penuhnya wwkwwkwk"
4,2024-05-24T05:40:25.537Z,novtiyanto hendrawan,"Makanannya enak, vibesnya nyaman. Cuman sering rame banget jadi harus sering2 ingetin pelayannya."
5,2024-05-24T03:24:42.709Z,Lucia Dhinta,"Cocok untuk makan bersama keluarga, partner, rekan kerja. Pemandangan sawah. Makanan disajikan prasmanan dan menunya ala desa. Tempat makannya luas ada indoor dan outdoor, tempat parkir cukup untuk roda 2 dan roda 4. Tersedia mushola dan kamar mandi. Rekomendasi banget kesini di pagi hari (menu masih lengkap) atau sore hari (suasana lebih adem)."
4,2024-05-24T02:16:50.976Z,BENI SETYAWAN,"Tempat nya enak , pelayanan ramah, mbak mas nya sat set wat wet.
Saran : minta tolong di review menu lodeh nya, kencur nya over , kurang medok rasanya.
Oh iya satu lagi gak bisa bayar pakai CC BCA"
5,2024-05-24T00:57:54.347Z,slambas basuki,"Juara??

Satu-satunya kekurangannya adalah: apakah Anda sudah bisa menulis tes di dinding??"
1,2024-05-24T00:39:10.539Z,kiki sukiyani,Jika tdk melayani pembelian dgn takeaway utk dpt diinformasikan dgn ramah
3,2024-05-23T05:40:34.093Z,Dhidhie sapari,Rasa makanan dan minumannya masih normal.
5,2024-05-23T03:08:06.701Z,Queency Lovie,Toopp bgt tempat ini ???????????? makanan nya cocok semua di lidah ???? anak2 lsg pd lapar mata.. jatuh cintaaaa deh dgn Pawon Mbah Gito ????????
4,2024-05-23T01:06:55.756Z,Sri Lestari Iskandar,Atmosfer kehidupan yang tenang dapat dirasakan disini..sambil menikmati hidangan khas Jawa. Wedang temu kangen segerrrr...
3,2024-05-22T14:06:18.101Z,Gieya,"suasana layanan ok,tp buatku rasa cenderung standar,biasa aja,harga pun ada bbrp yg murah ada yg standar tp ada jg yg mahal.saranku rasa makanan perlu ditingkatkan"
5,2024-05-21T13:44:06.792Z,Afeb Maulana,Coba makan siang di sini dengan menu khas ndeso masakan Jawa.. rasa masakan bener2 rasa tradisional ala Jawa dengan aneka pilihan sayur dan lauk. Tempat makan semi outdoor. Suasana ramai pas makan siang. Parkir mobil cukup luas..
5,2024-05-20T06:33:12.397Z,ida erma,"Masakan rumahan,byk dessert nya juga...enak.."
4,2024-05-19T11:15:23.175Z,Raden R,"nuansa seperti Kopi Klotok, sebaiknya datang pagi pk07.00 atau sore/ malam untuk menghindari panas. Mesti pastikan dapat tempat duduk sebelum makan, sistem ambil sendiri makanan lanjut tunjukkan ke kasir dan bayar.
Bagi Sy kurang nyaman suasananya Krn orang lalu lalang saat Saya sedang makan."
5,2024-05-19T10:25:10.287Z,Toni Heru Sudigdo,"Tempatnya syahdu untuk anak senja, kopi tubruk Mbah Gito joss!"
5,2024-05-19T02:13:35.395Z,Edi Edhos,"Asli ini tempat recommended banget, makanan OK banget,  pilihannya juga banyak, berasa makan makanan rumah tapi komplit dan rasanya juara. Tempatnya itu adem dengan pemandangan sawah alam bebas ditambah lagu2 Jawa... Beuhhh tambah nikmat dan asyik"
1,2024-05-17T04:14:56.346Z,ambar ralianti,Harganya terlalu mahal menurutku untuk menu sayur ndeso. Teh panas 11 ribu. Sayur ndeso ada tulisan 3 macam sayu 13 ribu. Twrnyata di nota di hitung per sayur. Makan 2 orang lauk tempe dan lele beserta sayur habis 93 ribu. Mahal menurutku untuk kaum mendang manding
3,2024-05-17T02:08:11.250Z,Telisa Dewi,Tempat yang bagus. Tapi rasanya biasa saja.
4,2024-05-16T04:09:17.351Z,Puri Nurwidayanti,Saya datang pukul 19.30an dan makanan prasmanannya sudah banyak yg habis. Tempatnya luas dan nyaman untuk mengobrol.
4,2024-05-15T23:17:19.970Z,E Nurdwiyanto,"Tempat makan yang dari segi rasa dan variasi menu cukup enak demgam antrian yang masuk akal, harga terjangkau, parkir cukup luas"
5,2024-05-15T01:15:21.890Z,Diana Susanti,"Dawetnya enak, wedang Telang nya seger, wedhang Mbah Uty bikin nagih, semua menunya OK ??"
5,2024-05-14T06:40:37.783Z,Susan Susan12,Rasanya cukup enak sesuai dg lidah saya yg cenderung suka masakan citarasa manis..  Rekomended.. Next bakalan balik lagi kalo liburan ke Jogja lagi..
5,2024-05-14T02:36:34.924Z,Enovania Wikasari,"Makanannya enak bangeeeettt, tempatnya ramai tapi luas banget jadi tidak lama untuk nunggu tempat duduk"
5,2024-05-13T12:27:08.400Z,Windy Afriansyah,"Ternyata ada tempat yg keren ditengah2 pemukiman warga, makannya enak2 semua suasana nyaman"
5,2024-05-13T03:49:05.120Z,Amalia Hikma,"Makanan overall good taste enak bgt
Di lidah saya pas ga tll manis dan ga tll asin.
Suasananya juga nyaman
Bnyk spot foto2 nya

Harga juga bersahabat dikantong"
5,2024-05-12T08:54:07.028Z,Purbaningrum Sasmita,enak makanannya cocok
5,2024-05-12T08:11:02.913Z,Ade Candra,"Semua makanan enak, kopi nya juga enak, tempat nyaman, pelayanan baik, musholla bersih, recommended??"
5,2024-05-12T04:28:10.368Z,Johan Nugroho,"Authentic traditional food
Orang2 pada bilang, jauh2 dan antri cuma untuk makan sayur lodeh mahal..
Ini bukan untuk orang yg biasa makan lodeh ya...wkwkwk"
4,2024-05-11T15:20:07.474Z,wignyo panowo,Lumayan
4,2024-05-11T11:49:13.944Z,nora rias manten Asih,"Makanannya terlalu manis,tempatnya bagus,"
5,2024-05-11T07:28:54.185Z,Febrianto gupari,Nikmati makanan tradisional Jawa
4,2024-05-10T10:23:00.713Z,NR SANDHY,"Secara keseluruhan, saya menikmati makan siang keluarga yang menyenangkan.

ANDA HARUS DATANG

Pengingat:

1. Siram air toilet dan persediaan air harus diperiksa secara teratur.

Saya menemukan harta karun di dalam mangkuk toilet.

2. Lantai toilet harus sering dikeringkan demi keamanan dan kebersihan.

3. Makanan harus diberi label. Kami tidak meminta staf menunggu untuk setiap hidangan.

Mantan.
Ikan Mayung Asap, Kuah Santan.

Ikan Gembung, Bumbu Kemangi.

Sampai jumpa di lain waktu??????

Saya bersedia untuk kembali."
5,2024-05-10T07:51:40.334Z,Salahuddin Husein,senang dikunjungi.. makanan enak
5,2024-05-10T07:23:02.331Z,ATIK NUSANTARI,"Rasanya enak dan tempatnya sejuk bngt
..bisa menikmati pemandangan sawah.."
5,2024-05-10T07:11:25.708Z,Dedi Sugiarto,Suasana sawah..yogja
5,2024-05-09T14:30:58.474Z,naura beilla,"meskipun ramai tetapi tetap dilayani dgn baik dan tdk perlu menunggu utk mendapat kursi, harga ok taste sangat ok, recommended"
5,2024-05-08T07:35:28.297Z,Put,"3 kali berkunjung ke pawon mbah gito, tidak pernah kecewa! Sangat khas Jawa dari makanan hingga suasananya. Pilihan bagus untuk Anda yang mencari restoran keluarga. Saya sarankan Anda datang di pagi hari karena ada banyak pilihan makanan."
5,2024-05-08T03:36:05.376Z,kuratorcoto,"Tempatnya asri dan nyaman, makanannya enak, Pawon Mbah Gito menyajikan pengalaman makan di pelataran belakang rumah . Sangat sejuk biar menjelang siang, aneka lauk dan minumannya sangat menggugah selera. Yuk mampir kesini kalo ke  Jogja."
4,2024-05-07T22:46:40.208Z,Arti Gandhiws,Itu bagus
5,2024-05-07T09:49:35.288Z,RR,"Sempat ikutin google maps lewat jalan kecil, ternyata lokasinya mudah ditemukan dari Jalan Kaliurang km 11. Parkirnya lumayan luas, tempatnya estetik, menunya beragam dan enak2. Staff resto akan mengarahkan kita untuk pilih tempat duduk terlebih dulu, setelah itu  dikasih nomer dan kita bisa ambil menu prasmanan. Ada kolam ikan mini dan juga kolam bebek. Cocok untuk hiburan bagi anak-anak. Suasananya juga lokal banget khas jawa."
4,2024-05-06T04:32:05.048Z,Yuni Aqbari,"Tempatnya luas, bersih dan nyaman. Makanannya enak dan snack gorenganya juga mantap"
5,2024-05-06T02:35:47.111Z,Hanif Indhie,"Makanan rumahannya enak banget, suasananya nyaman. Ke sini hari Senin gak rame, jadi bisa nyantai."
5,2024-05-05T09:32:20.098Z,Sri Anggoro,"Makanan khas Jawa ala prasmanan, ambil terserah kita. Makanannya enak, harga murah, tempatnya nyaman, dengan pemandangan sawah yang cantik banget. Puas foto foto disana."
5,2024-05-05T06:05:25.314Z,KANJENG MAMI,"Apik pokok e..
Makanane masih masuk dilidah org SURABAYA
Harga ramah dikantong walaupun q ambil/psn macem²"
4,2024-05-04T15:02:29.195Z,Abdul Rachmat,Makanan enak..recomended pada saat sore hari sejuk dan syahdu..
3,2024-05-04T11:28:27.306Z,Ahmad Iqbal,duh waktu makan disini minumannya ada lebahnya 2 kaya ga diperhatiin waktu buat minuman.
3,2024-05-03T16:16:34.622Z,Benn Zan9er,"Ini adalah pertama kalinya saya di restoran ini dan itu hari Jumat jadi agak ramai.
Pilihan dan rasanya makanannya oke, tidak terlalu pedas tapi disebut manis.
Saya menyukai salah satu minuman tradisional mereka yang merupakan kombinasi jahe dan serai.
Saya dan mitra saya sedang menggali makanan kami dan kami melihat lalat kecil di salah satu piring.
Saya langsung memberi tahu staf dan dia langsung membuang seluruh piring.
Mereka semua ramah dan antusias dengan pekerjaan mereka namun ketika kami check out dia menambahkan beberapa item ke cek kami yang tidak kami pesan sehingga ditagih berlebihan.
Kami memperhatikan bahwa ketika kami sudah berada di tempat parkir, maka saya harus berlari kembali ke restoran dan memintanya untuk memperbaiki keseimbangan.
Mudah-mudahan komentar ini dapat dijadikan pelajaran agar lebih berhati-hati.
Secara keseluruhan itu hanya pengalaman biasa-biasa saja yang kami alami."
2,2024-05-03T04:13:11.447Z,Pemad pemad,"SDM NYA SANGAT PERLU DI BERIKAN PEMBELAJARAN YANG LEBIH INTENSIF LAGI, BAGAIMANA SEHARUSNYA MELAYANI PENGUNJUNG RESTO.  SAYANG RESTO YANG CUKUP BAGUS INI MENJADI KURANG NYAMAN HANYA KARENA PELAYANANNYA SANGAT TIDAK RESPONSIF. PESAN TEH 2, YANG KELUAR 1. KONFIRMASI ULANG DIJAWAB IYA DITUNGGU.  KONFIRMASI LAGI DIJAWAB YANG BAWA NANTI BEDA.  KONFIRMASI LAGI BILANG IYA.  SAMPAI AKHIRNYA SELESAI MAKAN TEH TIDAK JUGA DIANTAR.  KESIMPULAN SDM NYA TIDAK ADA PENGETAHUAN BAGAIMANA MELAYANI PENGUNJUNG SECARA EFEKTIF. SAYA MENILAI NO 1 ADALAH KECEPATAN RESPONNYA.MAKANAN ENAK JADI NGGAK ENAK,  TEMPAT NYAMAN JADI KURANG NYAMAN. BAYANGKAN JIKA PEMBAYARANNYA BUKAN SETELAH MAKAN,  MAKANAN/MINUMAN YANG DIPESAN TIDAK KUNJUNG DATANG. SUDAH TERLANJUR BAYAR. SELERA LANGSUNG DROP HILANG."
5,2024-05-03T03:07:50.924Z,siswo hadi,"Makanya mantap, tempatnya mudah dicari, ada mushola dan tempat wudlu, tapi sayang toiletnya terbatas"
5,2024-05-02T15:04:01.381Z,Ainur Rofik,"Makanan oke, parkir mudah, suasana asri, mushola bersih. Nice pokoknya"
5,2024-05-02T07:13:07.982Z,Matt Surabaya,"Full kuliner selama di yogyakarta adalah hal yang wajib kalian lakukan. Baik dari pagi hari, makan siang, sampai malam pun begitu. Siang ini menunya adalah prasmanan nasi gudeg yang tempatnya di tengah sawah. Pelayanan disini sangat ramah sekali, dan banyak pengunjung yang selalu datang bahkan ramai setiap hari. Tempat makan disini sangat rekom banget, dan kita bakal kembali lagi kesini."
5,2024-05-01T23:32:45.928Z,Zul Hazmi Harahap,Tempat yang bagus rasanya enak dan penyajiannya sempurna
5,2024-04-30T23:40:25.310Z,Katarina Dian,"Ke sini pas jam makan siang jd cukup ramai pengunjung. Tempat yg luas memadai untuk banyak tamu, baik keluarga kecil maupun kelompok/rombongan. Menu makanan dan minuman sangat beragam, hati2 bisa kalap krn semua  enak ??...
Pelayanan baik dan ramah. Selain menu makan besar juga ada dessert yang manis2. Harga sebanding dengan rasa makanan/minuman dan suasana yang didapat.  Recomended untuk acara kumpul2 bersama keluarga dan teman."
5,2024-04-30T09:31:52.054Z,Mokhamad Syaifudin,"Sebuah restoran yang sangat bagus didirikan di sebuah bangunan arsitektur Jawa yang dirancang dengan baik, dan dikelilingi oleh sawah.

Makanan yang disediakan merupakan makanan tradisional Jawa yang sangat enak"
4,2024-04-30T04:00:30.354Z,Sam “kuripiku” Nugo,Telat dateng abis dah makanan prasmanannya. Tp masih banyak menu2 yang lainnya. Tempat nyaman & lengkap
4,2024-04-30T01:49:21.124Z,JAYA Ma,Suasana pedesaan
5,2024-04-29T09:02:24.461Z,Anita Witanto,"Dari awal datang sudah disambut ditanya berapa orang dan diantar mencari tempat duduk..sangat bagus pelayanannya.
Makanan ala prasmanan yg bisa diambil sendiri,menunya beragam,dengan rasa yang enak,yg saya coba ga ada yg gagal..cocok di lidah saya,di sini citarasanya bukan yang manis jadi orang luar kota pun akan cocok.
Pisang gorengnya pakai pisang kepok dengan kematangan yg pas dan manis,rekomended.Penyajiannya bukan utuhan melainkan dipotong beberapa bagian, seporsi ada 10 pieces.
Tempatnya luas dan bersih.
Di sini walaupun ramai tapi antrean masih wajar.
Harga juga wajar tidak mahal."
5,2024-04-29T06:40:15.319Z,Indra Rachmadi,Murah tapi berkelas
4,2024-04-28T18:28:00.562Z,linda meysitoh,"Menikmati suasana yg indah dan makanan yg ndeso, pelayanan yg ramah dan gercep."
5,2024-04-28T03:05:03.205Z,Nona,Sarapan dengan segala macam sayur-sayuran yang lezat dan lauk pauk serta segala jenis minuman
5,2024-04-28T01:59:48.964Z,Eko Seputro,Makan sambil menikmati pemandangan sawah...
5,2024-04-27T05:00:52.163Z,bita murni,"Pertama nyoba pas buka bersama, tempatnya luas, penyajian makanan menggunakan sistem buffet atau prasmanan. Semua makanannya enak, menu ala rumahan, suasana juga sejuk, adem bikin betah.
Terdapat musholla dan toilet yang bersih dan luas. Cocok untuk makan bersama keluarga ataupun teman"
5,2024-04-27T04:09:52.030Z,aning wulandari,Variasi makanan rumahannya banyak. Wedangnya enak. Suasananya asiiik. Tepu sawah. Angin sepoi2
5,2024-04-25T23:39:26.568Z,Tjatur r b u,Tempat yang bagus
4,2024-04-24T07:51:47.579Z,as,Tempat makan langganan bude hahaha. Rasa makanan standar pada umumnya. Suasaana juaraaa
5,2024-04-24T04:57:28.935Z,ari rachma Kusuma,"Tempatnya enak. Yg cari masakan rumahan khas Jogja boleh nyoba kesini. Saran, jgn kesini pas liburan atau jam makan ya biar nyaman ????"
5,2024-04-23T07:35:29.953Z,Syadza Salsabyla,"Hidangan tradisional jawa serba lengkap di resto keluarga! Wajib dikunjungi di Jogja bagian utara. Rp13k untuk nasi dan hingga 3 varian lauk sayuran, sisa protein lezat atau ""lauk"" akan ditambahkan pada harga akhir. Makanannya enak, dan mereka juga punya berbagai macam minuman, bahkan kue dan roti sekarang ?? ruang besar yang tenang baru didirikan, masih cukup bahkan untuk hari libur atau jam sibuk akhir pekan ketika saya pergi ke sana (bahkan sekarang ada tempat parkir baru untuk mobil di luar). Kunjungan yang sangat menyenangkan untuk keluarga atau teman ???????????"
5,2024-04-23T05:04:15.633Z,Sandhi Hidayat,"Tempat masakan Jawa Prasmanan.. Dibanding Kopi Klotok, masakan di sini lebih enak. TANPA antrian yang tidak masuk akal.

Tempat nyaman, suasana asri.

Variasi makanan dan minuman sangat banyak.

Harga makan+minum per kepala kisaran 40-60rb.

Sukses terus, resto ini layak jadi favorit"
5,2024-04-22T16:05:27.833Z,Eko Setiyawan,"Makanan enak, suasana nyaman, tempat luas"
2,2024-04-22T14:34:58.758Z,Mas Dap,"Jujur yaa agak kaget dengan harga yang menurut saya over price, sedikit share ajaa cuma berdua makan makanan yang sama yaitu nasi sayur sop, telur dadar & tempe sama sundukan paru dan esteh 2 dengan total bill 85 ribu agakkk kaget dan jangan dinamakan pawon sih lebih baik resto karena menurut saya bukan standarnya harga sayur sop di jogja huhu, mungkin ada yang beranggapan target pasar bukan saya atau siapapun tapi menurut saya terlalu over price dengan rasa yang cenderung biasa saja"
4,2024-04-21T10:59:36.914Z,ryan mp,"Tempat makan di pinggir sawah dengan makanan dan khas jawa tengah yg disajikan secara prasmanan juga dapat dipesan.

Mie Jawa rasanya pas, namun proses pembuatannya cukup lama sekitar 45 menit. Juga tersedia beberapa pilihan wedang.

Resto cukup luas dengan banyak pilihan tempat duduk. Tersedia juga tempat di atas, untuk ngopi2 sambil menikmati pemandangan sekitar.

Parkiran luas dan tersedia mushola yg layak. Rekomendasi ke lokasi saat pagi dan sore hari agar bisa menikmati pemandangan sawah di sekitar resto. Karena datang saat makan malam, sudah banyak menu yang kosong, namun tidak terlalu ramai pengunjung dan udara lebih sejuk."
5,2024-04-21T04:20:19.219Z,Andi Hardiyanto,"rasa masakan mantabs, pelayanan ramah dan gercep, suasana alam pedesaan dg view sawah, untuk harga masih terjangkau dan ramah kantong"
3,2024-04-20T05:53:17.590Z,yphd 2306,Minumannya mahalllllll...apa karena include pajak restoran
5,2024-04-20T05:39:28.461Z,Moh Agus Widodo,"Mantab masakan nya, tempatnya pas di tengah sawah"
2,2024-04-19T08:26:49.629Z,Rasyidan Asyraf,"Banyak kebingungan dalam pembayaran pass, misalnya telur dadar ambil 2 dan dipukul 4"
5,2024-04-18T07:40:45.647Z,Benedict,Lama gak ke sini kaget jg ternyata skrg lbh luas. Lbh nyaman. Tempat duduk lebih banyak. Tempat parkir mobil juga lebih muat banyak.  Utk minuman saran saya sih lebih ditingkatkan soal rasa.
4,2024-04-17T04:15:21.204Z,Dieno Tjantja,"Makanannya enak2, menu banyak pilihan termasuk minumannya. Saat masuk langsung disambut dgn berbagai masakan dan kita bisa pilih sesuai selera kita, setelah itu lgsg bayar di kasir
Layanan lumayan cepat, kami berkunjung tgl 15 April '24 saat kami datang sekitar 12 orang, mbak2 yg melayani sangat membantu membersihkan meja kursi dan jg memberikan alternatif2 pilihan tempat.
Suasana saat kami datang sekitar jam makan siang jd lumayan rame. Untuk hawa/suhu di tempat ini cenderung panas meski di pinggir sawah, mungkin penambahan kipas angin di bbrp titik dapat membuat pengunjung lbh nyaman saat menyantap hidangan."
5,2024-04-17T02:13:54.328Z,Andi Firmansyah,Dari Kalimantan Timur. Mampir kesini.. luar biasa mantap
4,2024-04-16T10:37:30.700Z,Roni Kadaryanto,"Hari senin, 15 April 2024. Aku datang naik motor dengan anak istri, baru smpe pintu masuk mbah gito, datang tukang parkir dan bilang : kursi habis bos, gak da tempat duuduk. Seolah2 nyuruh aku pergi, ada tamu lain bilang masuk aja mas waiting list aja, sdh jauh2 ke sini kan. Pas aku masuk antri ya, tukang parkirnya blg ya kan habis. Kami tetap masuk antrian, ternyata gak sampai 10 menit kami sudah dapat kursi tinggal antri ambil makannya aja.
+++
Tempatnya luas
Parkir luas
Harga gak begitu mahal
Interior dan eksterior ala rumah jawa
Masakan enak
Pemandangan sawah
Es jeruk nipisnya seger banget

---
Gak nyaman ama tukang parkirnya
Lumayan panas"
5,2024-04-15T15:13:51.148Z,Joseph Sitanggang,"Rasa makanan enak2, mangut lele, ayam opor, bakwan n mendoannya manteps. Utk mie godhok biasa aja. Overall ok hanya kebersihan trutama area dekat kasir n toilet, apalagi deket sawah jd bnyak binatang kecil di kursi2 makan n toilet.
Semoga makin bagus kedepannya"
5,2024-04-15T13:49:18.169Z,Kenang Zehan,Makan didepan persawahan
5,2024-04-15T04:37:31.625Z,YulliKhomsati Romdoningsih (Yulli),Makanan dan suasana yg sangat tradisional
5,2024-04-14T10:57:21.983Z,Budi PR,Besar
5,2024-04-14T10:37:46.493Z,samsul lintar,"Recommended...
Keren....
Suasananya pedesaan,
Pokoknya Oke...????"
4,2024-04-14T06:36:32.537Z,Yuniarti Rhn,"Mampir pas libur lebaran, suasana ramai tp tempat duduk masih tersedia. ruangan terbuka tp cukup nyaman & adem, udara panas dari luar tdk ikut masuk. Makanan enak dengan harga yg pantas namun untuk teh ndesonya pesan manis tp rasanya tdk berbeda dengan pesanan teh tawarnya. Pelayan cepat kecuali untu minuman, makanan sudah habis dan kita kepedasan tp minuman ngga dateng2."
5,2024-04-13T16:31:57.591Z,Annissa Saputri,"Banyak sekali pilihan menu masakan rumahan. Semua masakan enak, bumbu tiap masakannya benar-benar pas. Konsep prasmanan, tapi juga menyediakan menu ala carte. Tempatnya luas dan nyaman dengan suasana Jawa yang adem karena berada di area persawahan."
5,2024-04-13T16:26:36.299Z,Dhee,Makanannya enak2
3,2024-04-13T09:13:06.951Z,Wiwik Widayanto,"Cukup sekali aja, datang setengah 4 sore makanan serba habis ga bisa dipesan, giliran habis makan, minuman ga datang2"
5,2024-04-13T08:52:57.495Z,Bono Iman,Besar
5,2024-04-13T08:14:46.757Z,mangerbang sirait,"Makan tepi sawah.
Cocok bawa keluarga tercinta.tempatnya nuansa desa."
5,2024-04-09T13:18:56.887Z,Zulaikha Siti Anisah,"Saya suka suasana di sini, tidak ada antrian panjang untuk dilayani"
5,2024-04-09T12:18:25.759Z,Rivan T (Rivan),"Jalan menuju lokasi: Bisa Mobil / Motor
Parkiran: >10 Mobil
Pelayanan: Ramah / Disambut / Diarahkan
Menu: Harga <25rb
Waktu tunggu makanan: Prasmanan / <15mnt
Rasa makanan: enak sekali
Porsi makanan: banyak sekali
Area makan: >50
Fasilitas: Mushola, Kamar mandi, Momong-able, colokan listrik
Vibe: nongkrong, keluarga

Berapa kali berkunjung: akan >3x"
5,2024-04-06T05:31:21.790Z,siwirumbar wigati,"Makanannya enak, kopinya mantap, pelayanannya ramah,  dan suka dengan fasilitas ibadahnya. Jadi bukber disana bisa sholat dengan baik ?? Sukses selalu ??"
3,2024-04-02T22:50:01.723Z,andy leonardo brughman,"Kmaren bukber di Pawon Mbah Gito coba pesen Nasi Goreng dg rasa yg semuanya over (manis banged, asin banged n micinnya krasa banged)"
5,2024-04-02T11:58:49.328Z,Hendi Septian,Sempurna ??????
5,2024-04-01T15:54:27.067Z,hesti fitryana,"Suasana nya adem, dkt sawah
Makanan nya jg enak² dgn harga terjangkau"
3,2024-04-01T05:45:45.371Z,disa citra,Rasanya b aja.. Kurang rasa ndeso.. Rasa nya udah diracik buat lidah kota sepertinya...
4,2024-03-31T20:33:22.351Z,Raden Oktova Gamma Star,"Restoran Jawa populer di sebelah sawah hijau. Saya berbuka puasa Ramadhan bersama istri dalam suasana yang sangat ramai namun nyaman sambil menikmati nasi, daun pepaya matang, oseng tahu, tempe goreng, telur dadar besar, kerupuk tapioka, teh panas, dan es lemon. Sayangnya daun pepaya yang dimasak terlalu asin, dan es lemonnya terlalu asam. Hidangan swalayan dan menu ala carte. Terdapat beberapa meja outdoor, taman dengan kolam dan sepasang angsa, bangunan joglo yang luas, kolam ikan, dan ruang pertemuan. Toilet bersih dan musholla luas. Di restoran dan tempat sekitarnya terdapat tempat parkir yang luas untuk sepeda motor, mobil, dan minibus. Minus lainnya: WiFi gratis agak lambat."
5,2024-03-31T10:16:14.937Z,andhika roomandiary,Enak & syahdu suasananya
3,2024-03-31T06:36:37.746Z,Lukmanul Hakim,"Sistem reservasi Selama bulan Ramadhan agak amburadul.
Saya dan istri jauh2 dari klaten mau buka pausa disana. Saya WA Reservasi dan dapat Balasan ""Bisa kak"" diminta isi Form, sudah saya isi dan WA terkirim, Terbaca.
Saya pikir udah ada tempat,,
Eh sampai sana ternyata nama gak ada dilist, buka puasa tinggal 10 Menit juga..
Mbk sama masnya malah saling menyalahkan.."
3,2024-03-31T01:45:32.589Z,Shen Asyari Akhmad,"1. Untuk makanan rasanya masih biasa saja
2. Pelayanan lumayan, cuma agak sedikit gemes saja minuman kurang 1 sampai hampir 30 menit dari complain gk datang2, sampai dijemput sendiri minuman ttp tidak dikasih, dari complain ke bagian minuman sampai minuman datang masih 10 menit datangnya
3. Untuk swasana panas bgt, kipas gk dinyalakan, ada pembangunan di blkang , saran lebih baik kalau lg ada renov atau pembangunan better ditutup biar suasana resto makin enak dilihat dan nyaman"
5,2024-03-25T03:25:31.538Z,Asty Moet,"Makanannya enak, rasa bakmi jowo godognya enak banget, mienya beda-beda, wajib dicoba
Kerikil lembut
Daun pepaya pahit
Cm telur dadar dengan minyak, kurangi gigitannya
Tapi secara keseluruhan rasanya enak"
2,2024-03-23T12:26:46.583Z,INTAN FITRIA,"Nasi goreng enak
Mi gorengnya enak
Sayur prasmanan dpt yg sudah bau, kurang segar
Wedang sereh ga ada rasanya, kaya air putih anget dikasih gula, padahal kondimennya udah buanyak tp rasa rempahnya ga berasa
Es dawet enak

Pramusaji ramah
Tukang parkir pilih2, lebih sopan sama pengguna mobil
Kalo sama pengguna motor kurang ramah"
5,2024-03-22T11:29:01.785Z,ganbatte ok,"Enak bagi saya , puas"
5,2024-03-21T03:40:14.810Z,Muhamad Sanusi,Enak mantaf menunya
5,2024-03-20T01:26:35.857Z,Nurmala Hanum,Memang agak mahal untuk harga makanan ramesan tapi worth it sih karena service oke dan tempat nyaman
5,2024-03-19T02:52:05.510Z,haris alislami,Tempatnya nyaman dan makanannya enak
5,2024-03-17T22:39:34.962Z,Eggy Yudha,Bakso paling enak di Jogja
4,2024-03-14T09:49:04.834Z,Zhiajah,"Enaak banget suasana dan menunya sampe bingung mau pilih apa saking banyaknya yang tersedia. Harganya juga worth it lah. di Jalan Kaliurang emang banyak banget resto kuliner ndeso kayak gini, biar ga usah antri untuk menikmatinya.
Lauk dan sayurnya banyak pilihan, minumnya juga. Ada bubur, cake, roti juga. Bisa sarapan atau makan malam juga ni rekomendasi tempat makan keluarga atau bareng temen."
5,2024-03-12T20:54:49.945Z,Doni Prajudi,Wedang Mbah Gitonya mantep banget.. suasana pedesaannya dapet
5,2024-03-12T13:19:19.935Z,Fredric Susanto,Pengalaman kuliner tradisional Indonesia di kota Jogja
4,2024-03-10T22:46:25.739Z,anik haryanti,"Makanan enak, menu variatif, tempat nyaman"
5,2024-03-10T15:56:56.818Z,Heru Purwoko,"tempatnya adem, pilihan menunya banyak banget, bikin bingung.. jangan lupa menu pisang gorengnya ya jussss.."
5,2024-03-10T13:22:11.213Z,Suci_ SR,"Resto dengan view sawah dan konsepnya prasmanan ( ambil sendiri ) dan di hitung di kasir tapi bs open bill, pilihan lauk banyak masakan- masakan jawa. Sayur lodeh, mangut, ayam rica, dadar telur kering dan lainnya. Mereka ada special menu juga bakmi jawa tp di atas jam 2-3 sore open order nya. Overall konsep nya mirip kopi klo*** tapi somehow tempatnya lebih luas sampai ke belakang. Ooh best one : Pisang goreng buat temen kopi"
5,2024-03-10T08:08:46.610Z,wiwid saktia,"Serasa pulang ke rumah nenek, versi rapinya"
5,2024-03-10T08:08:15.427Z,Fatimah Zahra,"Makanannya enak semua, harga lumayan mahal sih, tapi worth it lah, pelayanan Oke, suasana nyaman banget, tempatnya cozy. Tempatnya nyempil tapi rame banget sih ????"
5,2024-03-10T07:50:00.039Z,Alvi Lufiani,Makanan dan suasana enak. Direkomendasikan untuk kumpul keluarga juga!
5,2024-03-09T05:53:47.181Z,Suachiyat. Sulaiman,Enak n murah
5,2024-03-08T06:04:08.779Z,rossita nugroho,Enak makanannya
5,2024-03-08T01:54:48.988Z,Grifit Sukma,"Tempatnya luaaasss bgt, nyaman dan makanannya banyak pilihan, rasanya jg enak"
5,2024-03-06T07:37:56.524Z,Esti Karuniawati,"Tempatnya nyaman dan asri dikelilingi sawah. Berbagai masakan jawa di sajikan dan bisa dipilih, rasanya sedep mak nyuss. Minuman hangat dengan rempah nya juga andalan."
4,2024-03-06T06:14:48.728Z,Agung Buana,makanan tradisional yang enak dalam kondisi baik
5,2024-03-05T14:30:36.387Z,nur aini,"Tempatnya makin luas, area parkir juga nambah.
Cuma skrg harus cari table dlu baru bisa order.
Makanan enak, ada buffe.. yg bau ada cake juga di 1 etalase.."
4,2024-03-05T07:42:22.374Z,Mr. Khonjin,Masakan deso
5,2024-03-05T04:05:45.049Z,Ervina Preticia Aryanti,"Suasananya enak, tempatnya bersih, menunya banyak bebas pilih prasmanan. Cocok buat sarapan pagi disini??"
5,2024-03-04T09:04:08.331Z,Ari Fadli,Ini sangat bagus
5,2024-03-04T05:28:50.943Z,WalkmanTechno,Aneka masakan jawa dengan cita rasa yang enak. Suasananya enak melihat nasi hijau. Tidak apa-apa untuk bersantai dan tidak kepanasan bahkan di siang hari.
5,2024-03-02T13:00:47.637Z,diatri mika,Asri tempatnya
5,2024-03-02T11:53:03.601Z,Ritti Piany,Bagus dan enak.
5,2024-03-01T01:55:18.542Z,endang Wahyuningsih,"Masakan jawanya enak bumbunya berasa,pelayanannya bagus ,tingkatkan dan pertahankan biar pelanggan semakin banyak????"
5,2024-02-29T13:32:26.394Z,Sulis mbesi hadir Sulis,Mantapssssss
5,2024-02-29T06:04:13.400Z,Hura Hura,Ikan manyungnya direkomendasikan polll
5,2024-02-28T14:12:09.807Z,Annisa Rahma,"Nostalgia ke tempat ini, dibikin kaget sama tempatnya yang sekarang makin luas, makin nyaman, dan makin terasa nuansa Jawanya.  Bisa banget kalau mau reservasi buat berbagai acara. Fasilitas musholanya luas dan bersih banget.
Menu di sini prasmanan dengan pilihan yang banyaaak banget. Ngga cukup kalau hanya dengan 1 menu. Rasanya pengen nyobain semua ??"
5,2024-02-28T02:34:10.432Z,Sri Suharni,Makin mantab
4,2024-02-27T13:37:19.904Z,wong tayu,Nyaman di tengah sawah
5,2024-02-25T09:44:32.933Z,sulichan yuli,"Menu masakan jawa prasmanan, suasana sangat asri samping sawah..
Rasa masakan 8/10
Pelayanan 9/10
Mushola cukup besar dan bersih.."
5,2024-02-25T02:38:39.112Z,Vivi Kingdom,"Parkir cukup luas tapi sepertinya selalu full ya karena rame. Klo pas rame nyari tempat duduk dulu biasanya full, aku kesana pas rame dapet seat paling belakang.
Makanan prasmanan jowoan langsung ambil sendiri, di kasir dicatet, bayar belakangan. Kesana pas sawahnya baru dibajak, jdi gak dpt view sawahnya. Masih offerdable bgt"
5,2024-02-24T16:28:58.374Z,Marco Taddia,"Saya menghabiskan relatif banyak karena saya mengambil beberapa hidangan di menu, tetapi jika Anda memiliki prasmanan, nasi ditambah tiga pilihan, harganya sekitar 13rb rupee, tidak ada apa-apa.
Tempatnya sangat sugestif karena menghadap ke persawahan dan kemungkinan melihat gunung berapi sebagai latar belakangnya. Sangat santai dan yang terpenting hanya sering dikunjungi oleh penduduk setempat."
5,2024-02-24T04:55:03.249Z,it's me! lady,Nice place to eat. Ada colokan juga.
5,2024-02-23T22:39:56.328Z,Bersama Insan SOLEH,Susana sangat Indah
5,2024-02-22T11:42:44.880Z,Nurhayati Firdaus,"Tempatnya nyaman banget buat makan bareng keluarga. Ada mushola dan toilet yg juga bersih banget.

Makanan utamanya serius enak enak semuaaa. Di sini aku makan pakai sayur lodeh telur dadar Kriwil dan sate ayam pedes manis. Enak banget berasa makan di rumah ibu.

Lauk yang lainnya juga, kata temen aku sate parunya enak banget. Sayang kita nggak bisa makan semuanya karena lauknya banyak banget hahaha.

Kemarin sempat mau nyobain dessertnya tapi karena diburu waktu jadi nggak bisa deh padahal menggiurkan banget??"
5,2024-02-22T07:11:34.101Z,Gabrielle Jane,Besar
4,2024-02-21T14:05:10.168Z,Ilul Maslukhah,"untuk makanan enak dan prasmanan jadi lebih leluasa sampe bingung mau pilih makanannya banyak banget dan minumannya juga enak
tempatnya juga luas dan bersih oke sih buat keluarga temen kumpulan ibu ibu arisan cocok sih tempatnya juga deket dengan pesawahan jadi ga panas banget"
5,2024-02-21T08:07:32.541Z,Alwanda,"Konsepnya prasmanan seperti di kopi k**t*k, makanan enak semua, gak ada yg fail, kebanyakan makanan rumahan dan tradisional.  Tersedia macam minuman dan cemilan. Tempat luas dan asik untuk kumpul keluarga.
tapi harga nya cukup pricey untuk masyarakart jogja haha. Rata2 yang datang dari luar daerah.
Semoga laris manis dan makin banyak varian makanannya"
4,2024-02-21T06:45:55.986Z,KaliKajar,Makan siang dulu sambil rapat
4,2024-02-20T18:29:59.273Z,Wiedyastuti Purbaningsih,"Makanannya enak, kebersihan lingkungan & pemandangannya kurang bagus gk terawat"
5,2024-02-19T15:28:19.668Z,windy arizona,Udh srg kesini… next kesini lagi.. makanannya banyak variasi menu tradisional
4,2024-02-18T08:37:53.846Z,Suci Ayunda,"Restoran dengan tipe makan prasmanan. Bisa pilih menu a la carte juga. Bakmie godoknya seger dan makanan lainnya juga cukup enak. Harga murah.

Sedang ada pembangunan disana dan sawahnya jadi agak mengecil karena dibangun tempat lagi. Musola dan parkirnya luas. Ada soang juga, jadi anak anak tertarik ngeliatin soang."
5,2024-02-18T03:29:40.765Z,R Y,Terlalu banyak
5,2024-02-18T00:55:01.321Z,may,"Makanannya, camilan yang.. Minumannya mantapaasss.. Suasana diantara sawah² sejukkk... Kesini kl waktunya pas luang... Antri soalnyaa..."
5,2024-02-17T11:11:34.624Z,Haryanto Suharno,Aneka makanan dan minuman rumahan .... dg sajian kekinian serta suasana yg mewah ( mepet sawah) shg terasa asri dan sejuk .... enak dan nyaman ....
4,2024-02-16T11:57:07.885Z,Daden Rusyawan,Makanan nya enak pisan
5,2024-02-15T07:30:38.083Z,Bang's Edy,Gak sabar pengen ke sana lagi
5,2024-02-15T04:13:17.807Z,Novita Dewi,Makanan tradisional. Rasa cukup enak. Harga standard
5,2024-02-15T02:34:42.342Z,Rizanet M.,"Tempat makan masakan Jawa, makanan dan minuman enak, harga terjangkau, suasana nyaman dan parkir luas.
Pelayanan bagus.
Agar diperhatikan keamanan pengunjung suka terjatuh saat lewat pintu yg ada palang kayunya supaya dilepas saja."
5,2024-02-14T09:42:40.240Z,Teguh Adi Wijaya (Azstworkshop),Kalo ingin nyaman waktu berkunjung jangan pas liburan nasional lah.
5,2024-02-14T09:35:29.952Z,mutiara prisca,"masakannya enak,bumbunya kerasa bgt,minumannya jg oke, tempatnya nyaman,kalo pagi sejuk bgt,ga bosen kalo di sini,paling cocok kalo kesini sm keluarga.."
4,2024-02-14T06:13:45.369Z,gunawan adiprasetyo,"Tempat nyaman, rasa enak, harga worteat"
5,2024-02-13T15:15:53.926Z,ida arie,"Yg mau nyari sarapan atau makan siang disini bisa bgt, tempatnya cukup luas, prasmanan, bisa memilih makanan apa aja disini enak2 masakannya. Bubur/ jenangnya enak, layanannya cukup cepat, cuma mmg hrs antri siih kalo mau ambil makanan. Begitu datang, harus cari tempat dulu yaa baru antri makanan. Kalo antri dulu takutnya ud g kebagian tempat duduk. Wajib dicoba"
5,2024-02-13T12:13:29.016Z,Fatima Ratu,"Tempatnya sejuk, luas , bersih, makanan juga enak serasa masakan rumahan beneran ????
Musholla nya bersih bangett!!"
5,2024-02-13T05:38:11.934Z,yoyont suharyanto,"Tempat makan prasmanan khas jogja dengan menu tradisional tapi kualitas rasanya mantap dan pas utk lidah indonesia pada umumnya
Apalagi suasananya sejuk khas pedesaan sangat cocok utk keluarga atau menjamu tamu rasanya ingin berlama lama menikmati suasana dan makananya"
5,2024-02-12T05:46:53.158Z,Budhi Basuki,Resto ini dipilih karena resto kopi klotok sbg pilihan pertama sangat penuh dan membuat tdk nyaman. Resto menyajikan makanan rumahan. Dari segi rasa biasa saja.
5,2024-02-11T09:02:53.116Z,Riyan Pratama Putra (Creator Video),Sangat direkomendasikan euyy sejuk juga suasananya
4,2024-02-11T04:53:18.321Z,Agus Nur Budiatno,"Makanan enak, selera jawa"
3,2024-02-09T18:07:27.002Z,Yoan Tjh,"Makanannya oke banget, pengen nambah dan banyak variasinya.

Hanya saja agak kaget pas pesen wedang susu jahe tiba tiba banyak tawon, sebelumnya baik baik aja dan sangat bagus tempatnya."
4,2024-02-09T10:55:56.899Z,ILMAWAN HAVADA TAQWA,"Menu masakan overall enak

Layanan memuaskan

Suasana sejuk bener kanan kiri sawah view nya"
5,2024-02-08T16:37:12.969Z,hana zakiah,"Dateng pertama kali awal tahun 2021, pas masih covid eksis kebersihannya dijaga ketat bgt, bersih banget. Makanannya dulu masih standar rasanya, skrg enak banget, mantap sih. Suasana di pmg jg syahdu banget, biasanya kurang nyaman di tempat yg full org, tapi ini malah ngerasa homey kalo lg rame, ngga terusik sedikit pun, padahal dr awal bawa anak kecil yg tentunya engga bisa anteng aja, tp tetep nyaman. Pelayannya ramah pooll mulai dari masuk sampe pulang semuanya ramah, gercep, ini yg paling bikin nyaman, walopun mgkin bagi warlok harga di pmg aga pricey tp semua pas dg suasana, pelayanan, dan rasa yg enak."
3,2024-02-08T12:59:53.081Z,Ellya -Raja3A_19,"Layanan pd kunjungan malam memakan wkt yg ckp lama, 1.5jam menunggu makanan dihidangkan membuat ga nyaman bagi yg sdh lapar. Mohon dpt diperhatikan ya"
1,2024-02-08T12:27:39.469Z,annisa hartisning,dua
5,2024-02-08T10:59:48.340Z,Tommy Hendro Pratomo,"Rombongan kami sarapan di Pawon Mbah Gito, semua bilang enak n ingin kembali."
5,2024-02-08T10:22:55.942Z,Mada 26,"Makanan uenak2, harga nya murah banget, cm hindari pas jam2 makan siang, ruameee bgt pastinya"
5,2024-02-08T09:16:45.837Z,Ahmad Jami Hadiwibowo,Untuk kesekian kalinya
5,2024-02-07T13:24:30.776Z,Lastry Wardani,"Tempatnya nyaman, tapi kalau malam makanan prasmanannya sdh habis, nunggu ala carte antriannya +/- 1 jam"
5,2024-02-06T08:52:02.855Z,rina anggiasari,"Tempat luas bgt, cantik, damai di tengah sawah.. Masakan rumahan aneka macam lengkap dgn jenangnya.. Family place"
5,2024-02-06T08:08:21.017Z,dinna putri,Nice place nice food. Pasti balik deh kalau ke Jogja lg.
5,2024-02-06T05:42:25.924Z,Muh. Ibnu Habil Hanafi,"Tempatnya luas, makanan dan minuman beragam, view sawah bagus dan juga tersedia musholla"
4,2024-02-05T11:45:28.422Z,maha lina,"Sistem pembayaran ke kasir dulu dicatat trus disuruh bayarnya nanti setelah makan
Mending sekalian bayar aja gaksih kalo udah sampai kasir, apalagi kalo kasirnya nyatat nya salah kayak punya saya.
Saya ga merasa pesan salah satu disitu tiba2 dihitung, kalo mau protes pas bayar kan gabisa juga yak. Kita gak ada bukti lho karna kan makanannya udah habis dimakan. Huhh
Harganya juga menurutku mahall parah sihh, mendingan ke kopi klotok/ kopi bukan luwak aja kalo kaya gini????  ayam suirnya juga keasinan menurt saya."
4,2024-02-04T12:39:47.596Z,Muhammad Azhar,"Suasana nyaman, mungkin rasa agak di tingkatin lagi"
4,2024-02-04T06:16:19.761Z,Irfan Alfauzy96,Untuk makanan enak and view nya jg bagus .tp tolong di bnerin service nya soalnya dr td mnta air panas ga d kasih” mnta tolong d evaluasi ya kak
4,2024-02-04T05:19:19.769Z,agung nugroho,Perpaduan Makanan tradisional dan modern
4,2024-02-04T04:44:18.770Z,Adi Felani,Suasana nyaman
5,2024-02-03T14:31:41.333Z,Daniel Yusak,Enduuuullll.....
3,2024-02-03T09:31:01.441Z,prih adiartanto,Kasir sangat tidak sopan. Selalu nyolot... Mencatat pesanan salah
5,2024-02-02T05:36:35.879Z,Abdul Mukhlis,"Suasana pedesaan
Mantap buat ngopi2"
5,2024-02-01T16:47:54.337Z,Anna Joen,"Suasana resto yang nyaman dan bersih. Terletak di desa dengan nuansa pedesaan kursi panjang maupun kursi2 jaman dulu. Namun ada sentuhan modern di toiletnya yang bersih. Menu yang disajikan prasmanan tinggal pilih dan ambil. Masakan  juga khas pedesaan. Minuman bervariasi kopi, teh dan beberapa minuman herbal, wedang sereh, wedang jahe dsb.
Parkir cukup luas. O ya yang menarik, di sini tersaji juga beberapa macam jenang/bubur.
Tentang harga relatif sih."
5,2024-02-01T12:03:15.362Z,Dwi Febrian Putra,Masakan jawa lengkap
3,2024-01-31T11:48:06.716Z,T S,"Menurut saya harga nya mahal dibandingkan dgn rasa yg biasa saja, tidak sesuai dgn ekspektasi saya.
Sayangnya juga toiletnya cuma 1, jadi ngantri panjang sekali."
3,2024-01-31T10:55:57.828Z,Siti Haniah,"waktu mau pilih meja buat makan siang, rumah makan yg dekat kolam angsa dan ikan banyak lalat dan lebah, minta tolong untuk pengelola sebaiknya jangan taruh angsa di lokasi tempat makan karena bau kotoran dan mengundang lalat"
5,2024-01-30T13:53:03.565Z,Khansa Muthia Adiarty,Krecek dan gudeg nya recommended. Tempatnya nyaman banget
5,2024-01-30T09:00:33.054Z,Yenni Henna Kediri,"Murah... Nasi+3 sayur harga 13k
Alhamdulillah.. puas"
5,2024-01-30T04:16:59.687Z,Heru Hidayat,"Tempat makan yg nyaman suasana pedesaan dan sawah, harga makanan ramah, suasana enak
Mangut lele nya wajib dicoba"
5,2024-01-29T14:19:52.801Z,Rana Khansa Rafky Putri,"enak bgt parah, alumni jogja jadi pengen balik jogja lagi"
5,2024-01-28T12:39:44.813Z,prima widiastuti,"sebenarnya makanan enak, suasana jg enak tp utk pelayanan kurang, mis: minum keluar terlalu lama, sendok hbs kita hrs minta, sambl juga g ada hrs minta dan nunggu 5 menit. katanya msh beku baru di panasin."
5,2024-01-28T12:16:40.712Z,Yupi Rahayu,"Nyaman....
Senyaman hatiku...??"
5,2024-01-28T07:59:18.918Z,ovivia glericidea,"Pas masuk kaget karna tempatnya cukup luas, pilihan makanan juga banyak dan keliatan enak enak semua. Utk makanan yg aku pilih overall semua enak, apalagi pisang gorengnya nagih bgt. Untuk kopi nira 4/5 dari aku. Bakal balik lagi sih"
5,2024-01-27T09:39:39.244Z,Deka Dwi Navinta Candra Nugraha,"Makanannya enak, pelayanannya sat-set cepet, suasananya syahdu (tadi hujan, cuma sayang sawahnya belum ditanamin)

ntar mau dateng lagi pas sawahnya udah ditanamin"
5,2024-01-27T02:41:30.440Z,Widji Yono,"Joss mantab
sante pokok e"
5,2024-01-27T02:32:00.699Z,Wibowo D Hartoto,"Makanan dan minumanya variatif, enak, baru masuk parkir aroma masakannya sdh menggugah selera...??????"
4,2024-01-26T02:42:30.603Z,Aldo YRS,"Makanannya sangat enak, harganya murah, makan banyak dan bayar lebih sedikit benar-benar terjadi di sini! Tempatnya sangat bagus karena Anda bisa melihat area persawahan dan ladang jagung!"
4,2024-01-25T08:55:00.565Z,Nursamsurya Jasman,"Makanan ada yang oke banget tapi juga ada yg agak mengecewakan utk saya, telur pindang enak bgt, telur crispy alot, bakwan jagung ada rasa asam n dimasaknya agak kelamaan, teh nya terlalu pahit, eco klepon nya favorit, pelayanan ramah, harga seperti nya agak sedikit diatas harga resto yg sejenis, parkiran luas, suasana cukup nyaman, tapi ada beberapa lebah yg cukup mengkhawatirkan jg kalau tersengat jd agak ganggu saat makan. posisi beberapa meja n kursi terlalu berdekatan dg meja lainnya. seru kesini saat senja, smg bs buka lebih pagi buat sarapan nontonin merapi."
5,2024-01-23T08:59:52.928Z,Alpasha Julian,SEMUANYA LEZAT!????
5,2024-01-23T04:46:39.959Z,Angga Ferdinandus,Cocok dimakan khusus Jogja bgtttt
4,2024-01-22T15:12:28.864Z,Patrick Wirya Wijaya,Banyak skl tawon dan lalatnya
3,2024-01-21T09:50:47.912Z,Keo Cazyea,"Menurutku cukup mahal, apalagi meminumnya"
5,2024-01-20T02:20:53.831Z,Teguh adiwijaya,"Suasana nyaman, bersih. Rapih. Pengunjung jadi betah lama2 an santai dg santapan khas jawa.??"
5,2024-01-19T09:10:06.330Z,adib naufallah,"Hasil memuaskan, detail, dan dicoba dahulu sama mekanik sebelum dibawa pulang. Sangat recommended."
5,2024-01-19T09:01:57.820Z,Badai Raga Samüdra,"Tempatnya luas, banyak pilihan untuk tempat duduk.. Tempat parkir kendaraan roda 4 juga banyak, Rp 5000 sekali parkir..

Untuk pilihan menunya ada yg prasmanan, ada jg Ala Carte, plus ada kopinya jg.. Untuk rasa prasmanannya enak seperti masakan rumahan, saya jg pesan Papua Wawena Vietnam Drip itu pun jg enak..

Kopi Susu Nira (Recommended) ????

Saran aja kalau mau makan disini waktu yg pas itu Sarapan & Makan Siang, sebenarnya Sore jg enak tapi suka tinggal sedikit menu prasmanannya ??"
5,2024-01-19T07:01:02.125Z,Ibnu Shebika Ragil,"Rasa standart enak, tempat bersih, toilet bersih, musholla bersih. Untuk harga menengah lah, nasi sayur 13 ribu, minuman paling murah 13 ribuan. Belum tambah lauk Dll"
4,2024-01-18T12:38:06.139Z,Dyahpamitra Kesuma,Masakan jawa yang beragam. Menyediakan beras merah. Rasa masakan enak. Sayangnyabdi jam makan suasana persawahan gak bs dinikmati krn ramai polll.
5,2024-01-17T13:12:16.183Z,Dika Putra,"Makanan jawa yang enak dan tempatnya cozy. Paling favorit aneka jenang nya dan cuma ada di pagi hari.
Minusnya banyak cicak, kadang kejatuhan cicak atau kotorannya.
Tolong makanannya dipantau terus supaya tidak kejatuhan kotoran cicak."
2,2024-01-17T02:31:13.695Z,Gusti Ayundita Putri,"Sowan dhahar di Pawon Mbah Gito sehabis klinongan ke Gg Merapi. Definisi makan masakan Jowo (aneka sayuran jowo) dan wedangan Jowo. Kebersihan tempat, pencahayaan lampu, dan kualitas layanan sudah OKE baik. Tapi bisa dibilang sowan untuk dhahar disini CUKUP sekali saja.
Dari segi rasa masakan sangat datar banget, manis pedes dan bumbunya pun DATAR sekali tidak menemukan rasa yang autentik.
Sengaja pilih nasi rames buat makan karena pengen uji rasa.
Nasi Rames 13.000
Telur semur 7.000 (telur ayam biasa, bukan telur organis/bebek/ayam kampung) -- harga umumnya maximal 5.000
Kerupuk kaleng 2.500 -- umumnya 1.000an
Kering tempe ½ porsi = 1 sendok teh jika ditakar 3.000 -- hmm..
Air putih hangat 2.000 -- umumnya 1.000 atau malah FREE
Total makan sego rames lawuh ndeso 27.500

Bisa dikategorikan ini resto yang cukup SEKALI datang, karena hanya menjual suasana pedesaan namun secara masakan masih FLAT (there is no speciall things)
Harga makanannya jika dilihat dari nasi rames yang ku pesan bisa naik 50-70% dari harga nasi lawuh sayur di luaran sana."
4,2024-01-17T01:59:57.726Z,Aliya Salsabilla,"Menu oke karena masakan rumahan prasmanan, untuk tempatnya blm worth it karena blm 100% jadi dan pelanggan sdh terlalu rame. Minus nya untuk nunggu minuman sangat lama, minum dateng setelah makannya mau habiss?? jd buat yg mau kesini disarankan membawa air mineral sendiri dulu atau bisa beli disana air mineral??"
4,2024-01-17T01:02:29.875Z,Feri Rahman,Enak enak makanannya
5,2024-01-16T13:32:41.639Z,Divandra Irdiansyah,"Varian menunya cukup beragam dan enak semua.. Masakan khas rumahan. Harga terjangkau, tempat luas."
4,2024-01-14T23:33:14.644Z,Sinta Ariana,"Bangunanya joglo, ditambah musik2 jawanya makin bikin terasa suasana jawanya. Disamping kanan kiri ada sawah dan kebun jagung. Dateng jam 12 saat makan siang, ramai banget. Pilihan lauk2 nya banyak. kemarin cobain lauk ikan disambel tp menurut saya rasanya cuma asin dan kurang gurih kurang pedas. Ada jenang juga."
5,2024-01-14T12:08:31.138Z,Ariesa Azmi,"Tempat makanan favorit ibu saya. Deket rumah suasana nyaman, makanannya enak2 plus banyak menu yg cocok buat anak2 dan musholanya masyaAllah nyaman... Love"
4,2024-01-14T07:19:42.265Z,Samuel Prabowo,Tidak apa-apa
5,2024-01-14T04:26:04.762Z,Oliver Dohar,"Banyak menu untuk dijadikan pilihan sarapan, makan siang, nongkrong sore sampai makan malam. Rasanya enak dan harganya terjangkau. Benar2 tempat yang bisa bikin kamu betah seharian berada disini. Seperti waktu yang terhenti, apalagi backsoundnya lagu2  jaman dahulu kala."
5,2024-01-13T16:05:52.612Z,Agustina Hariyanti,"Tempatnya oke bgt,pegawainya ramah&sabar melayani customer yg rombongan,makanannya oke smua,musholanya bersih????"
5,2024-01-13T11:48:32.997Z,N_Technology Busines,Langkah mantel..
5,2024-01-13T06:41:54.975Z,Mir Meilydiawati,"Makanan rumah rasanya enak. Prasmanan.
Saat ambil makan di prasmanan, lapor ke kasir lalu pesan minum.
Disuguhkan pemandangan sawah.
Harga minumannya tambah mahal ya"
4,2024-01-13T05:35:11.338Z,CitRaa AR,"Patut dicoba. Menu makanan banyak, ada bbrp area duduk. Suasana adem,parkir luas, pelayanan bagus."
5,2024-01-13T05:05:28.521Z,Yudi Chepot,Tempat makan tradisional yg semakin banyak pilihan di Yogya ... pawon mbah Gito bisa dijadikan pilihan ... makannya enak" tempat ok ... rame tp gak krodit.
4,2024-01-12T23:28:09.203Z,Zaenal Arifin,Cocok untuk bersantai bersama keluarga
5,2024-01-12T08:17:56.601Z,yenata novitasari,"Enak, wedangnya macem2..makanan juga macem2, dan masakan bukan yg maniis banget ky masakan jogja biasanya"
5,2024-01-11T13:02:52.345Z,Awang5,"Syahdunya makan di tengah kebon Jagung ya di sini. Makanannya prasmananan dan cukup lengkap pilihannya, rasa juga menyenangkan untuk resto Jawa.

Akan cukup ramai di weekend & musim liburan. Tapi pelayanan bisa dibilang cukup cepat sat set kok.

Teh nya asik, ada sensasi sepet-sepetnya, bisa es atau panas. Harga masih cukup bersahabat, pembayaran bisa dengan QRIS, cash atau cards.

Perluasan areanya bisa untuk group besar sampai 100 orang, jadi bisa direkomendasikan untuk makan bersama keluarga besar atau teman-teman kantor/lunch outing."
5,2024-01-11T07:11:44.104Z,Eri Susanto (Santo),Bagus tempatnya...makanannya enak...sayang kemarin pas hujan jadi agak ribet bawa makananya kalau kita duduk di sebalah utara
5,2024-01-10T16:14:16.247Z,Kukuh Adi,"Kopi susunya enak dan pisang gorengnya enak
Jika anda berada di kawasan Kaliurang, tidak akan rugi banyak jika mampir ke sini"
5,2024-01-10T00:32:32.644Z,Nisa Aulia Cahyani,Pilihan lain untuk makan siang keluarga
4,2024-01-09T16:45:17.514Z,Tesalonika Isra,"Tempatnya enak, di tengah ladang jagung. Tinggal kasih petunjuk jalan aja dari jalan raya buat memudahkan orang yg mau kesana. Pelayanan baik, rasa juga enak. Cuma kurang mendoan goreng nya. Jauh-jauh kesana malah kosong"
4,2024-01-09T15:34:52.628Z,EL LAZZARO,Makanan bermacam2 dan enakk. Tempatnya klasik. Cuma tempat parkiran becek kalau habis hujan.
5,2024-01-09T11:35:41.194Z,Carolina Mishella,Tidak ada yang mengajukan menu yang dipesan. Vodka jahe nenek sangat enak.
4,2024-01-09T11:35:10.368Z,himawan wijaya,Makanan Indonesia terbaik
3,2024-01-09T05:45:33.750Z,Astika Lestyani,"Makanannya enak tinggal ambil tp pelayannanya masa minuman dtgnya pas makanan ud abis , ud 2x bolak balik ke area pembayaran minta dianteri minuman tp ga dtg2 juga akhrnya ke3x minta air mineral aja.
Suasanya bikin betah tp klo siang ps pnas tu gersang banget ga ada kipas atau apa gt"
5,2024-01-08T13:59:44.913Z,moondeats,Masakan rumahan khas jawa. Anda dapat memilih apa pun yang Anda suka dan membuat nasi campur sendiri. enak!!
5,2024-01-08T05:43:13.938Z,Chyntia April liani,"Makananny enak enak dan masih ramah dikantong, ditambah hujan beh makin lahap"
5,2024-01-07T11:30:40.215Z,Maulinna Utaminingsih,"Baru pertama kesini, menunya makanan rumahan disajikan secara presmanan. Tapi ada juga yang kekinian seperti pastry n cake. Kopinya juga ada kopi jaman dulu d an kekinian.
Tempatnya luas dan masih proses perluasan lagi. Ada toilet dan mushola yang bersih dan terbuka sehingga nyaman dipakai.
Disini banyak lebah yang akan menggerubuti klo ada yang manis-manis.
Nasinya ada merah dan putih, harganya 13ribu bisa ambil sayur sepuasnya.
Penyajian minuman pakai gelas kaca, yang es teh sudah pakai sedotan stainles tapi yang es kopi masih menggunakan sedotan plastik sekali pakai."
4,2024-01-07T08:35:40.166Z,Rahmat Fitrianto,"Masakannya enak & byk macemnya, sayangnya kemarin kesini waktu musim liburan jd susah cari tempat duduk & antri buat ambil makanan."
5,2024-01-07T05:10:28.011Z,Qqan Quw,Baru sadar klo ada bubur jenang pas mau pulang. Cuman sayang kebijakan mrk tidak memperbolehkan untuk take away
2,2024-01-07T02:22:19.147Z,arv,"makanan so so lah standart rasanya, pelayanannya cepat tanggap. Tp masalahnya udah tau banyak lebah masa minta lilin aja abis sih? kan bisa restock dl kalau dilihat kan pengunjungnya banyak lagian untuk kenyamanan pengunjung jg"
4,2024-01-06T14:26:47.838Z,Mul Yono,"Tempat nyaman buat sarapan...
Saran : bumbu2nya harus lebih berani lagi...."
5,2024-01-06T08:45:17.583Z,Aryan al Aziz,"Sementara juara,
Buat pemilik... Hati² selalu jaga kualitas... Pesaing banyak... Yuks semangat... ??"
5,2024-01-06T05:38:22.092Z,Dio Vezantino,Suasana kedamaian ada di tempat ini
3,2024-01-06T03:39:45.323Z,Ani Setiyarto,"walaupun mBlusuk t4 n suasana, ok"
5,2024-01-06T01:31:45.793Z,Natasya Erent,"Makanannya enak, pisang goreng, tempe mendoan enak. Datang ke sini pagi jam 7 saat weekend belum terlalu ramai. Suasananya adem.."
5,2024-01-06T01:10:11.485Z,Fakhrizal Syam,"Oke, tapi"
5,2024-01-04T14:11:43.740Z,dee Niners,"Suasananya enak, makanannya enak, pelayanan sangat baik. Makanan berat ada pilihan nasi merah dan nasi putih. Nasi merahnya pas matangnya tdk keras dimakan. Pilihan lauk jg banyak yg bs diambil sendiri (prasmanan). Pisang goreng jg enak, manis & tdk keras. Smg bs k sini lg kalo ke Jogja (kaliurang) ??"
1,2024-01-04T14:00:24.304Z,Ananda Mutiara,"Uda 3x kesini dan 3x juga pesanan yang dipesen dr menu (bukan prasmanan) lama sekali keluarnya. Yang terakhir ini parah sekali, uda pesen lagi untuk dibungkus, pas mau bayar ternyata ga dibuatkan. Alasannya tidak tau nomer mejanya berapa. Lawak banget, gatau ya balik lagi dilihat meja berapa, sambil crosscheck pesanan untuk takeaway sudah benar atau belum. Uda gt ga minta maaf, malah nyolot bilang “dibuatkan dulu berkenan tunggu ga”. Tolong deh servicenya ditingkatkan lagi, kl emg understaffed ya hiring lagi, komunikasi server sm kasir dan kitchen diperbaiki. Tempat uda bagus, makanan enak, tp kl service jelek ya ttp aja nol besar, pdhal cukup pricy. Please educate ur staff on how to handle customer with respect. Thx."
5,2024-01-04T09:51:07.113Z,agus alfajrie,"Kesini pas banget hujan deras, jadi yaa basah²an gitu jadinya. Ditambah pas sampe sini lg mati lampu, pas sampe prasmanan jadi kurang terlihat jelas menu²nya. Mungkin next bisa persiapan lampu darurat.

Banyak pilihan menu dan Rasanya menurut aku sudah cukup ya. Begitupun dgn minumanya juga banyak banget variannya, tp pas kesini wedang mbah gito dan wedang mbah uti habis, jd gk bisa nyobain. Katabya sih itu best sellernya.

Tempatnya bagus bgt, tp karena pas hujan gitu jd tambah syahdu, kalaw pas gk hujan mungkin bagus juga."
3,2024-01-04T08:10:43.959Z,Ismail Saleh,kamar mandi gelap
5,2024-01-04T06:00:46.518Z,Muflih Fathoniawan,Mantappp ini versi cafe dari mbah gito yg ada di jogjanya
4,2024-01-04T01:17:49.067Z,bypas,Lokasinya dipinggir sawah..
5,2024-01-04T00:14:46.842Z,Achmad Jodie,Anda juga bisa... Hebat
5,2024-01-03T06:31:42.985Z,arry sutanto,"Pelayanan ramah, varian banyak dengan traditional menu, masakan enak"
5,2024-01-03T06:25:34.361Z,Tia Puji,Jangan menyesal datang ke sini. Semua hidangannya enak
4,2024-01-03T05:56:36.845Z,Buzz Juna,Sawahnya ilang
5,2024-01-02T10:01:51.648Z,Anonymous Llama,"hal terbaik tentang tempat ini adalah suasananya. Makanannya agak biasa-biasa saja, seperti dimodifikasi sesuai lidah masyarakat umum, sehingga bumbu-bumbunya tidak akan sekuat yang asli."
4,2024-01-02T07:34:07.193Z,fajar heksono,"Yang kangen makanan kampung dengan nuansa pedesaan pinggir sawah, bisa dicoba rumah makan ini. Pawon Mbah Gito di daerah Kaliurang.
Menu: beragam makanan dan minuman jawa
Rasa: tidak mengecewakan
Pelayanan: ramah, kecepatan bisa ditambah
Parkir: terbatas hanya utk beberapa mobil. (Update desember 2023, parkiran sdh bertambah luas, ada lokasi tambahan di belakang yg dipisahkan oleh jalan setapak)
Lokasi: masuk dari jalan besar kaliurang sekitar 1km
Overall: 4/5"
3,2024-01-02T04:48:09.601Z,Khirda Firdaus,Ndak tau kenapa di lidah sya hambar ..tapi mungkin selera org beda2 ya ...tapi tempatnya luas..jadi bisa jd tempat makan tujuan ketika di jogja
4,2024-01-02T04:07:50.402Z,Ikhsan Septian,"makananya enak dan variatif, namun tempatnya mesti di improve ulang, saya makan dengan keluarga di joglo tengah, tercium aroma bau got yang lagi di renovasi di kawasan sampingnya, sangat menganggu kenyamanan, apalagi ditambah cuaca yang sangat terik, dari karyawan tidak ada inisiatif untuk menurunkan tirai bambunya agar pengunjung jd lebih nyaman, toiletnya juga terbatas satu didepan dan satu lg ditengah dekat musholla"
5,2024-01-02T02:30:34.763Z,Alex josh,"makanan enak,harga murah.mushola dan toilet bersih"
5,2024-01-01T20:37:21.039Z,Irma Fitriyanti,Disiniii enaaaak semuanya
5,2024-01-01T15:57:22.422Z,Dominikus Paksi,"Tempat asyik buat makan pagi / siang / ngemil sore / malam di jogja (daerah jakal atas). Tersedia banyak meja & kursi dan menu makanan. Pegawai sat set, saat liburan / weekend kemungkinan waiting list untuk meja / kursi."
3,2024-01-01T13:23:47.215Z,anissa widya,"Jam 8.15 dateng, disambut mas2 nya “mari silahkan”, nyampe kasir mau order mbak nya dengan muka males2 an bilang close order ??????"
5,2024-01-01T11:16:59.957Z,akbar nisan,Manthebbbb...
5,2024-01-01T07:12:21.770Z,Navy Sport,Bagus
4,2024-01-01T07:05:42.160Z,I am,"Uhuuy..... untuk tempat sih oke. Nyaman di tengang sawah dan rimbunnya pohon. Tempat yg pas untuk melepas penatnya pekerjaan di kota. Tapi untuk saat libura ya harus sabar karena antri dan rame. Plus kasir untuk membayar dan input pesanan jadi satu, so ini membuat antrian makin ruwet dan sulit. Ke depannya mungkin bisa di pisah untuk kasir pembayaran dan input order atau pesanan makanan.
Untuk makanannya, variasinya banyak. Hanya sambal hanya sambak ijo saja. Andai lebih banyak variasi sambalnya pasti lebih baik lagi.
Untuk rasa, B aja ya. Dan harga ?????? termasuk mahal untuk rasa yang B saja. Parkir luas. Pelayanan masih bisa lebih ramah lagi terutama saat kondisi crowded."
4,2023-12-31T07:03:45.912Z,Danu Sayogo,"Menu makanannya banyak pilihan dan semuanya menarik.

Minumannya juga banyak pilihan.

Cuma mau komen soal toilet saja yang menurut saya minim. Cuma ada 1 space bilik untuk pria jadi semua antri jadi satu buat yang buang air kecil maupun besar. Harusnya ada urinoir supaya meminimalisir antrian.

Parkir terbatas."
5,2023-12-31T06:46:00.074Z,Helvetica 2Squared Agency,"Saat peak season, didepan ada papan fully booked, tapi saat masuk ada bbrp meja kosong yg bisa lsg dudukin tanpa reserve, jadi saran saya mending lsg masuk resto cari meja yang kosong, karena ga ada koordinasi antara karyawan yg di dalam resto sama karyawan yang didepan (pintu masuk)."
4,2023-12-29T09:53:04.431Z,Casey,"Harga standar resto, rasa enak, tempat nyaman. Ambil prasmanan dan tunggu sebentar."
3,2023-12-29T07:52:36.205Z,Junianto Efendi,"Buat saya no coment klo soal rasa makanan..
Untuk kopi, saya pesen americano kok kayak kopi tubruk ya.. Aneh..
Tapi tolong utk barista nya belajar lebih banyak lagi ya..
Semua punya seleranya masing-masing..

Tolong juga untuk attitudenya diperbaiki buat masnya yang dikasir..
Saya minta tolong untuk menu bubur/jenangnya di refill, jawabannya gak enak banget ya.. Kata-katamu, ""udah cuma tinggal itu aja"".
Mas.. Tolong ya.. Diperbaiki lagi..
Wes kuwi wae, salam pariwisata Jogja!!"
4,2023-12-29T05:37:20.090Z,Aher76,Jos gandos maknyosss layanan ramah antrian teratur dan tertib
3,2023-12-29T04:07:02.201Z,edy,sayang gyosa agak bau dan saat dikunyah seperti busuk ... semoga ada perbaikan kedepannya
5,2023-12-28T13:42:45.411Z,Edwin Abighofy,"Makanan enak, tempatnya cozy ditengah sawah dan kebun jagung, harga terjangkau"
4,2023-12-28T13:22:57.421Z,Erni Yusnita,"Susananya enak, tdk terlalu ramei, bisa duduk menikmati makanan dgn santai"
5,2023-12-27T13:03:16.584Z,Chaca Puspita,"Tempatnya nyaman banget pilihan makanannya juga banyak dan makanan-makanan tradisional gitu.  berasa banget kayak lagi di rumah nenek. Harganya juga lumayan terjangkau pilihan menu minumannya juga beragam.

Selain makanan tradisional di sini juga ada coffee dan cake"
5,2023-12-27T12:38:47.868Z,Windy Aquilla,"dari segi makanan sih biasa aja. saya ga menemukan yg spesial, rasanya ya biasa saja. kata pelayannya yg best seller mangut lele nya, berhubung saya gasuka lele jdi ga pesan.
variasi menunya terbilang cukup banyak, cuma sayang nih, harusnya bisa menyediakan beberapa pilihan sambal. karna kalau menurut observasi saya, kebanyakan visitor itu dari luar kota. krn pilihan sambal hanya 1 yaitu hanya sambal ijo.

dari ambience/vibes uda oke banget, adem, bersih, tenang, sejuk. apalagi lokasi pawon ini berada di tengah2 perumahan yg akses menuju ke pawon terbilang cukup panas sekali jika ditempuh disiang hari.

harga menu juga biasa saja, tdk murah dan tidak mahal. krn tipenya ala carte. ya, oke lah utk makan keluarga."
4,2023-12-26T14:20:29.651Z,Kang Raden,"Tempat nya asyikk banget, suasananya santai sambil liat persawahan yg menghijau, makanannya komplit, parkir agak terbatas..."
5,2023-12-26T05:08:28.090Z,Istiqomah Nugroho,"Menyatukan waktu adalah hal yg paling menjadi kendala utk ketemuan. Alhamdulillah bisa ketemu di momen akhir tahun ini di Pawon Mbah Gito, makanan enak, suasana nyaman dan hijau, serta pelayanannya juga ramah."
5,2023-12-26T01:42:51.084Z,Sen tot,Penyediaan makanan waktu perlu dipersingkat
5,2023-12-25T23:47:07.536Z,Puryanti Agustina,"Tersedia berbagai macam menu makanan rumahan dalam bentuk prasmanan.
Pelayananannya ramah.
Suasananya nyaman.
Saat liburan antriannya sangat panjang, harap sabar ya...
Harga sesuai dengan rasanya.
Selamat mencoba."
4,2023-12-25T16:13:16.195Z,Radit M,"Jika Anda mencari pengalaman bersantap Indonesia autentik, terjangkau, dan Instagramable, Anda bisa mengunjungi Pawon Mbah Gito. Meskipun mungkin memerlukan sedikit perjalanan dari pusat kota, perjalanan ini sepadan dengan makanan lezat dan pemandangan sawah yang menakjubkan. Dan bagi wisatawan Muslim, musala adalah sentuhan yang penuh perhatian. Restoran ini wajib dikunjungi bagi siapa pun yang mencari pengalaman kuliner tak terlupakan dan tidak menguras kantong. Percayalah, selera dan feed Instagram Anda akan berterima kasih!"
5,2023-12-25T14:07:16.035Z,Titik Suharti,"Menu nusantara yg komplit, hrga terjangkau, pelayanan cpt."
5,2023-12-25T12:11:03.464Z,Amalia Solicha,"Lupa foto karena saking hecticnya, rame bener, disarankan melakukan reservasi kalo mw kesini rame-rame bareng keluarga"
2,2023-12-25T11:05:48.939Z,Mus Tofa,"Tempat strategies, adem, bebas polusi"
5,2023-12-25T09:12:48.456Z,prasth djogja,"Menu rusticnya sayur dan lauknya beragam, enak banget, harga cukup bersahabat, tempatnya luas dan cukup nyaman"
1,2023-12-25T07:16:04.988Z,bima arya Pamungkas,"Pak/bu, kalau besok mau ambil barangnya harap bersabar, disini kami sudah menunggu barang anda lebih dari 15 menit, malah anda putuskan untuk membatalkan, barang anda besar. Sudah lama sejak saya meninggalkan toko. Jika Anda sedang terburu-buru, saya ingin Anda melakukannya dengan cepat."
1,2023-12-25T04:43:17.668Z,Memory Photo,Minumannya datengnya lama bangeettttttttt. Makanan sampe udah habis bisaa belum dateng jugaaaaa padahal cuma pesen teehhhh
5,2023-12-25T04:26:08.906Z,zaldin maulana,Terbaik.
5,2023-12-24T09:10:41.538Z,nova dede,Makan kenyang. harga relatif. Tempat oke. Servis lumayan. Bisa buat kumpul keluarga besar.
5,2023-12-24T08:45:26.544Z,Budi Sulistyo,Ini baru mantab...
5,2023-12-23T11:41:15.062Z,SRJeei,"Ngga ada komplen buat semua.
Dari Rasa, pelayanan, tempat, OKAY BANGGET..
Yg paling penting harganya, aman dikantong
????????"
5,2023-12-23T02:38:39.255Z,wawan - yustinus juniawan nugroho,"Alternatif masakan khas jogja yg lumayan lengkap menu nya….
Kalau Kopi Kl***k dirasa terlalalu panjang antriannya, bisa coba ke sini…."
5,2023-12-22T18:56:23.742Z,dr. lukluk,"Saya pertama kali kesini walaupun sudah sering banget saya ke Yogya krn tiap pulang lebaran,saya selalu mampir ke Yogya. Harganya standar menurut saya,murah nggak juga,mahal juga nggak. Saya sama keluarga yg makan 2 org krn anak2 udah pada kenyang,jd mereka hanya pesan minum dan makanan ringan. Total kmaren saya habis 252 rb (2 nasi,3 sayur,3 tempe,1 telur gulung,3 tusuk sate ayam,1 ayam paha,1 telur bulet,2 juice mangga,es teh manis,es jeruk,wedang jahe,roti bakar nutella,pisang goreng,2 bubur sumsum biji salak). Suasana ok,pemandangan sawah sekitarnya,tempatnya juga luas banget. Toilet agak kurang byk,tempat wudhu wanita kurang tertutup,musholla oke dan sejuk. Disini gak boleh take away ya kecuali yg kita makan gak habis,bisa dibungkus. Kebetulan kita gak ada foto2 disana,soalnya fokus ama makanan"
5,2023-12-22T14:46:07.939Z,Kenneth .E. Gunawan,"Konsepnya prasmanan, bisa ambil sendiri. Tempatnya cukup luas, ada kolam ikan juga. Rasa makanannya enak."
5,2023-12-22T07:02:25.289Z,Yosafat Yudhi,Enak bersih
2,2023-12-22T05:16:57.333Z,Sari Pambayun,"10 bulan lalu tmpt ini msh nyaman untuk dikunjungi.  Sejak July, menurut saya sebagai warga lokal, sudah banyak penurunan dalam hal service, harga dan taste makanan.  Memang infrastruktur untuk parkir dan bangunan tmpt makan banyak di perbaharui, tetapi fasilitas fisik tidaklah cukup untuk warga lokal untuk setia datang.  Saya pernah datang jam 7.10 pagi, karena ada tamu keluarga dari luar kota, tapi makanan dan tempat sama sekali belum ready.  Mau order snack belum bisa.  Makanan di buffet juga baru ada separo.  Tempat masih sangat kotor.  Mas yng di kasir juga acuh tak acuh.  Mengapa kalau memang tidak ready di paksakan untuk buka di pukul 7 pagi.  Lebih baik jam buka nya di rubah.  Tetapi mungkin spt resto lain.  Jika sudah ada NAMA dan TERKENAL, kemudian kepuasan customer rakyat kecil spt saya diabaikan.  Lain hal jika mungkin saya seorang artis, public figure ataupun pejabat.  Please deh.  Ngono yo ngono ning ojo ngono.  Lagipula FAME tidak abadi.  Btw, sy juga sudah DM di IG Pawon Mbah Gito sebelum saya menulis disini (perihal yng sama), tetapi jawabannya hanya terima kasih semoga berkah selalu.  Jawaban ne AMBYAR menurutku."
5,2023-12-21T15:17:44.685Z,Hana Adikti,"telur kurang crispy, lebih banyak minyaknya. overall makanan 8/10. harus bayar dulu jadi harus cari tempat dulu. minumannya dianter lumayan lama, rame"
4,2023-12-21T13:42:01.357Z,Yudi Sukendro,"Kami datang saat makan siang, dan tempat itu penuh sesak. Rasanya seperti mengunjungi warteg.
Tapi makanannya enak, tapi menurut saya layanan dan suasananya bisa lebih baik. Meja dan kursinya kotor. Parkirannya hanya tanah, belum beraspal, jadi berdebu. Ini seperti pergi ke kopi klotok."
5,2023-12-21T08:55:17.135Z,Modiste derra'J,"Tempatnya suasana ndeso,nyaman, bagus viewnya,masakannya enak."
5,2023-12-20T22:20:54.857Z,edo iskandar,Bagus sekali
4,2023-12-17T01:08:06.095Z,Ilham Cr,"Nganter minum nya terlalu lama, makan udah habis, minum baru datang"
1,2023-12-16T00:12:20.490Z,Zulkifli Majid,Harga makanannya sih agak mahal yah. Teh aja 11rb. Saran saya sebaiknya minuman teh atau jeruk kisaran 5rb 7rb lah. Kecuali anda buatnya special ya silakan. Tapi rasanya jg biasa2 aja gak ada yg special.
5,2023-12-12T21:27:27.629Z,Bin Wirawan,Masakan tradisional Jawa
4,2023-12-12T05:50:55.627Z,erchie 19,"Rasa masakan enak... untuk harga termasuk mahal menurut... tempat dan view oke, kalo weekend penuh jadi parkir untuk mobil agak susah..."
5,2023-12-12T03:33:06.486Z,Fiko Rahardito Baskoro,"Enak, gorengannya recommended"
5,2023-12-11T06:10:57.729Z,Burhan Athoillah,"makanan enak, dengan suasana khas jawa"
4,2023-12-11T05:55:27.616Z,Denna Leksanti,"Pesanlah mie lethek yang dilengkapi dengan bihun.
Mungkin mie lethek kali ini persepsinya berbeda??"
5,2023-12-10T11:38:07.804Z,Ayu Zovira,"suka dengan suasananya, waktu saya ke sini tidak terlalu ramai, jadi tidak terlalu ramai. musiknya juga hanya instrumental yang lambat. makanannya juga enak pisang gorengnya???? musholla yang layak sangat bagus untuk dipersiapkan mukenahnya juga."
5,2023-12-09T11:36:32.117Z,Oktaria Dyah Puspaningrum,"Enak makanannya, nyaman tempatnya, ramah pelayanannya????"
5,2023-12-09T10:35:27.133Z,Sigit Lepo,"Menu masakan jawa, lengkap ada sayur rumahan, aneka lauk, minuman tradisional smp kopi2an ala cafe rasa enak.. rumah makan di tengah sawah  bertemakan rumah tradisional jawa (rumah joglo). Kalo pas maksi rame"
5,2023-12-07T23:18:41.178Z,Hernandika Prayuda,"Rasa lumayan, porsi cukupan, pelayanan bagus & ramah, tempat menyenangkan, sayang datang pas banyak laron jadi gelap²an deh sama ujan juga"
5,2023-12-06T22:50:39.870Z,Sulis Sudarsono,"Alhamdulillahirrobbil'alamiin 3 X ??
Dengan Pertolongan ALLAH
Menurut Aku, Masakan manis, Gurih, MANTAP, Seperti Masakan Rumahan...
Semoga Kebersihan, dan Keamanan RM Pawon Mbah Gito dan Team Work Kitchen View Sawah dan KeamananNya Selalu Baik - baik dan Bermanfaat Untuk AGAMA ISLAM dan Teman - teman Sekalian.
Aamiin Ya Robbal'alamiin 3 X ??"
5,2023-12-04T05:14:42.100Z,Abdul Hakim08,Suasannya adem nyaman lokasi dipedesaan. Gudegnya enak.and paling mantap goreng pisangnya.
5,2023-12-03T14:03:44.060Z,agus perwiro,"Tempat enak,mskanan enak...recomended."
5,2023-12-03T09:29:28.176Z,Dewi Irawati,"Tempat yang cukup nyaman, makanannya enak."
1,2023-12-02T13:55:52.532Z,Andhika Hewwit,"menu malem gajelas bgt
dikasih krupul mlempem
pesen tahu walik dikasih kecap dikit bgt
tisu abis dimeja sebelah juga abis
sakitttt"
1,2023-12-02T13:54:55.570Z,afra fatimah,"Dateng agak malem prasmanan sudah gaada makanan ala carte sedikit, terlalu asin dan datangnya sangat lama, pesan sop iga dagingnya keras gabisa digigit, satu2nya yg enak cuma tempe mendoan, not recommended, jangan tertipu tiktok!"
5,2023-12-02T03:36:17.174Z,Vequentina Puspa,"Suasana nyaman, musola baguuus, pelayanan ramah dan cekatan, makanan enak. Smg kelak selain nasi putih dan nasi merah, diadakan menu bubur sayur juga."
5,2023-12-02T03:07:59.524Z,Sri Wachter,"Tempatnya enak, parkir gampang. Makanan rasa kurang mantap, bubur manis enak...bakwan jagung keras. Makanan utk rasa sebaiknya dibenahi karena tempatnya cozy banget"
5,2023-12-01T23:18:45.728Z,Retno Dewi Kurniati,"Temat healing bagi masyarakat kota yg biasanya liat gedung, disini disuguhkan pemandangan yg segar....sawah dan pohon jagung.....utk minuman perpaduan antara modern dan tradisional (kopi dan wedangan). Cuma sayang tempat parkirnya masih tanah lempung."
4,2023-12-01T10:08:50.320Z,Luke Man,"lengkap menunya..... gaya pedesaan,..ada spot Poto whmm...banyak plusnya,...yg min cuman tempat parkir mobil belum di semen,kalo hujan becek"
5,2023-11-29T23:22:00.697Z,Dhany maff,"Rasa nya juara....
Sebenarnya suasana sangat mendukung andai saat Weekend...
Layanan ramah dan menyenangkan..."
4,2023-11-29T06:40:47.161Z,Jhasan,"Selera masing2...... Kuliner Jogja semakin byk yg menyasar ke area luar kota dgn pemandangan pedesaan, ini salah satunya. Tempatnya estetik bangett...cm mmg gerah pas kemarau bgini. Makanannya khas Jateng, cenderung manis,jd mmg ludah menyesuaikan,tp sajianya dimasak dgn bagus,Krn rasanya tidak nanggung/hambar & cukup medok bumbunya. Pilihan menunya beragam, ada juga coffee bar khusus, dessert dll. Restonya ala joglo, dikelilingi kebun jagung, ada indoor & outdoor. Hidangan khas rumahan Jawa tengahan. Cocok u/ yg mau santai dgn suasana desa. Tentunya dgn spot foto u/ dipajang di sosmed"
5,2023-11-28T14:05:19.151Z,Sadu Budi,Sangat keren
4,2023-11-28T13:10:24.559Z,Tika Yulianidar,"Makanan enak, suasana nya asri, skrg tempat duduk dan mejanya makin banyakkkk..makanan dan minumannya lengkap dr makanan berat sampe ringan..dr menu tradisional smp western..cm kalau mau makan mie jawa, kesininya harus diatas jam 3 yaa.. Krna br ada jam segitu.."
5,2023-11-28T09:17:29.084Z,Mukhlas Afal,Nasi Goreng Iga Cabe Ijo nya wenakk
5,2023-11-26T07:42:07.246Z,Setyo Adi Purwanto,"Tempat makan yang lokasinya dikelilingan sawah dan kebun, suasana pedesaan yang membuat rasa makan tenang
Pilihan menu makanan juga bermacam macam masakan khas indonesia dan makan prasmanan jadi bebas memilih makanan"
5,2023-11-26T05:55:09.026Z,Ikhwan Fadlirahman,"rasanya enak, suasananya menyenangkan"
5,2023-11-26T05:30:34.719Z,Amir Husaini,"Family resto dengan konsep pemandangan persawahan. Tempatnya nyaman untuk membawa keluarga, teman dan rekan."
4,2023-11-26T04:41:25.675Z,Mukti Zazimah,"Lumayan aja sih , biar tau yg viral aja"
5,2023-11-25T09:22:14.481Z,Abinubli Tariswafi Mawarid,"Makanannya enak, suasananya enak khas pedesaan dan pertanian yang asri, minumannya enak, pelayanannya prima, mantap banget pokoknya. Saingan terbesarnya Kopi Klothok sih ini menurut saya dengan manajemen yang lebih rapi. Oh Iya, pembela Palestina juga Palestine???? mantap banget."
5,2023-11-25T01:07:13.382Z,Frissie Dhitta,"Restoran dengan konsep alam hijau dan ornamen jadul seperti rumah pada zaman dulu.

Ini sudah buka dari jam 7 pagi. Jadi banyak orang datang untuk sarapan.

Makan disini kita disuguhkan pemandangan sawah, kebun jagung, kolam angsa, yang bikin betah menghabiskan waktu sambil makan bersama keluarga.

Makanannya enak, teh nya juga enak banget. Recommended place to visit with family or friends."
5,2023-11-22T12:35:01.988Z,Yutty 'oetiek' (Oetiek),"Sllu jadi tujuan utama klo kumpul kelg. Tmptnya nyaman, makanannya enak, hrga terjangkau"
5,2023-11-21T08:40:19.318Z,Tagor Dalimunthe,"Asyik, menunya enak dan banyak"
4,2023-11-19T13:43:43.733Z,Adelista official chanel,"keren, menu makanannya jowo dan kekinian juga"
5,2023-11-19T13:25:07.680Z,citra akbarifutra,Tempatnya cukup luas dan nyaman. Makanannya juga enak. Kapasitas lahan parkirnya juga cukup besar.
5,2023-11-18T16:21:04.463Z,Ratna Sari,"Untuk makanan enak-enak, begitupun es dawetnya.
saran untuk prasmanan di beri tutup, karena lalatnya banyak dan hinggap-hinggap dimakanan, Jangan sampai nanti ada yang komplen menemukan telur lalat dimakanan. Karena saya pribadi waktu mau ambil sate tidak jadi. Karena lalatnya besar-besar hinggap disitu.
Untuk ayam hiasnya yang dekat kolam ikan, lebih diperhatikan lagi. Karena kotorannya di bawah kandang bikin kurang enak di pandang."
5,2023-11-18T13:51:21.909Z,Xavier Gaubert-Amy,"Sejujurnya saya akan menilai tempat ini 3 bintang karena kesalahpahaman tentang harga. Saya pikir saya membayar 792k, yang jelas merupakan penipuan. Sayang sekali, hanya 192k
.Saya menyadarinya ketika menaikkan tagihan saya setelah saya tiba di rumah. Itu tempat yang tepat untuk makan bersama 3 orang. Konsepnya sederhana: prasmanan dengan makanan tradisional Jawa yang selalu segar sepanjang hari. Misalnya saja mereka menawarkan 2 jenis beras, coklat dan putih yang sangat langka di Indonesia. Jadi, Anda mengambil piring dan peralatan makan, dan memilih makanan Anda. Konsep sederhana, dengan jumlah pilihan terbatas (20 atau 25 pilihan) tetapi cukup banyak. Ada konter tambahan untuk minuman kopi dan makanan penutup.
Restoran yang terbuat dari beberapa bangunan tradisional tipe joglo dengan furnitur vintage, sederhana seperti makanannya, namun semuanya serasi.
Tempat yang bagus untuk dikunjungi, makanan yang menyenangkan, harga wajar."
5,2023-11-18T11:02:23.945Z,Arimbi Nidaa,Menu makan prasmanan sangat banyak sampai bingung milihnya...tempatnya juga cukup bagus...
5,2023-11-18T08:41:30.188Z,cutest hamz,Makanan enak". Mangut lele enak. Tempat makan lebih nyaman & bersih. Toilet bersih. Karyawan nya ramah” meskipun ramai tp gak ada yg jutek. Alway smile. ??
5,2023-11-18T08:35:39.205Z,Bakso Wahyu123,Tempatnya nyaman
5,2023-11-17T09:51:43.147Z,Era Resianti,Suka banget sama buburnya .... bubur sumsumnya lembut .... bubur candilnya juga legit .... manisnya pas banget .... gak kemanisan
5,2023-11-15T16:50:05.258Z,aissya citra,enak bgtt buat sarapan karena masakan rumahann??
5,2023-11-15T05:25:58.660Z,Febri Aulia Nugroho,"Alhamdulillaah, cocok dengan rasa dan harga nya.."
4,2023-11-15T03:05:25.340Z,Fitri Amalia R,Tempatnya rapi dan nyaman. Ada mushola toilet dan kolam ikan. Rasa masakan standar cenderung manis. Menu makanannya banyak sampai bingung milih. Masukan saja : nambah varian sambal yg pedes.
5,2023-11-12T15:33:23.564Z,martha elisabet tarigan,"makanannya enak. Kalau aku kesini harus buru-buru sebelum ramai, apa nanti bisa cari tempat duduk?"
5,2023-11-12T11:44:47.091Z,Herry Tjahjono,"Mantap ini, makanan enak, pelayanan oke dan sopan, harga merakyat, lokasi deket jakal jogja"
5,2023-11-12T10:39:01.104Z,Kh. S,suasana rumahan.. sayang klo sudah sore sambelnya udah ga ada... harap bersabar klo pecinta pedes ya... oya... semoga kebersihan toiletnya diperbaiki lagi dan dikasih pengharum
5,2023-11-12T05:27:42.768Z,Rina Hapsari,"Tempat makan favorit,nggak cuma menu tradisionalnya yang enak,kopinya juga lengkap. Suasanyanya juga adem dan nyaman. Pelayanan juga cepat."
5,2023-11-11T11:00:51.255Z,Alrasyid Trio,Cocok buat makan bersama keluarga atau kolega..
5,2023-11-10T08:55:31.624Z,Winasista Salarina,Sukaaa sekali makan disini. Pas dapet menu yg jam sore. Kali ini pesan mie lethek godog dan nasi goreng. Rasanya pas dan enak. Best ????
5,2023-11-09T11:34:47.444Z,Arif Yuniar,"Suasananya syahdu..
Asyik untuk ngobrol keluarga... atau rekan kerja..."
5,2023-11-07T09:15:43.076Z,Farah Atikah,"Dalam sehari aku bisa mondar-mandir kesini untuk sarapan sampai makan malam. Makanannya gak perlu diraguin lagi, tipe prasmanan yang menurutku semuanya gak ada yg gagal. Masakan rumahan yang nagih banget. Harus coba es cendolnya yg menurut suamiku creamy. Wajib kalo ke jogja mampir kesini."
5,2023-11-07T03:33:26.961Z,Dicky,Sepadan
4,2023-11-06T11:52:39.145Z,Muftia Chairunisa,"Suasana enak, makanan enak semua...
Satu hal yg disayangkan... ada tikus meneror... gentayangan diatas sy pas lg makan... semoga bs mjd perhatian"
5,2023-11-04T08:26:51.093Z,Arief W,Menyesap
5,2023-11-04T07:19:11.441Z,Hana Maria,"Variasi menu prasmanan sangat banyak dan lengkap, rasa mantap, pelayanan ok, tempat parkir sudah ditambah di area samping, area makan juga sudah diperluas sampai bagian belakang"
5,2023-11-03T02:10:50.007Z,Taufik Wardana,"Suasana sangat hommie, waktu itu pas jogja sedang panas2nya dan kesana kerasa adem. Makanan enak, harga bersahabat dan seasoningnya pas. Besok kl ke jogja lagi mau ksana deh. Pelayanan oke banget dan puas."
5,2023-11-01T13:06:31.977Z,Mobizen craft,"Menu wedangan,makanan..legend"
5,2023-10-31T09:30:11.003Z,Haris Hermawan,"Enak masakannya, tempatnya nyaman buat kumpul keluarga,, parkir juga luas banget"
5,2023-10-30T09:37:40.387Z,Ahmad Jaelani,Makanan nya lumayan
5,2023-10-30T09:34:03.050Z,Estu G,"Makanannya enak walaupun tidak istimewa, porsinya besar untuk cewek dan katanya enak untuk cowok, enaknya makan es krim jeruk di sore hari hahaha"
5,2023-10-30T08:20:42.582Z,Eva D.L.,"Aku suka banget makan di sini. Pelayannya ramah dan komunikatif. Pilihan makanannya banyak. Lauk yang kupilih enak semua pula. Sarapan di sini rasanya syahdu banget. View-nya persawahan.

Minusnya cuma 1 sih, jarak antar meja terlalu dekat, jadi agak susah buat jalan, takut nyenggol orang lain. Suara orang-orang yang lagi ngobrol kedengeran banget juga."
5,2023-10-29T09:07:00.571Z,Dwi Sugeng P,"Makanan standart namaun tetap enak dilidah, pelayan baik dan ceoat, lokasi syahdu pinggir sawah dan benyuk bangunan tradiaional, musholla adem"
5,2023-10-29T04:57:37.375Z,Dhimas Bagas,Overall enak. Harganya lumayan lah buat resto. Suasannya banyak berbagai spot buat makan.
5,2023-10-29T03:14:19.087Z,Om Irsyad,"Suasananya bagus, angin sepoi-sepoi akan sering bertiup sambil menikmati makanan dan pemandangan,- Waktu berlangsung sekitar jam 9 pagi."
5,2023-10-29T01:56:07.101Z,permadi widhiyatno,"Rekomended buat sarapan atau bagi yang pengin nostalgia masakan ndeso tapi sedep spt lodeh, mangut, bobor, sayur asem, mendoan, bakean jagung, pisgor dll, dengan minuman tradisional khas mbah Gito, jahe , sere, kopin tubruk, tempat nongkrong enak dg kawan."
5,2023-10-28T13:59:00.670Z,Raffi Akmal Gustomo,Enak dah pokonya
5,2023-10-28T02:19:51.138Z,Teguh Raharjo,"Banyak sekali pilihan makanan dan minuman, semuanya enak. Suasana desa di tengah kota"
4,2023-10-27T05:36:42.899Z,My Man,"Makanan dan minumnya top, cuma hanya ssja di saung yg dibawa dekat sawah harus dibuatkan westafel"
4,2023-10-26T15:54:29.335Z,a. relliantoko,"Suasana oke, pelayanan ramah dan masakan tradisional Jawa enak dan murah"
5,2023-10-24T14:24:50.340Z,fajar,"Mau ke kopi klotok tapi ternyata antriannya panjang?

Pawon Mbah Gito bisa jadi pilihan, menu makanannya tidak jauh berbeda, parkir luas, dan tempatnya nyaman. Tapi kalau kesini lebih baik hindari waktu makan siang, nunggunya lama.
Ada ruangan yang lebih privat di belakang, jadi kalau mau ada rapat di sini bisa. Masjidnya cukup bagus, tidak terlalu kecil. Sekadar saran untuk kamar mandi yang ada tulisan alas kakinya, harap dilepas dan dibuat besar dan jelas. Setelah beberapa kali duduk di samping masjid, saya melihat para pengunjung bermain slonong menuju kamar mandi tanpa melepas sepatu. Ya ampun pas kesini mau coba duduk di kursi yang menghadap ke sawah, ternyata sawahnya masih kosong, di IG kulihat nasinya tinggi dan hijau, enak banget."
5,2023-10-24T12:26:49.469Z,Ayu,"Es kelapa. Sederhana, utuh, murah dan bagus
Nasi merahnya enak
Lauk pauk dan sayurnya enak
Tempatnya bersih dan luas"
5,2023-10-23T02:13:08.003Z,Musbani Bani,Besar
5,2023-10-21T15:39:12.870Z,Mohammad Irwan Trimulyono,"*Berlokasi di pedesaan arah Kaliurang maka resto ini tidak strategis (2/5)
*Kualitas makanan enak pakai banget (5/5)
*Porsi penyajian, menurut saya pas (5/5)
*Kebersihan sangat baik (5/5)
*Kecepatan pelayanan baik makanan maupun minuman cepat bagai pesawat (5/5)
*Friendly staff (5/5)
*Harga compare dengan porsi, kualitas, dan penyajian menurut saya worth it (5/5)
*Parking area besar, namun bila peak time akan sudah juga karena sangking ramenya resto ini (5/5)
*Toilet sangat baik (5/5)
*Tersedia outdoor yang astetik serta adem (5/5)

Walau jauh, saya tetap rela kemari, sajian prasmanan makanan rumahan ala Jawa, ohhhh sungguh nikmat
Nasi gorengnya juara, ikan pe juara, semuanya juara, lahap saya makan disini
Selanjutnya tempatnya pinggir sawah, sungguh nikmat, ngangenin, tentram di hati"
5,2023-10-21T12:34:51.161Z,Andyan Anindito,"Nasi sayur dan ayamnya enak, bumbunya juga berasa. Mie letheknya juga enak, pakai telur bebek. Apalagi kalau ke sini malam hari, suasananya syahdu, pinggir sawah sambil dengerin suara jangkrik."
5,2023-10-20T02:18:24.038Z,Jesse Jkt,Rasa n atmosfir makanan jadul. Rekomended! Harga terjangkau. Pelayanan ramah.
4,2023-10-19T22:55:14.370Z,Aditya Samawi,"Sangat nyaman, relatif murah, sehingga ramai sekali"
3,2023-10-16T22:54:47.945Z,bambang wartoyo,"Konsep tata ruang, tolet, mushola cukup memadai.Demikian dengan makanan enak dan terjangkau. Hanya saja parkiran mobil terasa gersang, tidak ada peneduh. Oada saat kemarau terasa gersang dan berdebu. Saran: Untuk pelayanan tempat makan sebaiknya diberikan tulisan yang memadai, dari kayu, permanen.Bukan ditulis dari tissue."
2,2023-10-16T06:18:30.920Z,Ifan Nuari,"Saya cukup sering makan disini ketika bertolak ke Jogja, ini merupakan lokasi pilihan pertama saya ketika saya sampai di jogja. Hari ini saya cukup kecewa dengan pelayanan dari salah satu waiters yang menyambut kami. Kami datang 4 orang dan Kami diminta untuk memilih kursi, kami pilih meja kursi yang cukup besar untuk 6 orang yang masih tersisa 2 dan belum di reservasi, akan tetapi tidak di berikan dengan alasan kami hanya 4 orang, sedangkan saya tahu bahwa meja untuk 4 orang ini cukup kecil dengan rencana pesanan kami yg cukup banyak. Mau tidak mau kami tetap mengambil meja tersebut dan mengurangi jumlah pesanan agar tidak terlalu penuh, di selang itu waiters lain memberikan meja tersebut kepada pelanggan lain dengan jumlah pengunjung 4 orang dan 1 meja lagi hanya 2 orang dengan kondisi masih ada meja untuk 4 orang lainnya yg masih available. Bagaimana bisa SOPnya seperti itu? Mohon untuk tidak pilah pilih dalam pemilihan/pemberian meja tamu, apabila memang ada SOP harap bisa diseragamkan untuk semua waiters. Semoga bisa lebih baik dalam memberikan pelayanan ke tamu-tamu lainnya."
1,2023-10-16T05:59:35.927Z,octavia eka putri,Salah satu pelayan kurang profesional
5,2023-10-15T01:51:52.252Z,Sur Hidayat,Makan pagi sampe malam dengan menu jawa dan dipinggir sawah
5,2023-10-13T09:58:30.945Z,Bagus Santoso,"Next visit, cari meja dan kursi yang lempeng, hahahaha, buat ane susah kalau dikursi tamu,"
5,2023-10-13T03:51:19.920Z,Ayu,"Minggu ini saya berkesempatan makan siang bersama keluarga untuk merayakan ulang tahun ibu saya di Pawon Mbah Gito. Ini adalah kunjungan kedua kami; kami pernah ke sini sekali sebelumnya, pada malam hari. Pada siang hari, tempat ini ramai pengunjung, dan makanan masih panas dari dapur. Tempatnya unik, cocok untuk kumpul keluarga dan teman serta rekan kantor. Salah satu menu buffet yang sangat saya nikmati adalah ayam suwir yang pedas dan gurih, dengan rasa yang seimbang. Sup sayurannya juga enak, dan beras kencurnya (minuman tradisional Indonesia) sangat nikmat. Untuk hidangan penutup, kue mokanya ternyata cukup enak dan pasti layak dipesan lagi. Secara keseluruhan, saya menghargai sistem pemesanan makanan dan layanan penuh perhatian. Tempat ini layak untuk dikunjungi kembali!"
5,2023-10-12T02:43:24.154Z,Muhammad Jalaluddin,Nyaman dan homy
5,2023-10-10T11:19:23.591Z,Hamdani doni Alfian,"Lama gak kesini, sekarang makanan nya jauh lebih enak????"
5,2023-10-10T08:01:56.561Z,sri harmini (mini),"Menikmati masakan tradisional di pinggir sawah. Bisa mengajak anak-anak juga nih. Parkirannya sudah diperluas, jd tidak khawatir kehabisan tempat parkir"
3,2023-10-09T03:59:24.027Z,Nora Tri,"Menunya lengkap masakan ala rumahan jawa rasa jg enak view dan tempat nya nyaman parkiran memadahi,  oke lah pokokya cuma harga kurang sesuai unt mahasiswa"
5,2023-10-07T05:38:28.981Z,Carl Andrian,"Tempat ini semacam tempat prasmanan, di mana Anda memasuki prasmanan, memilih makanan yang Anda inginkan, mendaftarkannya ke kasir, dan membayarnya nanti setelah Anda selesai.
Makanannya sendiri rasanya enak, cukup mahal untuk penduduk lokal, dan Anda bisa makan dengan pemandangan sawah, saya akan merekomendasikan untuk pergi ke sini untuk makan siang
Pacar saya entah bagaimana menyukai hidangan ikan lele dan kopinya, meskipun sebagian besar orang tua yang saya lihat memesan wedangnya uwuh"
5,2023-10-06T20:32:09.856Z,Iwan Abo Tauhid,"Suasananya ah...ingat jaman kecil doeloe...
Lampu²nya indah di malam hari
Masakannya....uenake poll"
5,2023-10-06T06:46:39.488Z,berbagifun,"rekomendasi tempat makan prasmanan di jogja
pilihan menu nya banyak
sering penuh tempatnya
mantap"
5,2023-10-06T00:56:10.163Z,tactical adventure,"Tempat enak,  nyaman,  pelayanan oke.."
5,2023-10-05T04:21:04.446Z,Dwi Waluyo,Terima kasih banyak Pawon Mbah Gito X MoonShine (PT. Ramu Padu Nusantara) X JogjaKita!????
5,2023-10-04T01:46:09.876Z,Edi purwanto,"ini tempat makan pagi saya paling paporit.... hehehe.... semua masakan cocok. kalo ke sini sebaiknya jangan hari mendekati akhir pekan atau libur, senin selasa dan rabu paling enak."
5,2023-10-03T03:50:28.793Z,Ho Suwandy,Permata tersembunyi ????? suka sekali
5,2023-10-02T23:05:03.586Z,Atang Trisnanto,"Suasananya oke, menunya cukup beragam
Dapat mengobati rasa kangen masakan Jawa dan suasana rumah kampung yang asri... Tambah lengkap dg varian kopinya yg oke"
4,2023-10-02T20:28:54.085Z,Rindayana Sitinjak,"Sawah nya kering , jadi ga terlalu hijau. Makanan nya enak dan banyak pilihan. Main course nya murah, ala carte nya standard 30rbuan. Pelayanan lumayan cepet."
5,2023-10-02T10:11:15.148Z,Rina Agtiana,"INDONESIA BANGETTTT,,, makanan jempolan, uenakkk , aneka masakan Jawa yg rasanya ga Jawa tengah banget ( manis),, pas banget deh, trus harganya juga termasuk murah utk kategori resto dgn design estetik.. ,, sukses Pawon mba Gito !!"
5,2023-10-02T09:34:42.834Z,airin anita,Wow!
5,2023-10-01T11:19:41.016Z,Risky Budiman,"Makanannya semuanya luar biasa. Kopinya joss gandhos. Pemandangannya sangat keren. Yang bikin saya senang, masjidnya KEREN"
3,2023-10-01T01:04:39.682Z,Indana Iftitania Salsabila,Overrated!! Makanan rasanya standar. Beberapa pelayan gak ramah. Ketus. Padahal masih pagi harusnya semangat masih on fire. Pesanan datang lamaa bgt. Rate harga juga mahal. Gak worth it sama rasa dan pelayanannya
5,2023-09-30T21:04:40.007Z,Sylvi Andari,"Suasananya asyik, bikin betah nongkrong sambil ngemil pisang goreng. Tempatnya luas dan menyenangkan... tempat parkir luas, fasum komplit juga bersih. Makanan dan minumannya enak-enak. Pramusajinya ramah dan cekatan."
5,2023-09-30T16:18:53.695Z,gemma purbaya,"Sebenarnya biasa saja, tidak ada yg istimewa. Letaknya cukup jauh dari pusat kota Jogja, mungkin supaya mendapatkan nuansa ala perkampungan yg sejuk. Rasa makanannya biasa saja, hanya harganya yang lumayan murah meskipun pada beberapa menu ada yg sedikit mahal (contoh, 1 tusuk sate ayam 10rb). Tetapi pelayanannya cukup baik karena informatif dan sigap.
Entah saya terlewat atau gimana, tetapi tidak ada sambal ya? Padahal sepertinya lebih sedap kalau ada sambal.
Untuk fasilitas cukup lengkap, ada parkiran mobil meskipun jalanan ke sana tidak terlalu luas dan ada musholla."
5,2023-09-30T13:27:21.545Z,besitua fendi,"Masyaallah, ramah banget karyawannya. Menu aneka masakan tradisional, parkir sepeda ada.

9/10

Sept 2023, jika anda memikirkan Kopi Susu Gula Aren, maka yg ada disini Kopi Susu Nira. secangkir kopis susu dengan 3 potong gula Nira.
Setelah nira saya masukan semua, dan dinikmati setengah cangkir, maka saat itulah waktu yg tepat memasukkan es batu.

masuuukk srupuut"
5,2023-09-30T12:29:45.520Z,Ardi07,"Makanannya enak, harganya terjangkau"
5,2023-09-30T11:38:16.386Z,Faradila Elifin,Suka banget dengan konsep dan berbagai menu makanan yang tersedia. Apalagi kita bisa memilih jenis tempat duduk yang disediakan
4,2023-09-30T08:11:12.843Z,Kuliner Riau,Makanan enak dan sesuai selera
5,2023-09-30T07:04:11.176Z,N Muzaqi,"Pilihan makanannya banyak dan enak, suasananya juga asyik.."
4,2023-09-28T08:01:39.638Z,Iin Mulyani,"Alhamdulillah .....singgah sarapan di pawon mbah gito ...duluuuu .
Pas masuk  kita  di carikan tempat duduk dulu sama mas nya  jadi pas order tinggal sebut no meja.....
Sayangnya minumannya agak lamaaaa..."
4,2023-09-26T17:06:09.107Z,Tio Iding,Di bagian belakang ada tempat yang lebih private.
5,2023-09-26T04:15:52.788Z,Bintang Jaya,Tempat makan bareng keluarga suasana nyaman Deket sawah semilir anginnya sejuk. Rekomended
5,2023-09-25T10:20:55.224Z,arief dolants,Oke
5,2023-09-25T01:20:58.335Z,Eko Susanto,"Pawon Mbah Gito

Lokasinya ada di tengah persawahan, sehingga menghadirkan suasana yang nyaman dan tenang

Menyajikan menu makanan tradisional dan rumahan yang enak..."
4,2023-09-24T04:26:11.418Z,enggal villa,Tempat makan dengan menu makanan prasmanan. Suasananya kental yogya banget. Makanannya cukup enak. Ada pilihan nasi merah dan nasi putih. Lauknya banyak pilihan. Ada byk varian minuman juga. Suasana di tengah sawah
5,2023-09-24T02:46:07.733Z,Rudi Purjiyanto,"Tempat nyaman, masakan enak, cuma kadang jam lunch suka ga dapat tempat saat weekend"
5,2023-09-23T02:57:20.840Z,Helinna Erzy,"Akses jalan lewat pedesaan
Untuk papasan mobil sempit tapi masih aman
Kesini pas hari sabtu lumayan rame
Makanan banyak banget pilihannya ambil sendiri
Rasa enak bumbu rempahnya terasa banget
Minum juga beragam
Sangat rekomended"
5,2023-09-21T23:46:12.339Z,Naufal Eka,"Masukan aja sih untuk area parkir yg baru, mungkin perlu di tata ulang, entah di paving atau semacamnya, tujuannya biar nggak berdebu"
5,2023-09-21T10:48:04.682Z,jewe prihatmoko,"tempatnya nyaman..viewnya sawah...antriannya mayan bnyk karna mungkin pas ke sana pas jam makan siang.. kalo mo ke sana prefer reservasi dulu biar lebih nyaman
variasi makanannya banyak dan rasanya khas jogja bngt...manis.."
5,2023-09-19T13:47:38.118Z,Premium 369,Sering menikmati hidangan dan suasana di pawon mbak gito… pengalaman ak manteb semuanya …sekarang ada menu menu kue kuean yaa mantab mantab mantab
3,2023-09-19T11:47:52.080Z,mulyanto mulyanto,"Dominan makanan tradisional jawa, lokasi berada dilingkungan tegalan,  parkir cukuo luas"
4,2023-09-19T08:29:40.008Z,Hariyanto -,masakan tradisional
4,2023-09-18T22:48:41.178Z,rakhmat,"Asli enak2 makanannya, menu tradisional tapi langsung familiar masuk ke mulut"
3,2023-09-18T10:16:25.470Z,casando darian,"makanan rasa nya cukup, cuma note d depan perlu di perhatikan, dan letak makanan untuk ambil cukup susah kalo ada rombongan masuk. pelayanan kemarin kurang memuaskan karena staff ketika pesan respon lama, ada yang kurang2, dan tidak di jelaskan untuk harga pengambilan lauk"
5,2023-09-17T11:35:00.610Z,Endang Purwandari,"Makanannya variatif, tempatnya adem pinggir sawah, area bersih"
5,2023-09-17T00:00:07.800Z,Felice,"Rasa dan suasana okelah, sayang saat datang rombongan bill pesanan tidak bisa dipisah2 per orang."
5,2023-09-15T22:43:53.399Z,Mas boed,Tempat yang menyenangkan
4,2023-09-14T10:58:55.982Z,Agus Fitriyanto,Ok suasananya
5,2023-09-13T14:48:14.534Z,Risya Amelia,"Saya sangat merekomendasikan resto ini jika Anda berada di Jogja. Di tempat ini kamu bisa mendapatkan paket kenikmatan yang lengkap untuk perut, mata dan juga dompetmu :D

Banyak varian makanan dan minuman khas jawa yang enak
Harga rendah
Pemandangan yang indah
Suasana yang bagus

Dan ""jenang"" mereka enak sekali??"
5,2023-09-13T05:18:45.400Z,Yanti Dewi K,Sarapan pagi disini sama masbojo setelah mengantar anak sekolah. Melipir sambil pacaran after married itu seru!
4,2023-09-13T03:23:28.276Z,Harris Wibowo,"* Lokasi mudah dijangkau, dari jalan Kaliurang masuk kampung. Hanya bisa mobil pribadi, bukan u kendaraan besar (bus). Parkir mobil lumayan u 15 mobil
* Menu 9/10. Lebih variatif & rasanya enak
* Suasananya tradisional namun lebih modern. Bersih & nyaman, tidak bising karena jauh dr jalan besar. Kanan kiri hamparan sawah & sungai kecil
* Recommend u/ acara keluarga atau bersama relasi"
5,2023-09-12T09:52:19.616Z,rahmad,makanan lezat.. suasana tidak terlalu rame.. klo langit cerah bisa makan sambil melihat gunung merapi
3,2023-09-11T15:57:29.208Z,Dede Satya,"Dapet info dari tik tok, masih sama seperti tempat sejenis.  Hanya space yang agak terbatas, untuk rasa masakan dan minuman masuk kategori “cukup”, dan cukup pula jadi alternatif makan di pinggir sawah."
5,2023-09-10T12:10:45.159Z,Sugiarto Sugiarto,Bisa dicoba
5,2023-09-09T00:58:16.731Z,Andy Rahwanto Hadisubagijono,Makanannya sangat enak. Suasana sejuk
3,2023-09-08T14:18:57.914Z,Warsono Hadisubroto,"Kalo cari suasana, iseng ngemil, snack pisang goreng, minum Wedang Mbah Uti, lumayan aja sih.

Tapi kalo mau makan, nggak ada yang manteb. Sayur jantung, misalnya, mustinya enak, tapi kemanisan dan terlalu pedas. Nggak ramah anak. Mustinya nggak sepedas itu, biar anak-anak bisa makan. Kalo kurang pedas, buat beberapa orang, sediakanlah sambal.

Brongkosnya, udah betul kental kuahnya, tapi kebanyakan kencur, rasanya malah jadi kayak jamu.

Perlu ditingkatkan lagi kualitas makanannya."
5,2023-09-06T02:33:55.296Z,RB,"Makanan enak, tidak terlalu mahal. Tempat makan juga nyaman."
3,2023-09-05T10:08:27.157Z,Endah Rahayuningsih,"Makanan enak enak
Harga cukupan
Lokasi cukup asri
Cocok untuk makan kumpul keluarga atau berbanyak"
5,2023-09-05T08:58:17.059Z,Bambang Tobing,"Getaran bagus, harga berharga"
5,2023-09-03T13:34:24.571Z,Iwan Priyatno,"Makanan jowonya sangat enak, recommended, tidak kalah dg resto2 yg sdh terkenal"
5,2023-09-03T10:28:14.095Z,Bayu Subeni,"Makanannya enak, view bagus, cuma mekanisme pelayanannya agak membingungkan (mungkin karena pas kondisi crowded) yakni diberikan nomor Meja 2x dan nomornya berbeda. Udah bayar dikira belum bayar sampai dikejar ke depan parkiran, setelah ditunjukin nota baru mbak kasir nya ngeh. Dan ternyata kesalahan memberikan nomor bekas kami ke orang baru (atas nama orang lain)."
2,2023-09-02T23:32:24.157Z,CINEMA 7,"Saya edit ulasan dg menambahkan beberapa poin sy suka jalan jalan dan makan review sy sdh banyak ay menilai sesuai realita untuk, staf karyawan sangat ramah dan memuaskan murah senyum kami suka,tempat view sangat nyaman dan bikin betah, memang kurang luas parkiran depannya di beda lahan sekitar resto ada perkiran yg luas kok, Harga Lebih mahal dari resto dg tema yg sama, masakan enak dan lengkap variannya, saran garam di kurangi dikit, pisang gorengnya menurutku nilai 1-10 ada di 6,  tampilannya ga cantik, sy makan siang sekitar jam 13.30, ulasan untuk perbaikan dan bintang sy akan berubah sy akan datang kembali untuk menikmati hidangan dlm waktu dekat."
5,2023-09-02T05:51:41.185Z,Bayu Setya,Tempat makan tepi sawah
5,2023-09-02T01:23:23.118Z,Yeti Riyadi,View dan makanan oke harga standar.
5,2023-09-02T00:57:56.413Z,Kelly Mexfioso,Ramai bingit suasananya tempat luas parkiran lumayan bagus walau agak kecil masakan juga worth thith
5,2023-09-01T04:19:29.075Z,Siregar Chanel,tempat makan yang asik buat santai dan rasanya emang makjoss
4,2023-09-01T02:31:26.079Z,supri jono,Nyaman
5,2023-08-31T07:37:40.155Z,Shakira Wulan,"Tempatnya nyaman utk nongki2,masakannya cocok dilidah sy dan temen2, snacknya jg enak krispi..."
5,2023-08-31T06:35:39.852Z,Mrs. Wiska,Udah bolak balik kesini. Favorit banget sama ayam suwir pedas n sate ayam pedasnya. Makanan rumahannya enak2. Gak rugilah mampir dan menikmati macam2 menunya. Besok2 pengen kesini lagi mau nyobain bakmi nya. ??????????
4,2023-08-31T04:31:34.465Z,Lubis 1108,Nyaman
5,2023-08-30T07:45:39.075Z,Arven Widiatmoko,"Menunya cocok,khas ndeso. Yang kangen makanan rumah bisa mampir di sini. Tempat bersih pelayanan bagus."
5,2023-08-29T13:49:53.934Z,Azirna Berliana,Cocok untuk memanjakan perut keluarga
5,2023-08-29T10:46:58.125Z,Yumei TranceForMindset,"Lokasi pemandangan sangat menyejukan mata, ruang makan luas, bisa pilih meja couple, menghadap ke sawah dan ada ruang tertutup, menu kuliner ndeso yang nikmat seperti sayur jantung pisang, rasa akrab dan nikmat dilidah...
Banyak pilihan menu dan kopi khas mbah gito atau wedang serem jahe hangat..
Recommended untuk dikunjungi"
5,2023-08-29T06:20:04.011Z,Novi M. Putranto,Mantab
5,2023-08-27T14:35:50.487Z,dyfand,"nasgor PMG enak sih tp terlalu banyak kecap dan nasgor IGA nya rasanya pas .
waktu datang Ahad malem itu termasuk cepet juga makanan dan minumannya ."
5,2023-08-27T11:30:44.007Z,Umi Rodiyah,Kangen rasa masakan ndeso..ke Pawon Mbah Gito ..pasti terobati
5,2023-08-27T10:50:27.904Z,Nurman Riyadi Rahman,"Warungnya menyediakan makanan khas Jawa, rasanya enak dan cocok di lidah orang Sulawesi haha. Yang paling demen dalah wedang jahenya yang enak, seger terus banyak jenisnya pula."
5,2023-08-25T12:31:20.113Z,Handa Babe,"Makanan enak semua, harga variatif
Menu nya banyak,...
Layanan udah bagus sih...cuma agak lambat dikit
Suasananya nyamaaann"
5,2023-08-24T07:50:20.066Z,norshahim sativan,Makanan lokal yang fantastis. Suasana yang indah. Pengalaman nyata Indonesia.
5,2023-08-22T16:51:36.434Z,Romy Fahrizal,makan di tengah sawah
4,2023-08-22T15:25:01.405Z,cecep agus,Tempat asyik untuk makan dengan pemandangan sawah lgsung dan angin sepoi sepoi ...
5,2023-08-22T04:16:37.981Z,Rusdy ORDERO,"Kids friendly
Nyaman untuk keluarga"
5,2023-08-21T13:05:31.726Z,Istaning Batulicin,"Tempat okeeh ????
Makanan okeeh ????
Harga terjangkau"
5,2023-08-21T12:36:06.877Z,Tuty Daryanto,"Recommended for MasJa lover, semua masakan enak ????"
4,2023-08-20T03:51:50.555Z,Nadia Nur Azizah,"Sarapan pagi ini hari Minggu sekitar jam 9. Lumayan full table sampai belakang. Bisa jadi alternatif selain sarapan di kopi klothok untuk area jl. Kaliurang dan sekitarnya. Untuk makanannya prasmanan menu2 jawa tradisional dan ada alacarte untuk beberapa menu lain. Minuman wedangannya juga enak dg harga yg termasuk murah.

Overall good experience untuk sarapan di tempat ini. Cuma ada saran yg baiknya ditindaklanjuti oleh manajemen terkait cara komunikasi karyawan ke customer dan antar karyawan. Terutama dari mas2 yg bagian pencatatan makanan krn paling depan sbg representatif. Pemilihan kalimat dan nada bicara mas nya kurang pas untuk orang yg bekerja melayani customer secara langsung, pun dg komunikasi dari mas nya ke mbak kasir sebelahnya yg kesannya nyalahke. Mbak nya yaa nginput dr yg udah dicatat mas nya dan udah betul inputannya tp masih kena tegur di depan customer. Hal2 yg seharusnya tidak perlu didengar oleh customer."
5,2023-08-19T22:59:21.182Z,Adi Riyanto,Bagus
5,2023-08-19T06:48:27.871Z,aang sugianto,Menyenangkan danmakanannya rnak
4,2023-08-18T17:15:02.783Z,Setiawan Samuel,Tempatnya enak dipinggir sawah
5,2023-08-18T16:44:35.628Z,mui funom,Tempat yang bagus untuk pramanan (pilih foos yang Anda inginkan)...
4,2023-08-18T11:31:31.340Z,cher_,"Saya memesan pisang dan berdoa cukup lama. Semoga berhasil
Boleh dicoba lagi nanti, siapa tahu lauknya masih banyak"
4,2023-08-18T01:44:16.986Z,Putri Santi,"Tempat makan sekaligus tempat nongkrong untuk menikmati sore. Karena kanan kiri masih berupa sawah, jd lebih cocok dinikmati waktu hari masih terang. Rasa menu prasmanan standar, bakmi rebus enak, tp menunggu agak lama. Overall ok ??"
5,2023-08-17T14:02:35.147Z,Wisnu Pramudya,Hidden gem banget ini. Makanannya enak2 khas jawa banget. Harganya agak lumayan untuk tipikal tempat seperti ini. Tapi ini agak beda karena lebih rapi bersih dan nyaman. Resto bernuansa tradisional.  Minumannya agak mahal menurut saya. Tapi overall worth it banget dan recommended buat dikunjungi. Bareng keluarga khususnya. View merapi juga kelihatan pas cerah. Mushollanya bersih nyaman buat sholat.
3,2023-08-16T09:10:49.101Z,Nursinggih Harjanto,Bisa dicoba
5,2023-08-16T08:46:59.204Z,Haifani Azmi Rahman,lezat
5,2023-08-15T02:03:08.110Z,Indriyani Wahyudi,"Makanannya enak enak, tempatnya luas, sayangnya kalau ke sana selalu rame sekali. Kita ambil makanan prasmanan, ada nasi merah ada nasi putih bisa ambil sepuasnya, lauknya beragam ada telur dadar, ikan, ayam, kikil, lodeh dan masih banyak lagi, ada es kelapa muda juga lho. Kursinya banyak, pemandangannya sawah, ada mushola yang adem, ada kolam ikan di belakang mushola. Ada rooftop di paling belakang dengan pemandangan hamparan sawah. Sebaiknya kalau mau pas ga rame banget jangan pas weekend sih"
3,2023-08-15T00:37:04.035Z,Retnie,"Baru pertama kesini dan kecewa gara"" parkiran..pas dtg diarahin ke tempat parkir yg jauuh sampe pulang cuma aq doank yg parkir disana, yg lainnya parkir didepan resto, ga ngerti gimana,mana jalan ke parkiran gelap bgt sawah"" dan di parkirannya jg gelap..cukup sekali aja sih kesini"
5,2023-08-14T02:39:54.754Z,Eko Ferirudin,"Tempat makan dengan suasana pedesaan ,lokasi di sawah dengan ruang yg outdoor dan indoor. Cocok untuk makan keluarga. Untuk anak kecil sangat bagus . Tempat luas dan nyaman. Prasmanan dengan makanan ala pedesaan. Ayam ingkung, krecek, mie, ikan, tempe orek, dll. Rasa masakan cenderung manis gurih. Ada dimsum dan jenang. Rekomen : prasmanan , jenang, wedhang mbah uti dan wedhang mbah gito"
5,2023-08-13T14:25:21.612Z,edi wibowo,"Aneka masakan jawa dengan suasana asri pinggir sawah. Ga pake antre lama, masakannya cocok di lidah"
5,2023-08-13T12:29:51.851Z,guzz opink,tempat yang nyaman??
5,2023-08-13T10:12:20.878Z,Anton Asmonodento,"Tempat nyaman, makanan tradisional ok semua."
5,2023-08-12T17:27:27.245Z,farid ismed,"Suasana dan makannya enak, kiri kanan nya sawah,"
4,2023-08-12T11:01:52.093Z,Frida Putri,Makanan rumahan dengan model prasmanan. Variasinya banyak enak-enak rasanyaaa suasananya juga enak di tepi sawah ????
5,2023-08-12T03:02:03.582Z,Dadang Yudhistira Akbar,"Suasana nyaman, waiters ramah, makanan juga enak apalagi prasmanan. Ya mungkin alasan gak sering kesini karna jauh aja."
5,2023-08-12T02:42:07.594Z,Anita Kurniawatty,"terbaik pelayanannya, variasi makanannya dan rasanya. kalo ada lebih dari bintang 5 pasti akan aku kasih ????????????????????"
5,2023-08-09T23:57:42.313Z,Customer Service Baletentram,Tempat sangat nyaman
5,2023-08-09T07:18:24.938Z,D Syafira Family,"Resto dengan suasana pedesaan,
Menu makanan dan rasa enak, sesuai dapur rumahan."
5,2023-08-08T12:20:00.219Z,Anie nina,"Tempatnya nyaman dg view persawahan yang asri, luas & bisa untuk beberapa rombongan
Menu prasmanan nya sangat variatif & enak semua
Minuman jg lumayan bermacam-macam.
Harga relatif murah
Ada bakmi jawa
Ada jenang juga
Recommended buat acara bersama keluarga besar, reunian atau sekedar santai menikmati makan siang"
5,2023-08-08T02:10:10.050Z,aldi daswanto,"Sudah berkali-kali mampir Pawon Mbah Gito, baik sarapan ataupun makan malam. Selalu jadi pilihan kalau bingung mau makan di mana.

Rasa makanan selalu konsisten, enak & fresh. Variasi minuman juga OK, dari kopi tradisional, espresso based, sampai macam-macam wedangan. Suasana selalu menyenangkan. Pelayanan selalu OK. Toilet bersih. Musholla luas dan bersih.

Sukses selalu untuk Pawon Mbah Gito."
5,2023-08-07T23:47:11.722Z,Natalia Putri,"Ini tempatnya makan oke dr semua sisi. Makanannya, tempatnya, pelayanannya. Vibesnya dapet bgt kalo pagi aslilah. Samping sawah, nyruput wedang. Cobain deh wedang mbah uti dan mbah gito, mantap jiwa. Makan model prasmanan masakan jawa, enak semua, ada rasanya, masaknya gak waton. Ada jenang pula, sumsum biji salak, enak juga jenangnya. Berlama lama disini, bisa banget, sampe lupa waktu. Sarapan pagi adalah waktu terame sih, tp tmptnya luas jadi ga perlu khawatir, parkiran juga luas, ada lahan parkiran agak jauh kalo misal yg depan ra penuh. Security helpful kok."
4,2023-08-07T08:07:26.896Z,Tata Sutriana,"Lokasi relatif mudah dicari. Interior bangunan vintage, bagus buat yg senang foto². Makanan dan minuman cukup enak. Sayang pelayanan agak lama."
5,2023-08-06T10:59:49.105Z,Jodie Senoatmojo,"Tempat makan tengah sawah selalu bisa bikin makan makin nikmat, apalagi lauk pauknya nostalgia jawa jadul. Mangkat!

Layaknya tempat makan ndeso di jogja, di pawon mbah gito ini juga berjajar lawuh ndeso jogja lawasan selain bakmi jowo yang jadi andalan. Sekilas nggak beda sama yang lain, gandheng saya wong lawas, langsung nemu aja bedanya. Lodeh daun labu siam alias godhong jepan, ini udah jarang pake banget ditemui di dapur apalagi restoran. Trus ayam suwir pedas, ini juga jarang ditemukan. Ada juga lawuh impian anak-anak jaman dulu, sate pedas manis. Cekat ceket ambil lawuh pilihan dan gas pol disantap! Enak tenan.

Overall, experience makan disini sangat menyenangkan. Angin semilir dan segar. Kalau bawa keluarga dengan anak kecil, masih bisa wara wiri sepanjang selasarnya.  Toilet bersih dan parkirannya luas."
4,2023-08-05T12:49:15.945Z,Setiawan 162yk,Suasananya enak
5,2023-08-05T03:21:10.493Z,Pradyva Ayu Fallasanti,"Sedikit ulasan dari sudut pansang saya

Tempat makan yang sangat worth it banget. Paling enak kalo makan rame bareng keluarga karena tempatnya pinggir sawah. Suasananya sangat syahdu. Fasilitasnya lemgkap dan bersih mulai dari toilet dan mushollanya.

Konsep tempat makan disini prasmanan. Jadi bebas untuk mengambil makanan sesuka hati. Ada makanan berat, camilan, jenang, dan berbagai minuman. Awas, hari-hati kalap??

Staf disini sangat ramah dan menjelaskan setiap menunya dengan sangat baik. Parkirannya luas karena ada 2 tempat parkiran. Menurut saya makanan disini enak dan cocok di lidah saya. Next time pengen berkunjung lagi kesini.

Terima kasih??"
5,2023-08-05T00:57:38.620Z,Rosari Wulan Yuni,"Pelayanan ?
Makanan ?
Tempat ?
Kebersihan ?"
5,2023-08-04T10:36:08.344Z,ADITYA PRIANGGA,"Sayang, sistem antrian nya kurang tertata baik. Tapi makanannya enak dan pisang gorengnya juara"
5,2023-08-03T03:49:23.297Z,Yayuk Romadhona,"nyaman,unik & spot foto keren"
5,2023-08-01T10:34:05.473Z,Lidwina Chastity Maya Yulita,"Makanannya enak semua & staff-nya sangat sangat membantu ?? ada pilihan nasi merah/putih.. sayurnya enak, cuma menurut lidah saya brongkosnya agak kayak jamu ??
Overall enak & sangat recommended buat yg pengen makan masakan ndeso dgn view sawah ????"
5,2023-08-01T09:17:16.282Z,fitria rahmi,"Menemukan tempat nyaman buat makan dan nugas di jogja. Smuanya perfect. Tempat bersih, makanan enak ala rumahan, pelayanannya kerennn bgt. penasaran gmn sih owner menanamkan value ke karyawannya? Pas jdwal sholat semua sholat jamaah, kl nanya2 pelanggan g dijutekin, inisiatif buat bersih2. Cuman ada masukannya, satuuu aja, toilet dan tmp wudu agak licin, smg bisa diberi keset anti slip biar nyaman. Selebihnyaaa okeee pake bangett. Kl tmn2 mau kjogja, ini tempat wajib buat dikunjungiii, serius g nyesel!!"
5,2023-07-31T19:23:06.574Z,Tommy Setiawan,Mantap
4,2023-07-31T13:23:46.187Z,N Baggaswara,Seru...
5,2023-07-31T11:33:35.782Z,Dwi Handoko Wisata Yogya,tempat asri dan berada di tengah sawah cocok untuk istirahat dan makan bersama keluarga
5,2023-07-31T07:30:29.322Z,Sabrina Vita,"Makanannya sangat beragam ada berbagai macam sayur dan juga lauk, bahkan ada dua pilihan nasi, bisa pilih nasi putih atau nasi merah.
Service juga juara, semua karyawan sangat ramah dan informatif. Walau tempatnya sering ramai, tapi flow nya rapi karena setiap ada pengunjung baru datang, selalu dipastikan terlebih dahulu apakah ada meja kosong atau tidak, jadi tidak perlu susah-susah rebutan meja.

Overall sangat recommended untuk tempat makan keluarga atau jika kangen masakan ala rumahan."
5,2023-07-30T21:52:37.761Z,Firman Muhammad,"Buat yang pengen makan cepet, ini solusinya. Karena prasmanan, kalian yang lagi berwisata di jogja trus mampir makan dan mau lanjut ke wisata lain di sini lumayan recomended sih.

Dari tempatnya lumayan luas, suasananya sawah gitu dan dengan konsep rumah jawa yang terkesan “jogja banget”, ada tempat di luar sama di dalem. Cuman 1 yang kurang, lahan parkir. Parkirnya kecil, padahal ini tempat rame banget kalo jam makan. Waktu aku ke sini pas jam makan siang parkirnya full, akhirnya dapet parkir jalan agak jauh, panas.

Pelayanannya bagus, cepet bikin minumnya, pesen cemilan yang harus dimasak dulu juga nggak perlu nunggu lama. Makanan yang disajikan di sini masakan rumahan kayak berbagai macem sayur sama lauk, ada disum juga sama cemilan lain. Dari segi rasanya ya relatif sih, buat aku lumayan, cuman ada beberapa masakan yang rasanya kurang nendang dikit buat aku, tapi balik lagi selera masing2.

Buat kalian yang suka update ig story, tempatnya oke, jadi jangan khawatir lumayan banyak spot yang estetik di sini. Apalagi kalo sore, viewnya sawah gitu mantep. Cuman kalo siang nggak direkomendasikan buat duduk di luar yang hadep sawah, panas banget."
4,2023-07-30T11:51:50.261Z,Agung Nugroho,"Suasana 11:12 sama kopi klotok asri dekat dengan persawahan dan sungai.
Menu juga lebih variatif"
5,2023-07-30T08:18:40.194Z,Bimo Ario Suryandaru,"Wow, aku tidak akan berbohong padamu. Awalnya saya tidak berharap banyak dari tempat ini. Sudah mendapatkan popularitasnya dari banyak turis karena makanan dan suasananya, saya harus mengatakan bahwa mereka sangat mendapatkan reputasi seperti itu.

Saya pergi makan malam, menikmati Nasi Goreng dan Kwetiaw, meskipun mereka terkenal dengan Prasmanan Makanan Indonesianya. Dan memiliki layanan dan rasa yang luar biasa!!

Fasilitasnya juga cukup memadai dengan lahan yang luas dan musala yang luas. Direkomendasikan untuk acara kumpul keluarga atau acara besar."
5,2023-07-28T06:56:03.200Z,Taufiq Taufiqurachman,Top ini tempat bagi yg ingin mencoba masakan rasa rumahan ditambah suasana nya adem banget
5,2023-07-28T06:22:44.863Z,Mochammad Slamet,"Ajak makan siang keluarga Ps. Minggu. Menu yg nikmat  dan makan dg suasana tepi sawah yg syahdu.
Photo gak sempet"
5,2023-07-27T01:17:44.439Z,Abu Noor,Makanan plus suasananya membuat semakin nikmat
5,2023-07-26T12:56:16.618Z,Dhia Clarissa,"Tempat makan asyik di pinggir sawah, cocok buat sarapan bareng keluarga. Enaknya sih pas weekdays ya biar nggak rame. Makannya prasmanan ambil sendiri, lauknya banyak dan bikin kalap hehehe mangut lelenya juara! Terus pilihan minumnya juga ada wedang2 unik gitu. Foods are good, agak pricey sih, tp ya kesana emg buat makan sambil beli suasana ?????"
5,2023-07-26T05:04:44.291Z,mukhlishin muhammad,"Saingan kopi klothok ada di sini. Jika Anda mencari masakan asli Jawa bersama keluarga atau teman, namun tidak terlalu ramai dan lebih nyaman untuk duduk, inilah pilihannya. mereka memiliki lebih banyak pilihan makanan (dibandingkan dengan kopi klothok), ada banyak variasi makanan dan sup.

makanannya benar-benar enak, mereka punya beberapa baverge unik yang rasanya juga enak. harganya terjangkau.

padahal di jam sibuk, petugasnya cukup cepat dalam pelayanan. yang penting tempatnya penuh, petugas parkir akan menginformasikan sebelum anda memarkir mobil, anda tidak akan terpaksa datang dan menunggu terlalu lama."
5,2023-07-25T15:37:37.189Z,Venny Melanie,"Buat yang nyari tempat nongkrong dengan suasana rumahan khas pinggiran kota sih wajib kesini. Suasananya nyaman pol, pemandangan pinggir sawah. Udara fresh, walaupun lokasinya rada blusuk tapi terbayar sama suasananya. Menu prasmanannya lumayan banyak, walau ada berapa menu yg tdak sesuai ekspektasi saya. Untuk menu snack dan minuman smua enak2. Kesini pas weekend  dan sore2, jadi lumayan rame dan hmpir g kebagian tmpat duduk."
5,2023-07-25T06:56:18.536Z,adam yanuar,Kulineran dengan suasana nyaman disekitar pemasangan sawah.
5,2023-07-25T06:05:33.296Z,Natiqa Mutafania,"Prasmanan masakan tradisional banyak varian menunya, harga nasi+sayur ambil sepuasnya 13.000, tambah lauk bayar lagi. Setelah ambil bawa ke kasir dan sebut meja nomer berapa. Bayar setelah selesai makan, harga relatif murah makan minum untuk 10 orang habis 360 rb.

Selain prasmanan juga ada ala carte bakmie dll. Minumannya mulai es dawet sampai kopi2 an ada. Ada side dish dimsum dan bubur jawa. Lokasi di pinggir sawah suasananya syahdu. Tempat duduk banyak, ada rooftop, ada toilet dan musholla yg proper.

Parkirannya kurang luas, sudah ada lahan parkir sendiri tapi masih penuh juga karna kesana pas jam makan siang dan musim libur sekolah rame banget, akhirnya parkir di lapangan di deket situ."
5,2023-07-24T19:08:04.059Z,M ICHTIAR PRYADI,"Pilihan menu nya buanyak banget, masakan rumahan gitu, dan makanannya enak. Kemarin saya pesan nasi merah ayam pedes mie sama tempe overall enak dan cocok dilidah. Tempatnya bikin nyaman banget jadi betah buat kesana lagi. Tersedia tempat makan tradisional Jawa gitu dan like a cafee yang ada di bagian belakang ,  dan parkiran nya juga luas. Dari aku makanannya 9/10."
5,2023-07-24T06:53:30.512Z,Saryehu Huaresi (Joma),Tempat yang bagus untuk bersantai dan melepas penat
4,2023-07-23T12:00:38.801Z,Fitria Ulfa,Tidak apa-apa
5,2023-07-21T14:36:58.586Z,Dio saputra,Besar
5,2023-07-21T08:41:21.444Z,Gudang Masker Depok Gudang Masker Depok,Kami sekeluarga sangat senang dgn rasa makanan & suasananya. Harga jg mash sngt terjangkau. Terima kasih pawon mbah gito..sukses selalu
5,2023-07-21T05:10:38.527Z,Yuli Nusarini,"tempatnya bagus, view sawah tapi tetap adem. makanannya murah & enak. makan ber6 habis 250rb. suka sama servicenya juga, ramah semua. bakalan kesini lagi sih kalo lagi ke jogja."
5,2023-07-20T22:33:41.372Z,Sandi Yudha Wardana,"Makanannya lumayan. Kalo makan sini bisa kalap, ambient tempatnya asri sekali."
3,2023-07-20T14:28:22.985Z,Taufik Hayade,makanan layanan suasana.... cukup terkesan.... Yogyakarta
5,2023-07-20T14:06:16.372Z,TJ Aja,Harga rasional. Enak persis makanan rumahan. Mushola gede. Dikelilingi sawah. Parkir memadai
5,2023-07-20T12:02:31.680Z,ruwi priyo,"pisang goreng, dawet & wedang jahe
????"
5,2023-07-20T09:29:03.614Z,Sulis Tyowati,"Ada dijakal km 12 dan tmp nya agak.masuk ke dalam. Rasa makanan lmyn enak, suasan syahdu, tempat jg bersih. Utk harga mnrt sy tdk sebanding dng namanya ya, agak mahal kayak dawet segelas 20 rb, kalo di resto mungkin wajar. Parkirannya jg sempit sulit dikondisikan"
5,2023-07-20T02:03:13.449Z,Yuni Noona,Tempatnya bersih asri nyaman bagus...makanan enak2 semua...bikin nagih ksini
5,2023-07-19T12:18:09.917Z,Abbad Imad (Aim),"Makanan dan snacknya enak, kalo ram snacknya cukup lama penyajiannya karena harus dimasak dulu. Minumannya standar, vibesnya enak dipinggir sawah dan masih pedesaan banget"
3,2023-07-19T04:07:15.534Z,Novi,"first time ke pawon mbah gito pingin nya makan bakmi jawa nya , ehh baru ready sore , aku datang di jam 11 siang
mau makan nasi tapi udah ga muat peyut nya karna abis makan di wisata lain ??

semoga besok"" pawon mbah gito di siang hari bakmi jawa nya di ready kan yaaa"
5,2023-07-18T12:12:38.832Z,bervi r,Makanan lezat dan resto tersembunyi di Yogya
5,2023-07-17T23:23:57.634Z,Hadi Susilo,Menu makanannya mantap.. ??
5,2023-07-17T13:32:51.735Z,Ratna Hayuningtyas,"Tempatnya asri di pinggir sawah, viewnya daun padi yang hijau bikin mata adem. Untuk orang kota yang setiap hari berkutat dengan hiruk pikuk, kemacetan dan kebisingan tempat ini bisa sejenak bikin rileks. Menunya ala masakan rumahan ndeso dan bisa ambil sendiri secara prasmanan. Untuk rasa menurut saya sedang² saja tapi untuk suasananya benar² luar biasa ????"
4,2023-07-16T12:27:18.522Z,irsan,Menu masakan jawa enak dan hampir sama dengan resto2 lain ala prasmanan di Jogja. Tempat parkir relatif terbatas namun disediakan lahan parkir yg lumayan luas +- 100 meter. Tempat dan suasana nyaman dan terus bertambah sampe belakang. No kontak kurang respon jika ingin reserve. Saran saja utk akhir pekan disediakan live music agar makin cozy suasananya.
2,2023-07-16T04:01:53.000Z,Dzulfikar Azka,"tempatnya lumayan jauh dari kota. kemudian juga area parkirnya tidak begitu luas. kalau hari minggu, tempatnya terlampau ramai sehingga sulit buat dapat tempat duduk. untuk servis dari pelayannya ada yang memuaskan, ada yang sangat kurang memuaskan. terutama pelayan di bagian yang mencatat menu yang kita ambil. saya pergi ke sini pada 16 Juli jam 09.00. pelayan yang mencatat di bagian ini sungguh tidak ramah dan nada bicaranya engga enak sama sekali. seharusnya yang di bagian mencatat seperti ini yang mengharuskan orang berkomunikasi dengan baik dan tidak diisi oleh orang-orang yang ga bisa berkomunikasi dengan baik. kesal"
4,2023-07-16T01:33:45.021Z,nucha erika,Konsepny resto jawa dengan berbagai menu masakan sayur ndeso. Rasa makanan pas. Bener-bener suasana pedesaan
4,2023-07-15T15:01:11.314Z,Ell Gia,"Makanan enak2 smua. Pelayanan cepat. Suasana tidak nyaman. Terlalu banyak orang, dg space jalan yg sempit..gak enak bgt udh nyendok nasi penuh kesenggol sm pengunjung yg lg lewat dibelakang tmpt duduk. Dan nasinya tumpah"
5,2023-07-14T11:55:44.879Z,Rb Prajoga,Banyak pilihan makan prasmanan
5,2023-07-14T09:22:21.862Z,aniss maniss,"Tempatnya syahdu, ada nasi merah, aneka ramesan masakan Jawa."
1,2023-07-13T08:46:39.492Z,Noordam Nugroho,waiter / pelayanan kurang responsif
4,2023-07-13T01:10:03.230Z,Takkunyah,"Tempat yang bagus untuk Makan Siang dengan Makanan Lokal Jawa
Saya berharap saya bisa memiliki semuanya menu"
4,2023-07-12T23:16:48.100Z,Abil Mahazein,"Sebuah tempat yang menyajikan makanan tradisional dengan view pinggir sawah yang cukup asri. Makanan sangat variatif dan prasmanan,disediakan juga nasi merah. Dekat dengan masjid."
5,2023-07-11T23:11:53.032Z,VER NHAZLA,"Pas jam siang memang agak antri tp cpt kok,untuk rasa mknan ok & byk macamnya,harga jg standar ga mahal2 amat dg view persawahan jd makan makin nikmat??"
5,2023-07-11T14:36:11.840Z,Faradisya Putri,"Suasananya enak, sejuk dengan panasnya jogja, staff baik kordinasi antara staff depan hingga belakang bagus (ada HT), staff ramah, segi pelayanan oke, untuk makanan minuman enak, sayangnya untuk minuman diantarnya sangat lama jadi makanannya udah habis, minumnya baru dateng, saranku kalian sampe sana langsung pesen minum baru ambil makan?? untuk parkir sangat terbatas dan sangat rame terutama di jam makan siang, kalau memang sudah ada rencana kesini lebih baik reservasi saja jauh jauh dari drpd tidak kebagian tempat. Selamat mencoba dan sukses selalu???"
4,2023-07-11T12:28:15.527Z,Dian Khusniyati,"Warung ala ndeso mepet sawah, menu ala rumahan, hanya taste nya kurang lezat untuk bbrp menu masakan. Orderan minum ada yg salah tapi tdk fatal. Pada saat datang kondisi ramai, parkiran penuh dan pak parkir kurang bersahabat,  tapi dibantu oleh pengunjung lain"
4,2023-07-11T06:39:55.408Z,Bang Alam,Ok buatbnongkrong
5,2023-07-11T04:27:44.209Z,miono,"tempat yang selalu ramai dikunjungi jika liburan dan weekend, karena memang lokasi dan areanya  yg enak dan nyaman untuk bersantap siang maupun sore, asri di tengah sawah"
4,2023-07-11T00:28:51.033Z,irawan “Roy” roy,Mantapsss
4,2023-07-10T14:30:43.372Z,Nur Ulfa Alifah,FOMO. B aja
4,2023-07-10T02:01:58.397Z,Dee Miranti,Makanan banyak pilihan dan kopi nya juga banyak pilihan.Harga sesuai kantong
5,2023-07-09T23:57:56.645Z,MR. BIG,"Sengaja banget datang ke sini pas lapar, butuh sarapan pagi. Dan ..........
Jreng, menunya itu lho...bikin serakah ??semua mau diambil dan dinikmati tapi apa daya piringnya ga sanggup.
Jangan ketinggalan, mangut lele nya, telur dadar, lodeh jantung pisang , wajib."
5,2023-07-09T22:35:10.841Z,Rendra Agustian,Lumayan. Sesuai harga. Tdk terlalu antri. Hanya parkiran yg sedikit dan tersedia di lapangan agak jauh jalannya.
3,2023-07-09T22:29:12.316Z,Leo Bishara,"Belum jadi makan disini karena penuh, lokasi masuk2 dari jalan raya"
5,2023-07-08T13:23:21.657Z,Tonny Purwanto,"Menghabiskan makan malam di Restoran ruang terbuka ini bersama keluarga, merasa diberkati. Tempat ini merupakan salah satu 'nature blend caffee n eatery' di mana Anda dapat menikmati makanan sambil memanjakan mata dengan pemandangan alam persawahan. ."
5,2023-07-08T11:21:09.852Z,Thesar Saputra,enak & sangat terjangkau. tempat yang layak untuk dikunjungi di jogja
5,2023-07-07T14:37:58.702Z,koleksikikie,"Jujur makanannya ya biasa aja sih, lumayan lah tapi ga ada menu yang waow banget bikin diinget..  Cuma suasananya itu menyenangkan sekali, dan Musholanya bagusss, bersih banget. Seneng deh bisa sholat dengan pemandangan sawah yang hijau. Oh iya pas kesini ga bisa bayar pake debit ataupun QRIS hanya bisa tunai dan transfer ke Bank Mandiri."
5,2023-07-07T10:42:15.576Z,Harry row,Pilihan menu yang beragam dan suasana sawah yang nyaman
4,2023-07-07T08:21:58.074Z,Nabila Shahnaz,"Tempat yang enak untuk sarapan dengan view sawah yang menyegarkan mata. Berbagai masakan jawa rumahan yang nyaman di lidah siap menjadi santapan. Buka dari pagi hingga malam. Ada berbagai minuman juga, dari yang tradisional hingga kekinian. Mereka juga menyediakan pilihan snack ringan, seperti pisang goreng, roti bakar, tempe mendoan, hingga aneka macam jenang. Suasana asri dengan interior jadul namun tetap bersih & terawat. Parkir di depan resto cukup luas & disediakan tempat parkir juga di dekat resto sewaktu-waktu parkir penuh."
4,2023-07-07T03:45:35.308Z,Mei Lina,"Klo bisa jangan di jam makan siang klo kesini ??
over all makannya enak, tempat bagus hanya kurang luas mungkin karena ramai kali ya,"
5,2023-07-05T04:35:58.598Z,Eddy Catur Sugiarto,Menu makanan lengkap dan lokasinya nyaman
5,2023-07-04T06:55:54.822Z,Rahmansyandi,"Pengalaman terbaik dari segi view, cita rasa makanan
, suasana dan tempat nya nyaman, harga yang sangat affordable.

Harus coba side dish nya Jenang sumsum, enak banget 8/10 kalo dijakarta bubur sumsum ya, tapi ini tuh next level.

Untuk menu prasmanan nya kalian harus coba sayur tumis pepaya nya 7/10 enak masih ada pahit2 nya tapi masih aman kok, gurih seger juga sayur nya. Ada mangut lele nya yang enakk banget 8.5/10 kuah nya harus ambil yang banyak si. Telur dadar kriting nya kelihatan enak dari segi tampilan nya menggoda tapi sayang ga sempet icip. Kikil nya enak 7/10, orek nya mantul manis dan tekstur nya krispi tapi lembut 8/10. Ayam goreng kampung nya gurih lembut, kelihatan tidak berbumbu tapi pas coba gurih sedep 7.5/10. Ayam suwir pedas nya enak, level pedas nya aman, gurih, asin nya pas ada wangi rempah nya 7.5/10

Untuk minunan rekomen banget sama wedang mbah uti nya enak seger, ada bitter nya tapi masih aman. Enak dan menyehatkan. Tapi kalian ga usah terlalu banyak ya masukin gula batu nya

Pisang goreng nya enaaak. Apalagi pas masih hangat porsinya juga banyak bisa sharing untuk ber 3-4 orang. Mirip2 yang di kopi *lotok tapi enakan ini menurut ku.

Pelayanannya ramah dan pramusaji nya helpful sekali

Yang terpenting disini ada mushola yang super lega dengan hawa2 persawahan nya.

Bikin betah lama2 nongski disini

Aku makan dengan beberapa menu dan minum cuma habis ga sampe 150k. Yang kalo di bogor/sentul/puncak aku yakin bakal spent 300k lebih ??. Pawon mbah gito istimewaa????

Sukses selalu pawon mbah giro.

Customer
3/jul/2023"
4,2023-07-03T16:22:30.034Z,SHAREENA BEDDING (produsen sprei bedcover),"Makanan enak, tempat asik, musholla luas. Cuman, perkakas makan dr customer sebelumnya lama yg bersihin. Tapi bisa jadi krn pas ramai, jadi sdm-nya overload.
Positive thinking aja....."
4,2023-07-03T14:09:59.288Z,Dyah Ari,"Serasa makan di rumah, lengkap sayur nya maupun lauknya."
3,2023-07-02T12:30:20.062Z,Arie C,"Tukang parkir didepan sangat tidak membantu. Dibilang sdh penuh, padahal dalam ruangan masih ada tempat. Perlu koordinasi dengan petugas di dalam."
5,2023-07-02T11:38:16.373Z,Yudha Si TuanMuda,"Saran saja mending hari biasa dan jgn jam rame kalau kesini ,rasa terbaik dan pelayanan ramahhh ,??????????"
4,2023-07-02T08:08:37.846Z,Tommy Fanggidae,"Restoran tradisional Jawa dengan pilihan makanan dan minuman tradisional atau wedangan yang lengkap, juga jajanan tradisional. Tempatnya ramai ketika saya kesana, untung masih ada sisa kursi.  Pelayanannya cukup baik, sebagian besar pramusajinya adalah remaja sehingga bekerja sangat cepat, padahal sebagian besar dari mereka kesulitan menemukan nomor meja yang terkait dengan pesanan. Secara keseluruhan restorannya sangat bagus, terletak di tengah sawah, jadi segar dan sejuk. Makanan dan minumannya juga enak.  Sangat direkomendasikan."
4,2023-07-02T04:36:53.685Z,Yongky Sunjoyo,"komplit menu nya , suasana rame , lokasi parkirnya kejauhan"
5,2023-07-02T03:39:40.993Z,Abayomi Biru,Tempatnya bagus Makanan nya enak enak
4,2023-07-01T12:14:33.739Z,bambang darmoko,"Parkir jauh, utk menu sangat lengkap untuk rasa relativ flat, bagi sy kurang nendang. Usul saran utk minuman lebih cepat pesan sendiri/dilayani sendiri tidak bareng menu makan utama ok."
5,2023-07-01T04:25:24.053Z,Heni Lestari,"Salah satu tempat makan legendaris di jogja dengan aneka masakan jawa yang wajib dicoba, yang bikin seru adalah vibesnya yang di kelilingi sawah membuat sensasi makan siang jadi lebih syahdu dan asri, klo bawa anak kecil bisa diajak mainan air samping sawah juga ya...soalnya airnya jernih banget...udaranya juga ga kalah sejuk banget. Recommended ??"
5,2023-07-01T04:23:10.201Z,alhamdia prananto,Suasana yang ndeso banget. Cocok untuk sarapan atau makan siang. Menu prasmanan enak. Fasilitas toilet dan mushola lengkap.
3,2023-07-01T03:42:38.455Z,Deryana Marshadhianti,"Tukang parkir harus di edukasi bahwa ini adalah restoran untuk publik, bukan properti pribadi. Saya baru datang drop off turun mobil langsung diomel2in tukang parkir dan ""diusir"" padahal posisi mobil di dalam parkiran, tidak mengganggu, dan ada driver saya jg di dalam mobil. Alasan dia : saya bukan mba d*vina yg sudah lebih dulu reservasi. Cuma mau turun dari mobil loh!! Nyebelin banget untuk impresi pertama saya kesini ????

Saat saya masuk, kondisi di dalam banyak yg udah mau selesai, lg siap2 mau keluar, dsb. Gak lucu aja sih orang baru dateng udah langsung diusir sama tukang parkir, dibilang penuh dan ga reservasi, bukan nya cari solusi harus drop off / parkir dimana atau koordinasi kek ada orang resto nya di depan. Sebaiknya SOP drop off dan parkir diperbaiki lagi deh ya.

Saat saya makan, saya liat pelayan sdg antar donat utk table lain tapi dicegat oleh ibu-ibu yg mau pinjem donat tsb utk difoto2 sbg konten di table depan sawah, padahal donat itu bukan pesenan ibu2 tsb. Harusnya pelayan bisa lebih tegas, makanan orang kok diizinin buat dipinjem ngonten begitu..

Sejujurnya, makanan yg saya pesan enak semua, mangut lele dan telor dadar nya enak, sayur nya enak, wedang dan gorengan nya jg enak. Sayang aja kalau makanan udah enak tapi tim pendukung (terutama tukang parkir) kurang bagus, mungkin akan bikin orang jd males untuk balik lg.."
5,2023-06-30T22:32:49.274Z,MynameisPonch,"Nikmati pedesaan dengan pemandangan persawahan dan makanan otentik yang lezat, di sinilah tempatnya"
5,2023-06-30T07:17:14.634Z,dany sulthan,enak.murah.pemandangan bagus
5,2023-06-30T06:51:28.209Z,Hashashin Killer,Tempat luar biasa untuk berpesta
4,2023-06-30T06:48:01.941Z,Pramodo Suntu,"Tempat makan dan minum dengan pemandangan sawah, berbagai makanan dan sayuran tradisional, bisa pesan juga pisang goreng, tempe mendoan, harganya terjangkau"
5,2023-06-30T04:37:23.634Z,Saiful Amin (H. Amin),Rasa masakannya (selain kopi) lebih enak dari kopi klothok. Suasananya 11-12 dg kopi klothok. Gw paling suka dg ikan asapnya dan mangut lelenya emdes banget
4,2023-06-29T11:05:38.183Z,Dennis Eliezer,Makanannya terlalu mahal!
4,2023-06-29T10:54:46.699Z,rani maharani,"datang ke sini selama musim liburan. agak sulit mencari tempat duduk. makanan enak tapi ada rasa manis seperti makanan jogja. minumannya lama keluarnya, harus tanya berkali-kali. pemandangannya luar biasa."
4,2023-06-29T06:18:06.915Z,Stella Hana,"Tempatnya sangat nyaman, pilihan menunya juga banyak & harga terjangkau. Cocok untuk kulineran"
4,2023-06-28T12:20:19.540Z,Febri Dinda,Makannya enak??
4,2023-06-28T06:41:24.751Z,surya aryaguna,"Tempat makan jenis masakan jawa dgn suasana fresh di pinggir sawah hijau2... nasi sayur dgn 2 atau 3 macam sepuasnya Rp 13.000, dan ada banyak jenis lauk lain nya"
5,2023-06-28T05:48:54.731Z,Danish Aliya Putri,"Makan ambil sendiri,pilihan sayur ,lauk pauk banyak,
Suasana diarea desa,persawahan,
Monggo silahkan datang,menu rasa tidak mengecewakan????????"
4,2023-06-27T04:53:57.225Z,Hairy Yusuf,"Restoran ini menawarkan pemandangan sawah yang indah. Tempat ini cocok untuk berkumpul bersama keluarga atau sekedar minum kopi bersama teman atau pasangan. Mereka menawarkan berbagai menu makanan, makanan ringan dan minuman. Meski harganya mahal, saya tetap menikmati suasananya dan yang paling saya suka adalah mereka menyediakan berbagai biji kopi. Di sini Anda bisa menemukan mushola, toilet, dan wastafel. Saya tidak yakin apakah ada WIFI karena tujuan tempat ini lebih seperti untuk bersantap. Tidak ada aksesibilitas kursi roda. Tempat parkir cukup luas dan dijaga. Secara keseluruhan, okelah."
5,2023-06-26T13:03:11.715Z,rio paradika,"Tempat syahdu, sejuk, makanan enak enak. Buka dari pagi sampai malam. Recommended"
5,2023-06-26T12:53:39.750Z,Tony Hariadi,"Suka makanan dan tempatnya, bisa jadi sangat ramai"
5,2023-06-26T10:40:23.411Z,Nina,"enak & super terjangkau. pelayanan prima dari setiap staf. tersedia banyak tempat duduk. banyak tempat parkir mobil tersedia juga. karena sangat ramai di akhir pekan, saya sarankan kalian berkunjung pada hari kerja. sulit merekomendasikan ????"
5,2023-06-26T07:48:22.719Z,Andreas Toni,"masakan rumahan, ambil sendiri sampai puas, Harga kompetitif, suasana pedesaan dengan hamparan sawah. keren."
4,2023-06-25T12:46:30.468Z,masFADZ,"suasana mewah, mepet sawah"
4,2023-06-25T09:38:30.251Z,SATYA BUDI,S3rasa makan masakan simbah jadul.uenak lah.sayur sayur model lama ada semua.parkir juga nyaman
5,2023-06-25T09:20:08.263Z,Dicky C. Muharawan,Restoran Jawa tradisional yang bagus
3,2023-06-25T07:10:21.478Z,ananto susetyo,"Menunya agak random, sebaiknya fokus ke jenis makanan tertentu. Mis. Tradisional Jawa, western, nasional, chinese atau yg lainnya. Biar kesannya gak palugada"
5,2023-06-25T03:10:46.231Z,Sugengbudi Harsono,Makanan ndeso murah suasana asri
5,2023-06-22T04:17:52.338Z,Seblak Asgar Official,"Mantap warung dan makanannya,
Info tambahan link map nya kurang pas, yg bener...

Pawon Mbah Gito, Jl. Pasir Luhur, RT.003/RW.026, Area Sawah, Sukoharjo, Kec. Ngaglik, Kabupaten Sleman, Daerah Istimewa Yogyakarta 55581

Selamat menikmati...??????????????"
5,2023-06-21T22:42:44.347Z,TriNugroho Setiawan,Makanannya enak dan harganya tidak terlalu mahal dan suasananya nyaman
4,2023-06-19T12:28:14.780Z,Pingky Sampurna,Tempat parkir kurang luas..dtg waktu weekend hrs parkir agak jauh dr lokasi..kasir sebaiknya ditambah krn antrian panjang dan terlalu lama..
5,2023-06-19T08:13:15.577Z,Eko Hartanto,Apa?
2,2023-06-19T06:25:21.119Z,Dimas Noviq,"Overprice utk makanan Rasa spt warteg,order kelapa muda lamaa bgt sampe mkn saya abis ga dtg bgitu ditykan abis katanya  ealaah,,"
3,2023-06-19T06:20:49.134Z,dedy heriyanto,"Iklan ga sesuai dgn realita, makan ramas sepiring 50rb sayur, lauk dan nasi dihitung terpisah (mending ke kopi klotok / mkn steak sekalian), cukup sekali deh"
4,2023-06-18T13:36:46.498Z,Martina Millenidya Nishita,"Waktu ke sini, parkirnya agak jauh karena tempat parkirnya penuh. Jadi harus jalan ke sini tapi it’s okay.

Atmosphere tempatnya enak karena deket sama sawah, jadi adem gitu. Untuk tempat duduk banyak seatnya cuma mejanya terlalu mepet menurutku.

Untuk makanannya masakan rumahan Jawa, tapi ada beberapa menu yang kurang nendang dikit rasanya. Minumannya lumayan lama jadinya.

Toiletnya bersih tapi harus copot alas kaki, agak ribet buat yang pake sepatu ya karena kaos kaki juga mesti dicopot. Soalnya lantainya ada yang basah."
5,2023-06-17T13:18:28.239Z,Dianafiani Lubis,"makanannya enak enak, suasananya tenang, Mushollanya bersih"
5,2023-06-16T17:05:08.791Z,Astri Sens,"Tempat nongkrong favorit setelah pulang kerja, karena dekeeettt bgt dari kantor, entah bareng anak² ataupun cuma berdua dengan pasangan. Minumannya enak². Favoritku kopi pandan latte, es coklat klangenan & wedang mbah gito. Makanannya jg nggak kalah enak. Cita rasa prasmanannya Jawa banget. Tapi, kalau mau menu yg lebih variatif dan suasananya agak lengang,  sebaiknya datang di atas jam 17.00. Bakmi goreng, bakmi godhog, tahu walik dan donatnya worth to try deh pokoknya. ??????"
5,2023-06-15T16:02:01.912Z,Zaki Zukri vlog sepeda,"Makanannya enak, pemandangan bagus. Tempat nyaman buat nongkrong tapi kalau bisa colokan buat kerjanya juga dibanyakin biar bisa nongkrong sambil kerja"
5,2023-06-15T15:49:36.008Z,Arya Wira,Makanannya enak2??
5,2023-06-15T14:40:18.443Z,Rury Lukito,"Menunya enak banget sampe bingung milihnya..
Suasananya sejuk dan menyenangkan"
5,2023-06-15T13:44:15.900Z,Tubagus Hidayat Wijaya Kusuma,"Suasananya asri banget kanan kirinya sawah semua, menunya makanan jawa, harga terjangkau, tempatnya yang masih tema rumah jawa.. Mantapss.. Recomended deh buat nongkrong sama teman.. Jangan lupa mampir ke sini klo jalan ke jogja gaes."
4,2023-06-15T01:45:19.669Z,Trisca Fariana,"Makan prasmanan, banyak menu pilihan. Terlalu banyak tablet jadi agak susah untuk lewat. Ada kantong parkir dan ada shuttle motor utk antar jemput. Mushola dan kamar mandi bersih."
5,2023-06-14T16:03:32.320Z,Nika,"Masakannya rasanya enak, suasanya juga nyaman dan bersih tapi sayang harganya agak mahal ?? tapi bakal balik lagi kesini lain waktu ????"
5,2023-06-14T04:48:36.130Z,Dian Pribadi,"Item menu tradisionalnya variatif...
Wedang jahe serenya n kopinya muantabs..????
Tp sayang agak sempit ruang makannya..."
4,2023-06-12T11:12:57.565Z,Ayu Hapsari,"tempatnya nyaman syahdu bgt krna di samping sawah2, untuk makanan rasanya ya udh gitu aja enak tp gk sampe yg enak bgt. jenangnya yg enak poll, untuk harga tertera 13rb nasi + sayur, tp trnyta kalau ambilnya agak banyak dihitung sendiri2 (saya makan nasi + mie soun dihitung mie sendiri, nasi sendiri)
anak saya makan nasi, mie + telur pun di hitung nasi sendiri, mie sendiri + telur sendiri.
di nota tulisaanya ""mie banyak"" ??

ujung2nya jadi mahal sih untuk makanan prasmanan kayak gini. better ke kopi klotok krna mau makan sebanyak apapun sayur + nasinya ttp di hitung sama, rasanya juga lbh khas di kopi klotok."
5,2023-06-12T07:23:35.293Z,Dewi Sasrika,"Sensasi makan lodeh, tumis kikil dan minum wedang khas Pawon Gito, sambil memandang hamparan sawah yg menghijau.
Yg sdg berlibur di Yogya, sempatkan utk makan disini.."
5,2023-06-11T22:03:06.066Z,Artiningsih Artiningsih,"Ambil makan sendiri model prasmanan. Harga satu jenis nasi dan sayur  per person 13k, belum termasuk minum dan lauknya. Harga lauk bervariasi sekitar 8-20K. Biasanya kalap sih, jadi bisa ambil 3 lauk. Rasanya enak memenuhi rasa nostalgis masakan Jawa. Pemandangan sawah di sekitar jadi poin plus"
5,2023-06-11T05:18:07.654Z,mba Ella aja,"Langganan kesini sejak bbrpa tahun lalu... Kondisi skrg semakin bagus dan ramai sekali... Tempatnya estetik dan luas...ada kolam ikan di bagian belakang dan masyaAllah...tempat ini memiliki mushola yg sangat bagus dan indah.. lokasi agak masuk tapi pas sampe rasanya nyaman sekali...untuk kumpul keluarga, sahabat dan arisan sangat cocok .. makanan yg disajikan jg enak dan cepat . Pelayanan ramah dan spot untuk foto2 juga banyak... Harga jg cukup terjangkau dan rasa makannya enak ..."
5,2023-06-09T12:54:21.192Z,Hasni Yana Fajria,"Pilihan makanannya banyak, tempatnya jg bersih."
5,2023-06-07T16:20:46.366Z,Yoyok Langgeng,"Jika Anda mencari perpaduan makanan Jawa dan suasana Oldies. Maka ini adalah tempat terbaik di area tersebut. Menawarkan berbagai macam makanan, dan layanan terbaik. Sangat direkomendasikan."
3,2023-06-07T12:43:59.243Z,Suparmanto,"Lokasi ini ditengah persawahan dengan dengan sajian kuliner didukung udara yang segar, namun sayang untuk parkir roda empat kurang memadai."
5,2023-06-07T11:21:30.949Z,Dapoer Juani,Kopi ndesonya uwenak
5,2023-06-07T06:13:16.125Z,Dolan Dolan,"pawon mbah gotp, kalau sabtu dan minggu rame cuy, tapi tempatnya mantab pinggir sawah dan udaranya sejuk"
5,2023-06-06T18:05:02.847Z,ryan mubaraq,Makanan yang menenangkan untuk keluarga
4,2023-06-06T08:47:48.656Z,Iis Nurhasanah,Tuk mknan bnyk menu yh gk cuma lodeh dan telor dadar aja..hehe..cemilan dan mnman jg bnyk ko..dkt bgt dr kota jogja 30mntan..sopt buat foto yg ok ttp dkt sawah ??
4,2023-06-06T00:58:29.578Z,febrianto kurniawan,"Semakin berbenah, baik suasana, pelayanan maupun menu"
5,2023-06-05T13:28:07.641Z,Steven Yamin,Tempat makan murah di sekitar Kaliurang. Harganya pas di kantong dan makanannya enak enak. Bisa ambil sepuasnya untuk makanan tertentu. View nya bisa melihat hijau hijau persawahan. Mantap pokoknya
5,2023-06-04T09:32:32.911Z,sylvia piltzer,Nikmati semuanya. Sangat bagus
5,2023-06-04T05:19:56.347Z,ersad diaz,"2 kali mampir kesini, kopinya enaak! Suasana, makanan sm pelayanannya oke. Jd tujuan gowes jg asyik bgt"
1,2023-06-04T00:37:12.742Z,DOLANOFFSET MARKETING,Antri no 2 tapi sampe tempat minum penuh minum gak dateng2..udah tanya 3 x cuma suruh nunggu...karna anak udah kepedesan akhirnya minta langsung bawa sendiri 2 es teh..dan pesanan saya juga belum ada...Sampe bayar minuman saya juga belum ada...
5,2023-06-03T23:39:11.506Z,Theodora Ratri,"Makanannya banyak pilihan, rasanya juga enak, hanya saja dihalaman parkirnya parkiran cukup terbatas."
3,2023-06-03T03:24:08.640Z,Budi Cahyono,Uda jarang kesini karena harganya semakin mahal
5,2023-06-01T00:39:55.340Z,Lusi Kusumaningrum,"Lokasi tepi sawah kalau siang panas banget dianjurkan pagi atau sore biar ngga terlalu panas. Mushola, toilet bersih. Makanan rumahan menurut saya enak. Terima kasih"
5,2023-05-31T03:31:46.624Z,Wisnu dwi Prabowo,Sangat tidak biasa
5,2023-05-30T06:50:39.684Z,Redmi 10,Suasana pedesaan dengan pendopo yang semilir.
5,2023-05-30T05:13:35.163Z,Ade Nandika,Rasa masakan lebih te rasa. Tempat nyaman.
5,2023-05-28T12:01:14.810Z,Mohammad R. Pratama,"- Makanan -
Semua makanannya menurutku termasuk dalam spektrum enak. Kalo kita makan di sini pasti dibandingin sama Kopi Klothok, jadi harus aku sampaikan kalo dibandingkan Kopi Klothok, makanan di sini masih kalah dikit. Mungkin menang di variasi makanan dan minumannya yang banyak banget, mulai dari yg menu kampung sampai menu modern.

- Pelayanan -
Beberapa kali ke sini belum pernah sekalipun ketemu staf yg jutek. Semuanya ramah, peduli, dan mau ngejelasin dengan baik kalo kita tanya tentang menu makanan.

- Atmosfer -
Sekali lagi kalo dibandingin sama Kopi Klothok, aku relatif lebih suka di sini karena tempat duduknya banyak, nyaman2 semua, ada yg ""dekat dengan alam"", ada juga yang modern kayak di coffeshop gitu. Musholla nya juga luas dan bersih. Salah satu alasan aku sering balik lagi ke sini adalah atmosfernya ini mantap.

Overall, jelas aku akan balik ke sini lagi. Ya sebenernya selama ini juga lumayan rutin ke sini, sekitar 1-2x tiap bulan karena memang nyaman banget tempatnya."
4,2023-05-28T01:18:57.425Z,Dian Kumalasari,"View bagus, makanan oke, tempat sholat nyaman, tapi parkir sempit n tempat duduk terlalu dekat dengan yang lain"
4,2023-05-27T23:16:57.297Z,Rahma Yuni,"Makan dengan suasana desa yang khas.
Serasa di rumah dengan menu prasmanan."
5,2023-05-27T11:47:47.833Z,Untung Jawa,"Makanan enak, pelayanan prima, suasana menyenangkan"
2,2023-05-27T11:13:58.177Z,Reny Ramayanti,"Kl namanya diganti “resto” mgkin org yg dtg sesuai segmentasinya&siap membayar dg price yg lebih tggi, tp ini namanya “pawon”, yg mnrt sya hrganya hrsnya bs masuk utk smua kalangan .. aplgi trnyta rsa masakannya kurang kaya citarasa, di lidahku cm dominan rsa manis yg sangat menonjol..saya org jawa, cenderung suka masakan manis, tp rsa bumbu2 yg lain alangkah baiknya bs seimbang jg…
Dan 1 lagi.. Pesen 2 minuman, rempah&kopi… koq airnya ga ada panas ya? Cm air hangat gt…jd kurang nendang &josss nikmatnya…
Kesimpulannya antara harga yg dibayarkan&rasanya kyk ga sebanding gt lho..
Sukses selalu, Pawon Mbah Gito"
2,2023-05-27T10:11:32.774Z,Triyono Adi,Buat saya kemahalan.. Mungkin sya bukan segmentasi pasar mbah gito.. Hahhaa.. Dengan rasa yg sangat standar sekali.. Kopi ataupun wedang rempah enggak di sajikan dengan bener2 panas..  Mungkin ini jual tempat.. Buat para orang luar jogja mungkin oke2 saja.. Tidak mahal.. Tpi bagi saya mahal..
5,2023-05-25T07:26:19.959Z,SAF LEGAL PROPERTY,Saya suka mangut pari
5,2023-05-23T03:28:46.318Z,Yohanitta Sari Amalia Husna,"Rasa makanan enak, menunya bervariasi, suasana pinggir sawah jd nilai plus, tdk terlalu antre jd tetap bisa menikmati makanan dg santai, pelayanan parkir pun oke"
5,2023-05-22T07:59:19.457Z,eka Rahayuni,"Menyenangkan, makanannya juga lumayan enak.."
5,2023-05-20T12:38:19.174Z,Yovita Ardhi,"Makanan enak, suasana nyaman, tapi tempat parkir terbatas.
Mie jawa, singkong goreng, dan teh serai direkomendasikan"
4,2023-05-19T08:10:20.368Z,Lexi Kartika,"Utk menu prasmanan, konsepnya nasi sayur 1 harga. Protein akan dihitung per porsi (banyak sedikit harga sama). Variatif menu nya. Harga di atas rata2 utk menu porsian.
Layanan ok. Penyajian cepet.
Rekomen bakwan jagung."
5,2023-05-18T11:13:24.299Z,Muhammad Ridzal,"Coba resto ini untuk kuliner indonesia. Terletak di pinggiran kota jogja. Tempatnya dikelilingi sawah. Makanannya enak, ayam gorengnya yang renyah enak. Dan harganya sangat terjangkau. Tempat yang bagus secara keseluruhan."
5,2023-05-18T06:26:35.125Z,Clara Maureen,"Gak cuma tempatnya enak, makanannya juga enak!! Tempe yang diparut membuatnya lengket."
5,2023-05-18T06:12:20.135Z,Ilham Primadin Ardyansyah,"Pilihan terbaik selain Kopi Klothok yang rame banget. Di sini antriannya gak panjang. Makanannya makanan rumahan ala jawa, enak semua."
4,2023-05-17T23:55:34.351Z,Didid Hawaranca,Nyaman bagus enak suasana tenang
5,2023-05-17T10:01:09.543Z,Sri Mili,"Restoran bernuansa Jawa, menu dan tempatnya. Aneka menu prasmanan khas masakan rumahan dan menu Ala Carte. Tersedia juga aneka minuman, kopi, jus buah dan minuman rempah. Suasana adem dan syahdu seperti di desa, kanan kiri masih sawah produktif, didukung bangunan tradisional Jawa menambah lekat dengan rumah simbah tempo dulu. Lokasinya di pinggir jalan, tersedia parkiran cukup luas. Pelayanan cepat dan ramah.  Rekomended untuk makan bersama keluarga, makan sendiripun tetap terasa nikmatnya."
5,2023-05-17T08:07:29.598Z,Mami Jati,Ternyata mahal juga
5,2023-05-17T05:14:41.062Z,Catur Rangga,Makanannya enak.
4,2023-05-15T13:40:33.258Z,adi suwito,"Satu lagi hidden gems kuliner tradisional Jogja di area Jakal, Sinduharjo yg recommended. Makanan minuman enak semua, layanan ramah, tempat santai utk keluarga. Cuma akses jalan masuk msh belum mulus?? krn jalan pedesaan tepi sawah"
4,2023-05-15T00:25:30.156Z,Didid Supramono,Murah enak suasana tenang alami
5,2023-05-14T15:51:21.566Z,RYU HANS,Jossss... mreneo
5,2023-05-14T04:03:00.874Z,ihsan fadli,"Oke mantab
Selilir adem"
5,2023-05-13T13:31:00.055Z,Sri Yaniati,Tempatnya nyaman makanannya cocok diselera...jawa bgt...masakan rmhan bgt...endooz lah pokoknys..harganya tdk mengeringkan kantong...jooss pokokmen...
5,2023-05-13T06:42:35.614Z,Johan Wijaya,tempat keren selain tempat fave lainnya di jogja. akses mudah.
5,2023-05-12T12:00:32.287Z,subki rifai,Tempat terakhir sebelum meninggalkan jogja. Salah satu tempat favorite tentunya
4,2023-05-12T06:04:46.078Z,Bledrik,"Penataan tempat makan terlalu padat, orang lewat jadi susah.."
5,2023-05-11T14:55:06.262Z,Mrs. Rara,"Viewnya bagus, memandang sawah sambil  makan itu bikin semua makanannya jadi enak ;) Suka mendoan dan mie godognya. Musholanya bagus, kamar mandi dan tempat wudhunya bersih. Ada do'a masuk kamar mandi diatas pintu dan do'a berwudhu di tempat wudhunya. Pas adzan pegawai2nya pada bergiliran sholat. Semoga sukses dan berkah selalu."
5,2023-05-11T13:52:56.745Z,Waseza Channel,Pisang goreng seporsinya banyak bangett ??
5,2023-05-10T12:20:16.741Z,rini permatasari,Nyamaaan
5,2023-05-10T01:42:45.426Z,Maya L Irawan,Recomended
3,2023-05-09T09:15:36.325Z,toni rahadinoto,"tempat:  suasana nyaman karena kanan kiri ada sawah, melewati jalan kecil.

makanan: menunya makanan khas rumahan ada jg menu lain spt nasi goreng dan bakmi. Rasa masakannya enak tapi tidak yang spesial, bahkan saya mendapati sehelai rambut di makanan saya.

pelayanan: staffnya ramah dan sigap."
5,2023-05-08T09:09:33.353Z,Abby,Enak makanan nya Serba ada
5,2023-05-07T06:36:17.518Z,Betty Elmahmoedy,"Selalu betah berlama2 disini... makanan lengkap, minuman oke n musholla n toilet. Rekomendasi tempat makan mulai dr Sarapan sampe makan malam. Bersih, pegawai gercep, sopan... Semoga Berkah buat semuanya."
5,2023-05-07T06:20:35.714Z,Wahyu Roossi Ningsih,"Makanan enak, menu sayur & lauk bervariasi...bubur mantap, mangut lele & manyung joss...suasana teduh, nyaman, menyenangkan....tapi sayang parkir yang di depannya sempit, terus dapat parkiran jauh banget...jalan kaki kita hehe"
5,2023-05-05T11:53:23.329Z,Hamima Nur Hanifah,"kalo nyari tempat mam yg menunya masakan rumah dan enak dan bisa buat dudukan sambil ngobrol2 atau sambil mam gorengan dgn view mewah alias mepet sawah, di sini mashookk sihhh!"
5,2023-05-05T11:03:52.262Z,eko suprijadi,Suasana di persawahan menu yg enak n suasanax mendukung tuk menikmati setiap waktux
5,2023-05-02T10:03:14.952Z,Reda Pahlevi,"Ndeso bgt tp berkelas,,
Dr segi rasa serasa masakan minuman hotel bintang."
5,2023-05-01T09:14:17.016Z,Dzar Aliahmad,Nenek izinkan aku putu ne ngadem... nenek hebat...
1,2023-05-01T02:55:43.996Z,Osebral Nazwar,"Pelayanan cepat
Suasana syahdu dekat sawah
Asik lah"
3,2023-04-30T12:11:55.335Z,Anung Jaylani Firmansyah,"tempatnya fancy tapi maksain, saya melihat konstruksi nya keliatan sangat menekan budget, dan bangunan seperti dibagian paling belakang itu sebaiknya tidak untuk digunakan dalam jangka panjang. menu banyak dan khas dengan daerahnya, rasanya enak dan pelayanannya bagus ketika saya kesana dapet feel profesionalnya dan sekelas pelayan seperti itu harusnya diberi pokok dan tunjangan yang layak sekalipun anak magang??"
5,2023-04-30T09:14:41.588Z,Johanes Jo,Cuma parkirnya agak jauh
5,2023-04-30T02:36:05.294Z,annisa sarah,love bgt sama vibe tempatnya. makanannya ga sempet kefoto saking laper & enak mangutnya ???? paling enak ke sini pas gerimis gitu karena syahdu aja ngeliatin hujan sambil makan enak ?
5,2023-04-27T11:55:26.308Z,Lilik Santoso,"Menu pedesaan, lauk tergantung dari seberapa yg kita ambil, sedikit, seporsi, 2 porsi .."
5,2023-04-27T10:34:27.214Z,Arief Wicaksono,"Harga masih masuk akal, pemandangan sawah dan merapi yang sedang mengeluarkan asap"
5,2023-04-27T07:50:47.962Z,dickqpratama,"Underatted banget. Why must be kopi klotok? kalau ada pawon mbah gito. Ini aseli enak banget sih.

Saran dan masukan cuma di sop sayurnya kurang ngaldu, asin gurihnya gak nampak. Kelapa muda harusnya sedikit ditambah gula cair. Atau kasih opsional ontheside biar gak polos polos amat rasanya."
5,2023-04-27T04:11:26.041Z,Dony,"Suasana asik dan menenangkan, dekat dengan sawah. Menu makanan beragam, kualitas rasa sudah cukup baik.."
5,2023-04-26T08:59:26.968Z,Wiga Wigatiningsih,"Enaaak, rame bgt pa lg ramadhan.
Rekomendasi: bakmi godog,
Tukang parkirnya perlu diperhatikan kendaraan keluar masuk biar ndak tubrukan"
5,2023-04-26T07:04:19.222Z,Gründer Gesellscahft MkII,Bintang 5 karena kenyamanan dan kenikmatan baik layanan maupun makanan dan minuman sehingga cocok untuk keluarga. Parkir memang terbatas namun sebenarnya dekat dari rute Teman Bus Jogjakarta.
5,2023-04-26T04:09:09.719Z,Wulan Danirmala,"Walau rame tapi tetap nyaman, apalagi untuk makan bersama keluarga. Menunya juga enak -enak."
5,2023-04-24T07:50:50.320Z,Akbar Aditya,"Menunya beragam, rasanya ??, luas juga tempatnya memanjang ke belakang n sejuk suasananya"
4,2023-04-24T05:42:37.788Z,Boby Satrio,"Makanan ok banget, hanya parkirnya kadang agak sulit jk tdk beruntung jadi parkir sedikit agak jauh"
4,2023-04-18T22:10:30.704Z,Hety Purwanti,"Untuk rasa makanan & minuman sudah cukup pas bgt, cuma sayang di tempatnya yg Deket sawah ada pohon yg banyak ulet bulu nya ?? mungkin Krn sy phobia ulet bulu"
5,2023-04-16T15:35:53.181Z,Sri Redjeki,"Baru tau banget tempat ini!
Atmosphere duduk di tepi sawah sambil minum kelapa muda.. mantep banget, angin sepoi-sepoi, nyaman

Ada mushola, ada coworking space/meeting room 150rb an/jam

Makanan prasmanan kearifan lokal yang 13rb dapet lauk & sayur..

Enak semua!! Cocok buat keluarga"
5,2023-04-16T12:49:03.772Z,Akihiko Yus,Maaannttaaabb sekali...????????
4,2023-04-13T13:39:56.106Z,John Ambar,Tempat parkir krg luas klo pas rame..
4,2023-04-11T14:12:36.836Z,Firli,"Pelayanannya ramah
Terus pertahankan yaa"
1,2023-04-11T12:01:10.964Z,Iwan Suharyanto,"Makanan semua oke, begitu keluar parkir motor ditarik 5rb.. waaoowww merintih honda beat ku.."
3,2023-04-11T08:17:44.152Z,Zero Adi,"Tempat nya enak vibe nya, lokasi nya yg enak but utk food nya biasa sadja cuman banyak varian nya
Klau pas puasa utk bukber harus reservasi
Minuman nya juga lumayan banyak varian
Klau service nya sorry to say banyak yg tidak peduli pada saat ditanyakan jawaban nya cuman ""wah bukan bagian saya pak, coba tanya bagian yg bersangkutan saya gak tau"" cus hilang"
5,2023-04-10T14:07:46.102Z,Chandra Nirmala Jati,nyaman adem krn pinggir sawah
1,2023-04-09T11:59:09.991Z,Indah dewi Sagita,"Mahal2
rasanya ga sesuai dengan harga
Kelapa nya tua
Kwetiaw nya dkit bgt harganya 26rb
Donat 3 biji 27 rb itupun keras rasanya tepung doang dlm donatnya masih mentah
Tolong perbaiki masakan nya lg"
5,2023-04-07T12:21:35.460Z,Almas Bila,"Bukanyaaa pagi  06.30. Kalau ke yogya pasti mampir buat sarapan disini. Suasananya nyaman. Sekarang parkirnya mudah. Akses jalan kesana mudah dijangkau dari jalan utama kaliurangnya. Rasa makannnya enak, khas makanan rumahan, mengenyangkan, variatif, minumannya banyak pilihannya. Buburnya enak banget ngenyangin buat sarapan kalau tidak ingin makan berat. Dimsumnya juga oke. Pelayannnya ramahh"
5,2023-04-07T11:42:24.144Z,Adian Marhaeny,Ramesannya komplit enakk mantap
5,2023-04-06T04:22:17.391Z,retno widuri,"Tempatnya bagus .. bersih ..
makanan tradisional jawa dengan sayur dan lauk yg komplit banget ..
snack juga komplit .. semacam pisang goreng .. mendoan .. donat dll ..
ada juga aneka jenang tapi hanya tersedia sampai jam 4 sore ..
oh iya ada juga aneka mie jawa di menu sore .. bakmi rebus .. goreng .. nasi goreng dan magelangan ..
Minuman tradisional jawa juga ada seperti teh jahe .. teh sere .. dll
Pelayanan ramah dan rapi berseragam
Pokok nya asik di sini untuk yg suka makanan tradisional jawa .."
4,2023-04-05T11:35:14.869Z,Rully W,"Salah satu tempat kuliner hits di Jogja. Lokasi mudah ditemukan. Dekat dengan dengan jalan Kaliurang, masuk tidak begitu jauh.
Jika kesulitan menjangkaunya, bisa menggunakan jasa ojek online untuk tiba sampai di sini.
Rumah makan ini dikelilingi oleh hamparan sawah yang menghijau menjadikan bpengunjung betah berlama-lama menikmati suasana alam.
Meski siang hari sangat terik, tetapi tidak terasa panas saat makan siang di sini, karena rindang jadi asri dan sejuk.
Ada banyak spot foto yang bisa digunakan, meski sebenarnya itu adalah tempat untuk menikmati makanan dan pemandangan.
Rumah makan ini menyediakan aneka masakan tradisional Jawa. Makanan yang disuguhkan model prasmanan, tetapi ada juga beberapa masakan yang bisa dipesan baru dihidangkan.
Teh nya sedap dan nikmat.
Untuk makanan memang yang disajikan adalah makanan keseharian, menu rumahan.
Untuk harga jual, biasa rata-rata pada umumnya.
Disediakan mushola bagi yang ingin menunaikan ibadah sholat bagi kaum muslim."
5,2023-04-04T12:46:02.759Z,Aditiya Nugraha Jati,"Bagus banget bintang 5 ini, besok kalau bikin baju seragam merchandise lagi ke Kazuma Clothing gan, salam buat adikmu Bertha mas bintang, salam dari temanmu hehe"
3,2023-04-01T12:28:17.479Z,Angger Maulana,"Tempat nyaman dan aman, cuman 1 yang bikin sebel. Management parking yang absurd menurutku. Kalo weekend/ jam buka puasa mending pikir2 lagi kesini bawa mobil..kalo gadapet parkir didalem, akan diarahkan parkir di sekitar lokasi, dan bisa disuruh pindah. Karena kantong parkirnya cuman jalan buat 1 mobil, dan diparkir paralel. Ribet suruh pindahin mobil 2 kali, mana lg makan."
5,2023-03-30T04:09:09.310Z,Fahreza,"Konsepnya seperti RM Jawa, pilihan makanannya juga banyak dengan view persawahan. Cocok buat sarapan pagi setelah gowes"
5,2023-03-27T12:53:05.955Z,Ardy Prasetiyo,"rekomendasi banget buat keluarga, nyaman banget masakan rumah juga mantep sihh sering banget makan disini sama temen2"
5,2023-03-23T11:25:57.687Z,Yudhi Kristianto,"Tempat mkn yg rekomendasi utk keluarga. Pelayanan ramah harga wajar, pemandangan baik buat healing"
5,2023-03-23T01:32:16.199Z,Tukang Review Semarang Selatan,Underrated. Lbh enak dari kopi klotok
4,2023-03-17T10:00:30.752Z,Fita Emilia Rahmawati,"Good ambience
Musholla bersih, nyaman
Makanan standart
Harganya agak pricey"
5,2023-03-16T15:24:17.430Z,AW Muhammad,"Warung makan dengan masakan tradisional...
Masakanya enak....
Tempatnya syahdu pelayananya juga bagus...
Harga mulai 10k
Bisa digas cocok pas sama keluarga...
Tempatnya nuansa joglo joglo gituu deh...."
5,2023-03-13T00:52:08.399Z,Dimas Adianto,"Tempat makan Prasmanan khas jogja dengan tempat yg sangat homey, pendopo yg dikelilingi hijaunya sawah.

Pilihan menu makanan dan minuman sangat lengkap dengan rasa yg enak."
5,2023-03-11T05:09:10.062Z,Misman Chambet Penggong,luar biasa
4,2023-03-10T15:04:32.068Z,Sukardjo D Suwarno,"Tempat makan cukup bersih, namun masih bisa ditingkatkan.
Toilet cukup bersih.
Dari ialan raya cukup jauh.
Citarasanya cukup lumayan. Harga makanan wajar. Harga minuman cukup mahal, perlu ditinjau ulang.
Pelayanan baik, petugas cukup ramah."
5,2023-03-10T08:28:16.523Z,dhenta ulung,"nyaman, dan terjangkau, cocok.."
4,2023-03-10T05:35:40.840Z,Tisa Zahro,Asri berhadapan dengan hijaunya pesawahan
4,2023-03-08T10:28:59.629Z,Winda Samantha,"Makanan dan pelayanannya OKE, cepet dan ruamahh ?? konsepnya sebenernya tradisional nanggung hehe.. soalnya aga kekinian juga

Mungkin kalo piring dan gelasnya kaya seng jadul gitu dan musik backsoundnya ala jawa bakal tradisional banget"
5,2023-03-08T05:09:02.021Z,Enggar Rimbie P.,"Makanannya lumayan enak, suasananya jawa banget dan view sawah juga. Okelah buat kumpul bareng teman2 ??"
5,2023-03-06T02:30:30.131Z,danymarcelo,"Suka sekali dengan resto ini. Berasa dirumah simbah.
Tempanya adem dipinggir sawah
Restonya bersih
Makananya prasmanan menu jawa yg banyak banget pilihannya
Harganya masih terjangkau.

Cuma parkirannya tidak terlalu luas :(

Overall kalo ke Jogja, harus wajib kesini"
5,2023-03-05T13:13:30.611Z,Ninin Tjahjani,Sensasi makan di pinggir sawah... Enak rasanya nyaman suasananya ...
5,2023-03-05T10:33:36.637Z,Doni Pradana,"Nice place
Cozy
Enak kalau sore"
3,2023-03-05T05:18:39.475Z,Vitria,"Terlalu ramai. Bukan tempat yang ramah kursi roda. Tempat parkir tidak cukup.
Kami akhirnya tidak makan siang di sana ????"
5,2023-03-05T02:48:32.205Z,dwi Ario Sasono,"Sempurna, datang pagi, lebih cepat"
5,2023-03-04T05:47:35.113Z,Edhi Permana,Asik utk nongki sambil nikmati udara jogya
4,2023-03-04T00:58:02.187Z,yuven aditya,"Makanan cocok di lidah, dengan suasana desa yang menyegarkan di pagi hari"
5,2023-03-01T15:39:52.690Z,Iswati Efendi,"Masakannya pas. Tidak terlalu manis, karna masakan jogja biasanya terkenal manis.tempatnya nyaman sekali, ramah anak, makanan dan minumannya banyak pilihan nyaa..
????"
5,2023-03-01T14:49:40.883Z,Roro Dinar,"Tempat makan dengan nuansa Jawa, dan makanan yang enak serta murah"
5,2023-02-28T23:54:26.710Z,Uli Fadli,Masakan jawa uenaak naaan
5,2023-02-27T11:54:28.371Z,udin setiawan,"nyaman.. malem2 makan sama keluarga, ga ada pembeli lainnya.. serasa rumah sendiri..
tempatnya bersih, harga standar, rasa lumayan.."
5,2023-02-26T09:44:35.791Z,Irwan Kurniadi Subrata,Alami
5,2023-02-23T03:21:02.412Z,Wahyuning Prastiwi,"Ke sana baru sekali pesan nasi gorengnya. Enakkk, bumbunya jg pas. Kapan2 mau ke sana lagi nyobain prasmanannya. Pas sore ke sana prasmanannya jg msh lengkap dan byk pilihan. Suasana okee, ga perlu dijelaskan dah keliatan lah ya sejuk. Restonya tuh panjang ke belakang gitu, jd bukan lebar. Oke kok. Di belakang msh panjang gitu, aku ga sempet ke belakang, cuma duduk di bagian depan aja. Yg jelas bakal balik lg sih. Semoga ttp memuaskan."
5,2023-02-21T11:27:10.086Z,Resep Nkong,Cuma saya sarankan perokok kasih menghadap ke sawah.. Untuk dua joglonya buat keluarga yang tidak merokok.. Pas enak makan eh sebelah merokok... Terus asap ke kami... Padahal semua tau rokok pasif lebih berbahaya
5,2023-02-20T11:42:29.321Z,Widi P (Mas Widi),Produk makanan n minum "jelas". Suasa ok dan ada ruang khusus dan cukup private.
5,2023-02-20T07:54:59.283Z,Seno,Makanannya enak..pelayanannya bagus.. walau agak lama kalau rame...tempatnya oke.. kalau rame kelihatannya sempit...parkirnya agak repot....mungkin karena tukang parkirnya kurang...
4,2023-02-18T13:22:33.967Z,Emmanuel Chriswidiyanto Aryo Nugroho (Noel),"Semua makanan enak, Ambience mantab, pegawai ramah semua. Cuman yang membuat kecewa cuman 1, sebagai penikmat es jeruk nipis, es jeruk nipis ndeso disini hanya berupa 1 potong tipis jeruk nipis + air dingin + gula, tidak ada perasan jeruk nipis sama sekali."
4,2023-02-18T04:02:50.892Z,Prihatini,"Tempat enak dan nyaman, masakan beraneka macam menu tradisional, kalo rasanya biasa saja."
5,2023-02-15T22:51:02.074Z,Mario Maryono,Ini sangat bagus
5,2023-02-14T09:07:16.476Z,Nico Adi Surya,"Wajib ke sini, enak banget makanannya"
5,2023-02-14T06:59:41.968Z,Kristiawati Tri Utami,"Rekomended untuk makan bersama keluarga, makanannya enak prasmanan, saya suka lele mangutnya, view sawah"
5,2023-02-14T03:52:37.982Z,Christiawan Donnie,"Makanan mantap
Tempat dengan view sawah
Suasana mendukung

Habis kenyang terus bikin ngantuk karena larut suasananya. Hahhaa"
5,2023-02-13T11:57:52.485Z,Bima Satria,nasgornya enak
3,2023-02-13T07:38:33.560Z,Monita Clay,"Sekel makan disitu penghitungannya ngawur..klo yg mkan berame2 mending dicatat sendiri  makanannya stndrt, tempat biasa, cuma ada buat kumpulnya lumayan luas, pelayanan rada kacau, yg pesan siapa yg dikirim siapa..dan saudara saya pesan katanya tidak ada pesanan trus sbntr keluar tapi TDK komplit, dan tertera ada pesanan.."
5,2023-02-12T15:31:38.347Z,Andi Mansyuri,"Resto nuansa alam, rasanya manteb"
4,2023-02-12T14:07:39.228Z,dyah puspitasari,"Baru sampai di sana bulan Februari 2023 besok, karena kata teman saya menu siang dan sore/malam berbeda.
Ya Allah sudah sore, bakwan jagungnya enak, pisgornya enak, singkong gorengnya biasa saja. Makanannya prasmanan dengan menu yang sangat luas, enak dilihat. Terakhir ambil lauk tempe gorengnya yang enak banget syekaleeeee... sate paru yang terlalu manis bagi yang tidak keberatan dengan manis dan kurang bumbu, enak gudeg tlor yang tidak terlalu manis, tumis daun pepaya yang manis-manis, silakan yang pahit, terong balado yang juga manis. Kayak rasa lidah jawa yogya manis banget..
Ada buburnya juga sayang, yang pastinya enak, ada juga dimsumnya, tapi aku gak mencicipinya karena lapar dan kenyang kalap gadoin bakwan jagung heheh

Note: cocoook buat kamu yang suka yang manis-manis ya sayang??"
3,2023-02-12T02:40:33.875Z,Muhammad Kurniawan,"Ksini karena penasaran, Dari rasa sama aja dengan tmpt makan konsep jawa yg lain, dari tempat lumayan aja, harga : mm...mahal!"
5,2023-02-12T00:59:34.622Z,harisa laraswatie,Pengalaman sarapan yang luar biasa
3,2023-02-11T12:14:02.315Z,128 Arriel Hilmar Febriano,Porsinya tinggi
5,2023-02-10T12:03:57.264Z,David Virgialdo,Makanan enak
5,2023-02-08T15:40:18.505Z,Iradat Rahadian,Makannya enak
5,2023-02-07T10:43:38.706Z,Laila Tiffani,"Dari mulai makanan, tempat, fasilitas, view bisa dibilang paket komplit. Udah enak, nyaman dan murah. Tapi memang harus sabar kalau datang di akhir minggu, tapi tenang tempatnya luas jadi aman yang bawa rombongan. Sukses terus Pawon Mbah Gito ????????"
4,2023-02-07T10:11:21.663Z,H4 DI,"Menu makanan khas masakan rumahan, prasmanan ambil sendiri, menu banyak pilihan, ada gudhek, asem"" lodeh iwak pee tempe bacem tahun n masih banyak lg, suasana khas rumah joglo zaman dlu, dengan pemandangan persawahan,"
5,2023-02-06T00:56:25.196Z,Romeo Graphy,"Tempatnya memanjang ke belakang dengan berbagai macam seting yg berbeda. Ada yg indooor di dalam bangunan dengan konsep rumah tradisional Jawa yang terbuka lebar pintu & jendelanya ada juga indoor dgn bangunan dinding kaca sehingga memungkinkan melihat pemandangan yg luar. Spot makan outdoor ada yg ala kebun, gazebo & juga teras. Semua spot terasa segar karena sirkulasi udara yg sangat baik. Mushola & toiletnya jg bagus.
Penyajian ala prasmanan dgn pilihan menu yang sangat banyak. Setelah memgambil makanan kemudian ditunjukkan ke kasir, pesan minum & diberi no meja. Minuman diantar ke meja pelanggan. Masakan enak & harga sesuai. Untuk gambaran saja, kami menghabiskan 210k utk 4 orang utk makan, minum, snack & nambah minum 3x. Bisa juga nambah makanan sesuai permintaan & nanti akan diantar.
Secara umum saya suka dan akan kembali 2-3x lagi utk mencoba menu yg berbeda."
4,2023-02-05T14:29:23.406Z,Herinda Primasiska,"Ada sedikit masalah tentang cari tempat buat duduk, awalnya direspon kurang baik dengan salah satu karyawan.. tapi kemudian cepat ditanggapi owner.. dan mereka langsung minta maaf.."
5,2023-02-04T10:59:56.882Z,Dhifa Azzahra,salah satu tempat favorit keluargaku di jogja<3
5,2023-02-03T07:23:05.170Z,Teguh Setiyawan,"Juara nih tempatnya, kalau mau nyari suasana makan dengan tema persawahan, ajib tempatnya, menunya banyak, bikin ngiler semua, kudu nyoba juga ikan mangut nya....."
5,2023-02-03T04:33:35.498Z,Luqmant0 Prastyo,"Rasa enak, vibes cafe modern dengan suasana perdesaan"
5,2023-02-02T02:48:56.587Z,Tita Hyani,"Makanan enak ??????, minuman aneka wedangnya juga ok.

Sayangnya kami tidak bisa menikmati suasana sekitar karena malam hari. Kalau siang pasti view sekitar ok bgt."
5,2023-01-30T07:05:34.784Z,Glend Engko,"Makanannya Enak.
Harganya Standar."
5,2023-01-29T06:08:11.811Z,Puguh Bintang,"Masakannya enak ala rumahan, tempatnya apalagi, nyaman dan tenang dengan view tepi sawahnya. Tapi kalo parkiran depan sudah penuh, agak jauh parkir di selatan restonya"
4,2023-01-28T22:48:07.233Z,marcus smith,Lumayan
5,2023-01-26T10:40:23.051Z,Budi Haryono,"Masakan khas ada,minumannya seger"
4,2023-01-24T13:00:39.982Z,Livia Oktantia,"Harga standard, bakmi godog 26rb, Tempe mendoan isi 4, Pisang gorengnya fresh baru digoreng.
Tersedia juga menu makanan rumahan.
Pemandangan sawah, suasana sepi. Dibandingkan kopi yg rame bgt itu, ini boleh lah jadi alternatif nya. Karena sepi jadi lebih bisa menikmati suasana."
4,2023-01-23T14:31:01.262Z,BUDI Mulyono,"Suasana alam pedesaan yang Asri , di kelilingi sawah yang menyejukan mata , makanan murah meriah enak apalagi minumannya , semuanya enak poll...
Sukses terus ya... ??"
5,2023-01-23T10:40:49.296Z,oki nugroho,Makanannya uenakkk
5,2023-01-23T02:20:15.487Z,Septiawan Saputra,"Paket komplit. Konsep prasmanan, makanan yang enak, layanan yang ramah, dan suasana yang menyenangkan."
4,2023-01-22T16:04:26.862Z,Aruel Guttural,"perlu di konsep ulang masalah pengambilan menu, antrian terlalu panjng dan lama"
5,2023-01-22T12:59:50.237Z,ayu,"Pilihan menu makanannya banyak dan enak. Pisang gorengnga endulita.. Lebih senangnya lg, kalau sedang rame banget pelayan berusaha banget untuk mengatur sebaik mungkin agar tamu mendapatkan tempat, jadi walau ngantri kita merasa dilayani. Berkah dan sukses selalu pawon mbah gito"
5,2023-01-22T06:07:52.650Z,TRI BUDI SETYANTO,"Sangat recomended buat kuliner...
Masakan kampung yang sudah sulit kita temukan ditempat kuliner lainnya"
5,2023-01-20T08:06:22.959Z,Afrizal Bimantara,"Suasana yang bagus. Cuma akses jalan disini, jalannya jelek sekali. Jalannya berlubang"
5,2023-01-19T08:43:32.792Z,Septianus Gunawan Susanto,Makanan rumah dengan atmosfer sawah dan rumah Jawa yg kental. Bisa pilih sendiri. Recommended buat bersantai dan tidak terburu2. Rasa enak. Harga makan dan minum utk 7 orang sekitar 200 ribu sudah dijamin kenyang.
5,2023-01-19T01:18:42.950Z,Ainun Safitri,Mantap semuanya nikmaaat puas sekaliiii
5,2023-01-18T04:44:08.469Z,ikan kecil,Salam selancar dari pantai selatan jogja
5,2023-01-16T12:19:38.483Z,Agung Restu Mudjiwibowo,Makanan menu rumahan... serasa makan di rumah.. enak..
5,2023-01-15T16:23:48.434Z,Riza Utami,Padahal pemandangannya bagus. Tapi sayang pas kesana pas ujan deres. Hiks
3,2023-01-15T16:03:52.426Z,Yuli Mulyani,Masakan rumahan yang enak
5,2023-01-15T07:54:19.151Z,Mommy Hawaindhiya,Terlalu banyak
5,2023-01-15T07:19:58.603Z,Krishna Handoyo,"Tempatnya ok banget buat dine in. Tapi lebih recommended untuk tempat sarapan. Suasananya asik banget dengan pemandangan sawah, jadi udaranya seger banget. Untuk makanan nya prasmanan masakan rumahan kayak lodeh, orek tempe, baceman, dll.
Buat yang ga makan nasi, tersedia juga bubur2an.
Untuk minum rekomended teh tubruk nya. Mantep bgt buat healing.
Untuk harga juga sangat reasonable dan affordable.
Sayangnya untuk parkirannya gak terlalu luas, jadi klo udah ga kebagian tempat parkir, mesti parkir agak jauh.
Tp overall, ini tempat recommended banget."
4,2023-01-15T06:21:25.815Z,Alveri HMW-junior,"Prasmanan system, bentuk tanah memanjang around 10m x 100 m...."
4,2023-01-14T12:42:58.808Z,Tuti Gunawan,Enak
5,2023-01-14T09:05:57.626Z,Ade Syah Lubis,"Pilihan minuman dingin, kekinian, maupun minum panas dan tradisional yang nikmat. Berbagai cemilan ringan untuk menemani obrolan santai. Tentunya pilihan menu makanan berat yang sangat lengkap dengan selera Jawa namun juga beberapa pilihan pedas. Suasana sawah yang syahdu dijamin bikin betah..."
2,2023-01-14T05:55:55.973Z,Ratna Dwi Puspita,Pilihan makanannya banyak.. tapi semua makanannya cenderung manis ppuuoollll
5,2023-01-12T15:07:14.168Z,rien anisa,Banyak spot fotonya tempatnya nyaman luas
5,2023-01-12T02:13:26.034Z,Heyru,"1. Tempat menyenangkan sekali jauh dari keramaian
2. Makanan lumayan berasa
3. Andai pisang goreng dan kopi itemnya mirip kopi klotok.. pasti makin ramai."
3,2023-01-11T11:34:59.916Z,steven killala,Menu yg cukup memuaskan serta pelayanan yg ramah.
3,2023-01-11T03:13:45.487Z,QiuQiu 999,"Resto ini bukan berada di pinggir jalan raya, tapi harus masuk ke jalan desa. Area parkirnya terbatas apabila penuh harus parkir di area yang jaraknya sekitar 100meter dari resto. Gunakan gmaps akan sangat membantu. Menu makanan nya prasmanan dengan beberapa varian. Mayoritas rasa makanan oke, dengan harga middle up. Cuma sayang ketika mau masuk ke toilet ada tulisan wajib melepas alas kaki, bagi saya ini sangat tidak nyaman!!! Pihak resto harus memahami apabila ada penyakit yang bisa ditularkan melalui air seni dan tinja sehingga akan riskan apabila kita harus melepas alas kaki apalagi di toilet umum bukan pribadi. Apabila pihak resto merasa keberatan atau takut toilet nya kotor akibat dipakai tamu resto, maka lebih baik ditutup saja toiletnya. Ingat kita mau masuk ke toilet bukan masuk ke tempat ibadah sehingga wajib lepas alas kaki!!!"
5,2023-01-10T14:32:04.414Z,Farihah Wahidati,Ga bosen kesini..
5,2023-01-10T07:29:56.676Z,APRILIA HIDAYAT,"Tempat makan pinggir sawah yang okey banget.
Temparnya bersih, pilihan makanan banyak banget... menu makanan khas jawa banget..
Pelayanan yang ramah.
Kamar mandi bersih.
Mushola nya cantik, sejuk dan bersih banget.

Makan sambil memandang sawah."
4,2023-01-10T00:57:23.944Z,Sidik Ariyanto,"Staf pelayanannya ramah dan baik, untuk menu makanan lengkap, dari oseng daun pepaya, mie, telur dadar sampai bacem,

Sate nya terlalu keras menurut saya, mungkin kedepannya bisa di improve, / memang resep nya seperti itu, overall bagus 4.5"
4,2023-01-09T06:25:30.642Z,Joko Sunowo,"Salah satu destinasi kuliner di jogja yg menawarkan konsep pedesaan / etnik modern, bersih, ada indoor maupun outdor yg tdk bgt asri tp masih nyaman untuk kumpul2 makan sambil bercerita.

Menyajikan menu2 rumahan secara prasmanan dengan berbagai pilihan lauk dan sayur  serta beberpa jenis minuman.

Pelayanan yang ramah, hanya kl pas rame pengunjung agak susah parkir nya krn tdk bgt luas."
5,2023-01-09T06:19:29.567Z,Nima Zharfan,"Makanan murah, tempat bagus, tempat bagus. Alhamdulillah"
4,2023-01-08T11:13:16.247Z,anysia ashari,"Pawon mbah gito salah satu tempat makan dan untuk menikmati suasana sejuk di jogja yang sering dikunjungi keluarga saya dengan menu makanan dan minuman tradisional.

Makanan yang disajikan sangat banyak dengan sistem prasmanan kemudian ditulis di kasir masakan yang di hidangkan sangat enak pisang goreng juga enak. Tetapi menurut saya lumayan pricey ya untuk kalangan mahasiswa kecuali kalo sama ortu bolehlah hehe ??

Pelayanannya sangat baik pegawainya ramah tetapi dari segi kebersihan di bagian toilet tolong selalu disediakan tisue untuk mushola cukup besar dan bagus. Tempatnya juga luas sampai kebelakang.

Tidak menyediakan reservasi karna kemarin pas telfon mau reservasi malah langsung di suruh datang saja dan menepati kursi yang kosong, mungkin karna ramai dan weekend. Lahan parkir cukup untuk beberapa mobil saja dan selanjutnya di arahkan ke bagian selatan dan cukup jauh untung bapak satpamnya baik ngasi tebengan buat ke lokasi parkir yang di sebelah selatan ??"
5,2023-01-08T07:51:03.600Z,Abraham M A,Benar-benar enak dan beragam makanan dan minumannya. Suasananya sungguh nyaman dan homey.
5,2023-01-08T01:25:49.083Z,Dayu Saraswati,"Wajib banget kesini
Tempat, makanan dan pelayanannya ok"
5,2023-01-07T13:53:05.969Z,daru maya,"rasa makanan OK, pilihan cukup banyak masakan jawa, suasan bagus, tempat bagus bersih dan nyaman"
5,2023-01-07T07:59:57.142Z,Audrey Nareswari,Petugasnya banyak sekali..
5,2023-01-07T04:10:59.353Z,anggah permana,"rasa yang kuat, suasana tenang dan sejuk, harga murah dan semarak"
5,2023-01-07T01:56:16.803Z,Ade Anggraini,Datang ke sini hari ini hanya untuk mengambil segelas es Kopi Nira dingin. Lembut tapi ringan. Enak sekali!
5,2023-01-06T01:58:59.352Z,Anna Wulandari,"Tempatnya mudah ditemukan dgn google maps..

Begitu masuk, disuguhkan pemandangan yg asri dan sejuk..

Makanannya model prasmanan, bisa ambil sendiri. Sayurnya dihargai satu harga, yg dihitung lauknya. Ada juga bakmie Jawa, nasi goreng Jawa dll..

Minumannya ada es dawet, es kopi dawet. .

Yang terpenting, kamar mandinya bersih dan tempat sholatnya bersih juga.."
5,2023-01-05T20:05:05.900Z,Dilianto Iswahyudi,"Masakan Jawa di tengah sawah dengan suasana yg nyaman. Makan ambil sendiri/prasmanan dengan banyak menu dihidangkan disini seperti sayur lodeh, gudeg, oseng pare, masakan mangut, ikan pari asap yang disayur dengan Lombok ijo, oseng usus, kering tempe, bihun goreng, mie goreng, ayam goreng, sate ayam bakar dengan sambal merah, oseng kikil, telur, tempe, ayam goreng, dan banyak lauk yang lain, tidak ketinggalan kerupuk dan  ada dimsun, minuman lengkap dari jus sampaik kopi. Konsep Rumah makan Jawa dengan perabot banyak yg model dulu. Rumah makan dengan menu yang rasany enak dan murah...., Rekomended"
5,2023-01-05T02:32:50.212Z,Thats Puipui,"PELAYANAN RAMAH, BERSIH , PRASMANAN BANYAK PILIHAN MURAH MAKANAN ENAK GA SALAH JAUH JAUH DARI TASIKMALAYA KESINI."
4,2023-01-04T23:22:56.106Z,Risang Aradea,"Lokasi mblusuk. Parkir muat banyak.  Menu beragam. Tempatnya asik banget buat duduk santai menikmati pemandangan sawah. Perabot kuno. Beberapa meja oblak jadi agak serem naruh gelas. Rasa makanan oke, bakmi godognya keasinan. Sayang ada kucing sukanya naik2 meja kursi mau jilat2 piring. Bikin risih. Diangkat dipindah sm karyawan ttp balik lagi"
5,2023-01-04T04:54:27.620Z,Dewi Ratna puspita,"Donatnya juaraa,bikin canduu"
5,2023-01-03T09:46:12.173Z,Eka Rihandy,"Makan enak pinggir sawah.. Makanannya enak, harga tidak bikin ""Nani?!!!""."
5,2023-01-03T01:02:43.300Z,Fatma Yunita,"Tempat nya cocok buat keluarga dan ramah anak, makanannya juga enak, recommended banget deh"
5,2023-01-02T15:04:57.193Z,Iin Marlina,Tempat bagus nyaman..makanan enak peLayanan jg bagus..harga standard sesuai dg harga...mantab...
5,2023-01-02T04:15:43.297Z,Euis Nurfaridah,Tempat yang asyiik & nyaman buat makan berat atopun ngopi sambil ngemil karena semua menunya traditional food yg rasanya enak bgt wajib mampir klo ke jogya ya
5,2023-01-01T19:34:51.711Z,Nur Faiz Budiawan,"Makananan omahan jadul seperti dirumah nenek, dengan sambal ijo tetapi kufang pedas kalau menurut saya. Wedangannya enak. Untuk suasananya vibes sawah okee bangeet"
5,2023-01-01T09:57:38.833Z,Salmon Satrio,Tempat makan enak dengan pemandangan sawah yang bagus. Sangat nyaman dan harga terjangkau.
5,2023-01-01T05:47:38.352Z,Peter Oosterloo,"Makanan enak. Gaya prasmanan. Makanan Indonesia.
Tidak mahal"
4,2023-01-01T00:26:31.112Z,JAS Time (ayum),"Area parkiranya ada 2 lokasi ya, pas d resto & ke selatan dikit .. ambiencenya sawah segera ijo2 , bagian belakang lumayan luas dan bersih, nyaman untuk bermain anak2 .. menu makannya variatif, berasa pengen dimasukin piring semua, hho"
5,2022-12-31T14:48:38.250Z,Migra,"Tempat yang cocok untuk nongkrong bersama teman teman, pemandangannya sangat indah, saya makan bakmi jawa pmg dan enak sekali, porsinya juga banyak. Wajib sih kesini lagi"
5,2022-12-31T06:57:56.360Z,Sadono Yulianto,"Enak2 minuman, snack, makananne. Good pemandangan..."
5,2022-12-30T10:57:33.773Z,ben apik,Tempat rekomendasi makanan masih enak. Lumayan lokasi juga g jauh2 amat lah
5,2022-12-30T07:36:02.369Z,Hendro Windijaya,"Tempat nyaman, makanan berkualitas dan harga bersahabat
So far akan menjadi tempat bersinggah saat ke jogja.
Staff juga ramah2"
5,2022-12-30T07:05:24.402Z,Yohanes Agung,"Banyak pilihan makanan dan minuman, pemandangan indah, pastikan reservasi jika hendak makan siang??"
5,2022-12-30T05:35:32.888Z,SS Dewi Anggraeni,"Makanan lezat dan beragam pilihan, tempatnya nyaman dan bersih ??"
5,2022-12-30T02:53:47.743Z,A Amadeo,"Tempatnya bagus, pemandangannya, dan makanannya. Bahkan lebih enak dari banyak resto legendaris terkenal di jogja. Cocok untuk gigi manis."
5,2022-12-29T09:18:28.857Z,Havels Channel,Mendoan enak
5,2022-12-29T04:10:42.444Z,Heri Efendi,Mangut lele sama bakwan nya juara. Menu wajib !
5,2022-12-28T14:40:35.037Z,HAS has,"Makanan legend, makanan lawas yg ngangeni, suasana tempat bagus jika kita datang awal, klo dah rame parkiran mobil susah, dan rame pastinya, tidak bisa menikmati suasana ndeso persawahan. Klo pagi sarapan akan lebih endess...
Wedang mbah Uti enak juga, rempah rempah sehat."
5,2022-12-28T14:00:35.418Z,win winardi,Back to village.. ingat masa lalu
3,2022-12-28T02:04:49.027Z,Hengky Fitriansyah,"Tempat yang bagus untuk makan sekaligus hang out. Keluarga ok , dengan teman ok. Tempat baru , bangunan memanjang."
1,2022-12-28T01:51:32.982Z,Fazryka Noor pratama,"Apaan sih pelayanan disini buruk banget! Kita rombongan dari Bandung masa ga boleh parkir di situ, malah di suruh parkir yg jauh

Lu kalo mau buka resto pilih penjaga/pelayannya yg bener lah, kita 12 orang loh jauh2 mau makan disini malah di tolak kaya gitu, udah ga butuh duit Lo?"
5,2022-12-27T11:28:54.685Z,sofy nanda,"Masakan enak2 semua.. tempat yg nyaman , recomendet"
5,2022-12-26T14:14:36.905Z,yak,"Breakfast with a view ??
Tempatnya luas dan sebelah masih sawah jdi dapet feel pedesaan. Makanannya enak dan affordable kok"
5,2022-12-26T13:41:30.994Z,Rasyid Misilim,Masakan nya enak banyak pilihan menu
4,2022-12-26T04:34:45.300Z,Yanuar Wicaksono Setiawan,Sejuk dan nyaman dalam resto...suasana ygbeda dan non formal serasa lebih akrab
4,2022-12-25T12:23:19.347Z,M. Huda,"Makanan enak, masakan2 rumahan, , minuman juga macem2,, ada bubur juga, harga standar lah. Untuk parkir terbatas."
1,2022-12-25T03:39:04.321Z,Bradipa Herangga,"Tempat bagus. Bintang 5 dah, tapi toilet amburadul, bau sama mampet. Tidak recommended"
5,2022-12-24T10:24:49.690Z,HARI SETIYANA,"Alhamdulillah semua keluarga cocok ma tempat dan juga hidangan nya..
Next insyaa Allah akan kembali kesini lagi.."
5,2022-12-23T22:26:04.747Z,Astati 108,Recomended
5,2022-12-22T14:19:58.060Z,Jlynd Nfrn,"Tempatnya nyaman dan sejuk, bisa berlama-lama disini untuk mengobrol bersama teman/keluarga. Makanannya enak, pelayanannya baik, dan harganya juga tergolong murah. Makanan dan minumannya mayoritas tradisional dan lokal."
5,2022-12-22T02:38:17.363Z,Fresh Hipnoterapi Jogja,"Disini parkirnya lumayan dan cukup untuk beberapa mobil seperti di foto. Menunya beragam.

Untuk review tempatnya luas dan pemandangannya bagus, dibelakang ada meeting room nya."
5,2022-12-21T15:40:20.131Z,Lelly,Asri nyaman dan tenang.. suasana yg sangat kental tradisional dengan nuansa sawah yg membentang membuat mata tak jemu memandang
4,2022-12-21T06:56:17.217Z,Hary L. Prabowo,Masakannya enak. Mantap
5,2022-12-20T08:53:10.589Z,Muhammad Ali,Tempat nya bagus
5,2022-12-19T20:40:12.331Z,yasir nurrahman,"Datang larut malam, nenek Gito masih buka, suka dengan nasi gorengnya. Besar"
5,2022-12-19T13:56:04.446Z,Fia Kirana,"Permata tersembunyi di Jogja, tenang sekali, makanannya enak, pelayanannya bagus. Akan merekomendasikan tempat ini kepada orang lain"
4,2022-12-19T06:58:58.473Z,Yon Cahyadi,Es kembang teleng nya enak....bakwan jagung nya enak...pisang goreng nya enak
5,2022-12-18T13:38:37.964Z,Tiwi Kartiwi,"Makanannya enak, musholanya luas, tempatnya bersih dan nyaman. Bawa anak kecil ke sini, anak"" juga suka, bisa lihat sawah dan kolam ikan."
5,2022-12-17T16:19:20.439Z,Apt Diana Puri Sistian Sfarm,Masakan khas ndeso yang enak dan lengkap. Pelayanan ramah. View nya bagus
5,2022-12-15T09:10:19.274Z,Amanda Firmansyah,Suasana indahnya budaya jawa (jawa) yogyakarta Indonesia lovee itt ????????????
5,2022-12-15T05:58:09.070Z,irawan rafif,"Pemandangannya enak, makanannya muanteeppp, dimsumnya ok banget..."
2,2022-12-14T10:13:55.868Z,Imam Wicaksono,Lumayan rasa makanannya
5,2022-12-13T23:44:26.309Z,Dias Martina,Setiap kesini jangan lupa makan jenangnya ??
4,2022-12-11T11:29:16.786Z,David Ariawan,"Makanan ok,dimsumnya agak mahal, harga laennya... lumayan.lokasi dikelilingi kebun jagung,lahan parkir terbatas.
Sayang kalo sore dah ga komplet. Tapi ada menu ala carte nya."
5,2022-12-10T03:32:09.578Z,brilian nanda,"Suasana pedesaannya adem, makanannya juga enak banget, aku suka... Harganya juga tidak mahal dan sangat terjangkau..."
4,2022-12-09T17:11:54.974Z,Setia Budi,"Harga dan kualitas seimbang, termasuk murah"
5,2022-12-07T10:44:35.592Z,HENDRA GUNAWAN,Layanan ramah dan rasa makanan oke
5,2022-12-07T01:41:21.466Z,Fatman Cycling (NamiLurihas),"well concept ini tempatnya.
lamat2 ada gendhing jawa terdengar, karyawannya make batik, lantainya beton ekspose, dindingnya, lightingnya…
awesome execution!
PLUS makanannya ENAK BANGET dan variatif.
yang wajib diorder cemilan TAHU TUNA nya. ??????"
5,2022-12-01T11:50:21.121Z,Amalia,"Salah satu tempat makan ala ndeso yang reccomended di jogja. Lokasi memang agak masuk dan jauh dari jalan raya, namun ga akan kecewa kalau sudah sampai sini. Parkiran mobil juga luas.

Suasanya kanan kiri sawah & kebun. Dekorasi dan interior ala ndeso dengan ornamen coklat, kayu, bata yang buat semakin nyaman. Harga cukup terjangkau, worth the price.

Menunya pun tradisional sekali, cocok banget buat sarapan. Menunya disajikan prasmanan dengan beragam lauk dan sayur mulai dari oseng, mangut, telur dadar dan lain-lain. Pilhan nasinya ada nasi putih dan merah. Nasi merahnya pun tetep pulen. Menu mangut manyung / lelenya reccomended, kuah santan kental sama rempahnya berasa, gurih.

Minuman andalannya disini enak. Ala minuman rempah dan jahe. Wajib cobain wedang mbah gito, rasanya hangat dan nyegerin badan

Tempat makan reccomended di jogja ??????????"
4,2022-11-30T00:15:12.747Z,Naka Tyasnara,"Tempatnya nyaman dan sirkulasi udara segar. Musholanya bagus dan bersih, insyaallah diberikan kemudahan dalam segala usaha...aamiin"
5,2022-11-29T05:29:54.607Z,hardjo harsono,"Tempat nyaman untuk ngobrol , menu lengkap , pelayanan bagus."
5,2022-11-27T05:29:20.002Z,I Dwyn,"Jalan bisa dilewati mobil. Akses mudah. Parkir luas. Lokasi asri, di tengah ladang jagung, sawah.
Tempat bersih. Toilet, mushola juga bagus sekali. Staf ramah.
Makanan enak. Halal toyib. Semoga selalu berkah, sehat semua."
4,2022-11-26T05:19:50.817Z,Rianiedewi,"Jogja experience dengan suasana sawah dan kebun jagung,interior joglo2 kayu nyaman banget untuk ngopi2, sayangnya seperti diburu2, kita masih makan dan lg leyeh2 udh diangkat2in piringnya...
Makanannya masakan rumah bgt dan harganya murah, penyajiannya juga menarik"
5,2022-11-25T12:29:54.217Z,Cumba Sthirabudhi,"Tempat yang bagus dengan sawah di sekitarnya, suasana yang nyaman untuk makan bersama keluarga kapan saja, mereka punya banyak minuman herbal di menu mereka, musholla yang bagus btw, cukup menyenangkan untuk menghabiskan waktu"
5,2022-11-25T02:37:27.332Z,kusuma wardani,Tempat yang bagus..
5,2022-11-22T11:45:49.196Z,Choco Chan,"Masakan Jawa, nuansa Jawa,
Favoritku wedang2 Jawanya enak

Cara pemesanan:
Datang langsung ambil makan dilihatkan ke pelayan sekaligus memilih minum (dikasih nomor meja) jika ada tambahan jgn lupa sebut nomornya
Cari tempat duduk
Habiskan makanan dan bersantai
Pembayaran di akhir setelah selesai menikmati dan bersantai

Tempatnya bagus nyaman
Fasilitas lengkap,
Harum
Pelayanan bagus banget
Harga 2 org 140k makan 2 porsi minum 3 macam Snack 2 macam"
5,2022-11-22T06:07:36.104Z,KaaFaa Catering,"Enaaaak ,,, rasanya seperti makanan zaman dulu yang di makan di zaman sekarang luar biasaaaa ... Segerrrrr ..... Shopisticated in Nostalgia Ambience"
5,2022-11-19T13:10:58.457Z,Nizar Diofani,"tempatnya bagus, makanannya juga enak. well"
5,2022-11-19T02:53:13.095Z,Kurniawan Arifianto,"Beberapa bukan lalu kesini tanamannya masih padi skrg sudah jadi tanaman jagung..
Mampir kesini untuk makan & ngopi"
5,2022-11-14T08:10:14.472Z,Wahyudi Setiawan,Syahdu tenan konsep Jawa.. Asyik untuk nyantai ngobrol
5,2022-11-13T12:03:33.790Z,sponge bob,Nyaman buat healing.. Sama Keluarga.. Teman.. Nongkrong cantik ?? foto2.. Makanannya enak.
5,2022-11-12T08:14:57.417Z,Agus,"Makan disini suasana persawahan , angin semilir .. mantap"
4,2022-11-11T17:49:31.272Z,Ed hie,Mari mkn malem by bakmi
4,2022-11-11T17:07:02.243Z,Ed Dee,Rindu bakmi
4,2022-11-11T16:09:15.102Z,eri kembara,menyenangkan
5,2022-11-10T10:10:58.788Z,Fikriasyari,"Jadi resto favorit keluarga saya saat ini, khususnya saat sarapan, salut dengan pelayannya yang bagus.

Tempatnya nyaman juga, diarea bagian belakang masih terdapat area untuk makan dan mushola.

Favoritku kalau disini jenang sumsum, ikan mangutnya.

Sukses terus untuk pawon mbah gito, pelayanan dan rasa masakannya  terus bisa dipertahankan. Dan mohon dijaga  kebersihan area kmd dekat mushola

Saya rekomendasikan teman-teman di jogja untuk mampir kesini."
3,2022-11-09T13:53:29.514Z,trie sulis,"Menurutku...Untuk minumannya enak, tp makanannya kurang. Td pesan mendoan, rasanya hambar(?) G asin gak gurih. Bakmi godog bau dan rasa kyak slh 1 merk penyedap rasa, gak khas kayak bakmi godog yg kerasa bumbu masaknya.  Buat harganya cenderung lbh mahal drpd warung"" sejenis gituan.
Untuk tempatnya bagus, sejuk, pelayanannya jg bagus.
Itu sih menurut aku, tp kan lidah orang beda beda ??"
5,2022-11-08T15:05:43.068Z,Ajeng Filanita,Recomended ya..menunya komplit??
5,2022-11-08T09:05:31.556Z,Lisa,"Tempat bersih dan nyaman, masakan jawa banyak menunya, rasa bersahabat, harga bersahabat, pelayanan bersahabat (=baik)....."
5,2022-11-08T06:07:29.644Z,Nandang Supriyanto,Lokasinya nyaman... .. Menu ala jawanya memuaskan
5,2022-10-27T12:38:38.648Z,Raden Donny,"Makanan utama khas jawa,nasi merah, nasi putih, sayur lodeh, oseng², dengan berbagai macam lauk pauk, snak: pisang goreng, bakwan, tahu dll
Berbagai pilihan minuman panas dan dingin kopi, teh, jeruk, rempah²
Tersedia ruang meeting ber AC, mushola yang sangat memadai"
5,2022-10-20T07:44:22.857Z,Jimmy S,mantab
5,2022-10-20T02:16:42.320Z,NEZZ Hadiwinarto,
5,2022-10-18T06:23:59.812Z,Anang Atmojo,Asik
5,2022-10-17T13:07:35.333Z,Isti Muryani Aji Wibowo,"Makanannya enak, tempatnya nyaman dikelilingi sawah dan kebun jagung, pelayanan ramah dan cepat"
5,2022-10-16T04:52:47.887Z,Ary Haryanto,Recomended tuk menyantap kuliner "ndeso" khas Yogya. Cocok buat makan dengan keluarga.
4,2022-10-15T12:30:52.258Z,Romiardiansyah,"+ Suasana nya masih alami, Makanannya enak banyak variasi, Tempat luas, depan ada masjid kecil, dibelakang ada mushola.

- Akses jauh dari pusat kota, jalan kesana sebagian berlubang, harga untuk minuman lumayan mahal, di saung ada rabuk kayu yang jatuh.

• Makan prasmanan menghadap kebun jagung/sawah, ramah keluarga(bawa anak kecil)."
5,2022-10-15T05:54:40.879Z,daru kuntari,"Makanannya tradisional dan enak, mendapatkan pemandangan ladang jagung yg menyenangkan, tempatnya interior jadul tapi nyaman dan bersih."
5,2022-10-14T05:34:03.725Z,Aris Winardi,"Makananya dna minumanya bervariasi, suasana nya bersahaja, pelayananya juga Bagus.."
4,2022-10-10T06:50:16.155Z,Martan Kiswoto,"Warungnya lengkap, harga murah, bersih, hawanya segar pinggir sawah."
5,2022-10-09T15:44:59.404Z,Yoh. Anton Nugroho,Masakannya enak dan tempatnya nyaman. Cocok untuk makan sendiri/bersama keluarga.
4,2022-10-08T04:33:37.572Z,anik alfa,Suasananya family bgt cocok buat keluarga nyaman buat ank2
5,2022-10-08T03:14:05.238Z,Ad D'ryan,Lezat makanannya & viewnya bagus
5,2022-10-05T07:48:03.330Z,Tiara Lutfi,"Tempat enak, disediakan meeting room dibelakang. Pelayanan dan rasa makan okelah"
5,2022-10-03T10:59:52.509Z,Must Nugx,"Hidangan prasmanan macam2 masakan jawa, serasa makan di rumah sendiri. Ada menu ala carte ready jam 14.00. untuk rasa makanan oke aja. Untuk tempat tidak terlalu luas, ada saluran irigasi di samping resto buat main air."
4,2022-10-02T13:59:58.985Z,Jerapah,Nyaman
5,2022-09-29T08:25:02.999Z,Rizaldi Handayan,Resto dg konsep back to kampung. Suasana asri dan nyaman. Cocok ke sini saat sore hari.
5,2022-09-28T00:13:45.745Z,widodo herys,Destinasi gowes yg keren
3,2022-09-27T08:48:56.792Z,sip jay,biasa aja sih
5,2022-09-26T05:37:21.849Z,Heru Santoso,"Pilihan menu beragam, dengan rasa yg enak..."
5,2022-09-25T04:25:06.233Z,Myrna Henrivia,Tempatnya enak.. makanannya jg enak2
4,2022-09-24T08:43:46.597Z,Diman Uchiha,Tempat yang bagus
4,2022-09-21T23:03:06.702Z,indah pujiyanti,Makanan ala rumahan dg vibe tempat disekitar sawah dan ladang jagung. Variasi makanan tdk terlalu byk tp rasa cukup enak.
5,2022-09-20T14:10:15.843Z,Fransiska Sari,"Menu makanan rumahan khas Jawa. Tempatnya luas, parkirannya lumayan luas. Lokasi di persawahan. Suasananya enak."
5,2022-09-18T10:56:52.617Z,husein wijaya,"Tempatnya cozy, enak untuk nongkrong"
5,2022-09-17T06:16:24.163Z,Sinta Adhelia,Tempatnya bagus dan sejuk karena dekat sawah
5,2022-09-16T14:55:01.422Z,Fani Eka,"Tempatnya ngga terlalu luas tapi pilihan menunya lumayan banyak, baik minuman atau makanan. Harga relatif diatas warung sejenis ya... viewnya asik banget sih"
5,2022-09-14T14:01:53.503Z,Rinolanda Patria,"Impresif. Vibes yg positif, rasa makanan sedap memenuhi standar. Pelayanan memuaskan.
Sebuah tempat yg wajib dikunjungi saat di jogja."
4,2022-09-13T08:12:40.179Z,arum y.,"Sepertinya pawon mbah gito terus berbenah. Begitu masuk langsung disambut oleh Karyawannya yg ramah-ramah. Sy pun sering mendapatkan info via wa apabila ada promo.

Untuk rasa makanan standar. Tapi terdongkrak oleh variasi menu makanan yg banyak dan tempat yg nyaman. Ada menu prasmanan, ada jg yang hrs dipesan terlebih dahulu. Minumannya juga macam2. Banyak spot foto yang instagramable.

Cocok untuk makan santai sambil menikmati suasana joglo dan sawah. Diiringi dg musik keroncong."
5,2022-09-11T10:35:16.935Z,Tiara Sukma,"Disini bisa pilih menu ala carte bisa juga menu prasmanan. Cita rasa bakmi gorengnya enak, gurih dan manisnya pas. Kalau kesini wajib coba singkong gorengnya, karena singkong disini enak."
5,2022-09-10T16:08:15.373Z,andri nasution,"Tempat yang asri dan nyaman, yg pasti makanannya juga enak."
4,2022-09-07T14:33:39.138Z,Yulia Suhendra,Tempat yg nyaman buat ngopi dan makan
4,2022-09-06T11:01:35.225Z,Dian Octavia,"Tempatnya nyaman, klasik, samping kanan kiri ada sawah. Menu bervariasi dari sayur, lauk, minuman, camilan. Yuk cobain"
4,2022-09-04T07:24:00.208Z,Muhammad Rifa'i,Lumayan banyak spotnya.. harganya saja normal bukan murah
3,2022-09-04T07:21:57.723Z,Hangesti,"Menunya ngangeni.. Harga wajar.
Hanya syng sekali tempat relatif sempit. Jd ketika pengunjung padat, sudah ga ada privacy lagi.
Rawonnya ok mskpn dagingnya cm sdkit, cuma kerupuknya bikin jatuh kelas, yg dipakai cm kerupuk murahan"
1,2022-09-04T03:55:18.324Z,edward tirta,"pesanan bakmi godog keluar salah, tidak ada sayurnya. minta diperbaiki, sampai yg lain selesai makan, bakmi godognya tidak keluar lagi. kecewa"
5,2022-09-03T11:42:22.446Z,Fira,"Tempatnya hangat, suasananya bagus. Makanannya cukup standar."
4,2022-09-01T12:32:27.764Z,Nadya Violenta,"Saya suka suasana tempat itu, dikelilingi oleh ladang. Saya kesana sekitar jam 5 sore jadi cuacanya tidak panas, tapi kalau kesini siang mungkin agak panas. Makanannya enak, harganya tidak begitu murah atau mahal, tapi menurut saya sesuai dengan porsi dan rasanya.
Secara keseluruhan saya merekomendasikan tempat ini, layak untuk dicoba."
5,2022-08-31T15:15:05.332Z,fiza advertising,Lumayan
4,2022-08-30T05:05:03.853Z,Rizky D. Novyantika,"Pesen 2 wedang, 1 mendoan sama 1 telo rebus habis sekitar 60rb. Suasananya lumayan, apalagi kalo lagi banyak padi (cuma tergantung lagi musim atau habis dipanen). Makanannya lumayan enaak tapi minumannya aku kurang suka karena ga terlalu berasa apa-apa dan kayak dicampur aja gitu ngga ada kombinasi takarannya jadi kurang jelas. Mending sekalian pesen yang minuman udah jelas kayak teh dkk aja sekalian daripada coba coba ??"
5,2022-08-28T12:52:31.272Z,Mahe Sakti,"Best taste, affordable price nice place, wedang mbah uti very recomended...."
5,2022-08-28T09:01:37.453Z,Heru Sudjanto,View nya nyaman buat nyantai. Harga juga wajar.
5,2022-08-28T02:42:47.488Z,Fabiola Nimas,Vibenya menyenangkan dengan musik dan lainnya. Setup meja terlalu mepet tapi bisa dipahami karena memang ramai. Semoga bisa diperluas biar lebih nyaman
5,2022-08-27T04:36:54.173Z,uux avelin,"Tempatnya cukup luas, makanan disini enak dan minumannya juga enak.
Lauknya banyak, pelayanannya ramah.
Dan di sini ramai, terutama saat jam makan siang atau saat hari sudah mulai larut"
5,2022-08-24T21:40:07.058Z,nokegitaa,"Enak, murah, sayuran ndesonya lengkap ????"
5,2022-08-23T07:23:22.157Z,Perigigi,"Enak masakannyaa??
Menunya hampir sama kayak warung makan lainnya sekitaran sana.

Es bunga telangnya segeerrr

Oiyaa..Tempat parkirnya terbatas yaa.."
5,2022-08-21T13:14:19.586Z,Yody Laris Abadi,"Makanan enak, tempat luas sampai belakang."
3,2022-08-21T08:41:19.241Z,"Prof Mudrajad Kuncoro, PhD",Ibu makan makanan. tempat yang cukup tersembunyi. parkirnya agak sulit. layanan tidak ramah
5,2022-08-21T07:03:38.765Z,Ayodya D Pramudito,"Makanan enak, tempat luas, pelayanan ramah"
5,2022-08-17T01:19:42.676Z,Panduaji Panditatwa,"Tempat yang bagus untuk mengadakan pertemuan bisnis. Kita bisa memesan kamar khusus sambil memesan kopi dan makanan ringan. Setelah itu, kita bisa makan siang prasmanan. Juga tempat yang cukup untuk berdoa."
5,2022-08-16T14:52:22.712Z,PNZ,"Tempatnya enak, ada pilihan tempat duduk konsep classic atau modern.
Ada mushola yang nyaman (ini yang penting).
Parkiran mobil cukup luas.
Ada gazebo juga.
Makanannya lumayan enak dengan harga yang bersahabat.
Lokasi agak masuk kedalam dari jalan raya."
5,2022-08-16T09:49:44.327Z,Shoffan Anbiya Khalifatudin,Betah lama-lama disana. Cocok buat ngajak anak-anak main kesini
4,2022-08-15T01:49:26.562Z,Bang Dody,Itu bagus
5,2022-08-14T06:29:38.518Z,damar jati123,Masakannya enak...tempat solat dna kamar mandinyaa bersihh????????
5,2022-08-14T00:41:24.343Z,Lizrah 23,"Terbaik...
- Tempatnya luas ada parkir sepedanya, lengkap juga ada mushola nya pinggir sawah syahdu..
- Makananya wuenak semuanya, prasmanan, jenang pokoknya semuanya enak
- Haraganya aman dikantong.."
5,2022-08-10T10:28:25.203Z,Punto Dewa,Enak sekali masakannya . Menu ndeso. Udah dua kali kesini.
4,2022-08-09T09:15:53.098Z,Umi Kaltsum,"Beras kencurnya terbaik! Tempatnya pun nyaman, bisa makan siang sambil kerja karna ada workspace di bagian belakang dengan view sawah ??"
5,2022-08-09T04:41:48.797Z,fransiscus xaferius,Tempat makan siang yg nyaman
5,2022-08-07T13:33:07.162Z,barep teguh w,Bakminya Enak...
5,2022-08-07T13:03:28.807Z,Vicky Dewi Anggraini,"Tempatnya bagus, taste makanannya juga enak semua, cuma emang quite pricey yaa but still worth it.."
4,2022-08-07T01:57:19.423Z,Nana Arint,Makanannya enak...
5,2022-08-06T12:18:40.116Z,Brilian Akbar Suriadjati,tempat enak untuk makan masakan tradisional
5,2022-08-05T07:03:04.260Z,rebeca rebeca,"Tempatnya enak, harganya oke.. nasi + up to 3 macam sayur cuma 13rb , rasanya enak, menurutku lebih enak dari kopi klotok, pilihan lebih banyak, cocok"
5,2022-08-05T05:34:03.736Z,Widyanti Wisniasiarti,"Lebih enak kalau datang sore hari pas tidak hujan karena tidak panas dan bisa lihat sawah dengan angin yang semilir, makanannya enak apalagi tempe mendoan nya ??mantab sih menurut saya, yang kurang tempat parkir yg kurang dekat kalau pas ramai dapat tempat parkir yg lumayan harus jalan."
5,2022-08-05T01:07:49.538Z,Estu Dimas Danang,"Luas, banyak pilihan makanan dan minuman, bersih, makanan enak, ada deck view dari belakang, antar tempat duduk agak terlalu rapat menurutku"
5,2022-08-04T22:50:33.015Z,Dewi Widyawati,"Rasanya enak, variasi menu bayaaak, harganya sangat terjangkau dan tempatnya pun nyaman.. Very recommended ??"
5,2022-08-04T00:50:10.790Z,Nama Juragan,"Makanan selera jawa, enak dan bersih. Atmosfernya homie jawa ... rekomen dah"
5,2022-08-01T06:50:16.565Z,Brenda Oktatriana,"Enakk,"
5,2022-07-31T07:47:52.960Z,Grahadana Handika,"Tempat makan jenis hidangan rumahan, sembari melihat pemandangan."
4,2022-07-31T06:42:40.535Z,Fakhry Zhafran Abqary,"Jenangannya enak, utk menu makan berat harganya relatif mahal dibanding kompetitornya"
5,2022-07-30T16:13:04.002Z,Rudi Permana,Tempat yang nyaman untuk makan bersama keluarga atau sahabat
5,2022-07-28T13:38:53.915Z,Qatrun,"Pilihan menunya banyak?? °o°??
Cocok untuk nongkrong sambil ngobrol kesana kemari, cocok juga untuk kumpul bersama keluarga.
Tempatnya mudah sekali dicari, parkirannya luas <(???)?"
4,2022-07-27T01:20:34.550Z,Fardan KM,Dapur Nenek Gito
5,2022-07-25T02:21:27.129Z,Mnu Santo,"Tempatnya asri, menu makanan dan minuman bervariasi. Tempat yg cocok untuk sarapan bersama keluarga di akhir pekan..."
2,2022-07-24T10:48:19.954Z,Ramadhana Fauzi Adamy,"Harga bukan untuk mahasiswa , sangat over price bung."
5,2022-07-24T07:12:15.720Z,Mohammed Rhinodesouza,"Kedua kalinya kesini, dan selalu memuaskan menu serta pelayanannya"
5,2022-07-24T05:25:37.330Z,KANG WARDI Gunungkidul,"Pawon mbah Gito memang MANTUL.... masakannya oke buka pagi , VARIAN menunya banyak, buffet banyak pilihan, dan tersedia menu ala carte....."
5,2022-07-22T22:12:26.745Z,Dendy B. Sulistyo,"menu enak, cocok buat kumpul plus ngobrol"
3,2022-07-22T12:42:21.778Z,Heri Supianto,"View sawah, menu banyak pilihan dg bumbu alami. Kopi dan goreng pisangnya oke banget. Mak nyuusss lah"
5,2022-07-21T12:18:48.122Z,Madedogen,Tempat yg cozy....full
5,2022-07-21T11:16:07.267Z,Hengki Franjaya,Nah ini salah satu tmpt makan d Yogya jakal..yg recomen..menu nya banyak..n enak...
5,2022-07-21T05:47:53.675Z,Nadia M,"Wajib banget tiap minggu nongkrong disini, tempat nya enak viewnya bagus dan suasananya sejuk karna deket sawah dan rasa makanan nya juga enak² semua dan pilihannya banyak banget"
5,2022-07-20T12:32:50.201Z,Putri,Enak sekali tmptnya di tengah sawah sangat asri
5,2022-07-18T14:16:46.612Z,ditha cebunk,"Rumah makan yang berada cukup dekat dengan pusat kota, namun suasana nyaman banget kyk di desa, menu perasmanan yang sederhana + suasana pinggir sawah yang kental dengan nuansa sederhana membuat tempat ini menjadi lebih istimewa. Pelayan yang ramah dan fasilitas yang cukup bersih membuat betah di tempat ini. Untuk harga masih sesuai dengan kantong mahasiswa/i dan para karyawan/karyawati."
4,2022-07-17T13:58:51.144Z,Cak But2,"Tempat nyaman dengan makanan enak dan harga standar, yang paling saya suka musholla nya yg bagus dan nyaman"
4,2022-07-17T13:29:41.931Z,Didit Rudiartha (Didit),serasa di desa....
5,2022-07-16T10:26:30.981Z,Bambang Tri,Jangan Asem itu.. sesuai selera. Tempenya renyah
5,2022-07-16T10:01:06.186Z,Randi Andika Hutama,"Tempatnya jauh lebih nyaman daripada kopi klotok sih mungkin karena masih banyak orang yang belum tau ya...

Untuk masakannya juga lebih enak disini.... kalau untuk pisang goreng jauh lebih enak kopi klotok"
3,2022-07-14T07:26:07.574Z,Dedy Meiyusal,Buat Orang Bari ke jokya Tetlalu jauh Dari kota
5,2022-07-13T21:41:08.461Z,hana sri,"Semua masakan nya enak
Jenangnya jago
Sukaaa"
5,2022-07-13T14:44:10.804Z,Muhammad Haris,Tempatnya bagus dan worth it
4,2022-07-13T08:30:12.814Z,Hari W,"Cukup ramai, harga sedang tidak murah, rasa cukup baik, bersih nyaman, viewnya sawah mantap bisa ambil makanan sendiri prasmanan dan ada juga menu yg harus pesan dulu , yg perlu diperbaiki kecepatan menu pesanannya"
4,2022-07-12T12:46:48.117Z,Why 105,Nuansa Pedesaan dan Masakannya banyak pilihan
5,2022-07-12T12:34:58.192Z,happy day,"menu rumahan khususnya jawa tengah/yogya..... masakannya enak, tempat nyaman.....

mungkin perlu diberi tulisan DILARANG MEROKOK utk dibangku belakang, agar lebih nyaman dan menjaga kesehatan terutama anak2..."
5,2022-07-11T22:36:08.121Z,Novera Sulistyowati,"Lulus, mantap."
5,2022-07-11T03:26:28.487Z,yustinus sulistyono,"Sarapan Jawa..makanan enak, minuman es tehnya kurang manis.
Lokasi bagus dengan rumah joglo dikelilingi persawahan.
*Karena modelnya prasmanan mohon diperhatikan soal pengambilan lauknya karena setelah diperhatikan bill nya ada tagihan yang seharusnya tidak ada.mohon perhatian juga dari pemilik usaha."
5,2022-07-10T22:58:46.369Z,Hita Cahaya,Cocok untuk makan makan dengan teman dan keluarga. Rasa masakan enak.
5,2022-07-10T09:41:49.538Z,Joko Wijoseno,"Tempatnya enak, makanannya mantab, view nya oke banget.... Sangat rekomended"
5,2022-07-09T06:18:54.828Z,ninu ninu,"bumbunya nikmat, beragam menu. enak pokoknya. tempatnya juga nyaman"
5,2022-07-09T06:14:53.350Z,Setia Anggri,"Pilihannya banyak, enak. Gorengan jg disajikan hangat. Angin silir2 enak buat nyantai"
5,2022-07-08T15:37:03.679Z,Rahmi Inayati,"Recommended menurut saya..pilihan menu banyak.. bervariasi..rasanya uenakkk..untuk harga lumayanlah gak begitu mahal..tempat aseeek,sejuk dengan pemandangan sawah..ada musholanya..pelayanan ok."
5,2022-07-07T04:39:52.869Z,M. Khairul Mas'ud S.,"Sumpah makan di sini rasanya tenang dan nyaman banget..
Lokasi di dekat persawahan, menu makanan enak ada yg prasmanan dan ala Carte
Ada musholla yg bersih dan nyaman untuk sholat
Sambil makan diiringi musik Jawa pedesaan yg bikin kalian makin nyaman dan feel like hometown
Cobain aja deh kalo ngga percaya"
5,2022-07-06T10:19:39.880Z,Fajar Sakti Prasetyawan,ketemuan sama konco edan
5,2022-07-06T08:42:40.468Z,nanang kusuma wijaya,"Masakan Jawa lumayan lengkap, rasa lumayan enak, harga lumayan, tempat oke, pemandangan sawah sekitar jg oke.."
5,2022-07-06T06:13:07.603Z,Tri Handini,TEMPATNYA ENAK
5,2022-07-05T12:26:10.787Z,Dian Bahtiar,"Tempatnya asik dan bersih,makanan murah"
5,2022-07-04T23:49:15.948Z,Hanita Mulyanto,Suka sekali....
5,2022-07-04T12:50:14.606Z,Triple RRR,Suka sama konsepnya ??
5,2022-07-04T09:15:26.948Z,Budiyana yana,Tempat yang bagus
5,2022-07-04T05:58:24.206Z,Dewi Handayani,"Tempat makan dg nuansa jawa tradisional, berada di tepi sawah sehingga terasa sejuk, makanannya enak..????"
5,2022-07-03T15:26:38.383Z,Savira R,"Tempat makannya enak, makanan tradisional jawanya enak. Tempatnya plus besar, sawah dan angin sepoi-sepoi."
5,2022-07-03T13:36:03.753Z,LT417,"Roti legendaris, harus coba ""roti krenten"""
5,2022-07-03T10:00:59.008Z,Indah PM,"Musim liburan x ya, jadi pas mobil2 yg dateng banyak sekali, jd agak sulit cari parkir. Ada kejadian mobil kita kejeblos, dan ada satu ibu lewat naik motor smbl prihatin dan nanyain ke kita, apa yang bisa dibantu tapi Alhamdulillah sudah byk dibantu penduduk sekitar yg kebetulan lewat. Alhamdulillah, banyak orang baik di Jogja ??

Pas kita masuk ke restonya, ternyata ibu tadi adalah ownernya, dan dengan rendah hati lgs menawarkan kita minuman dan akhirnya dikasih complimentary bakwan jagung yg yummy, Alhamdulillah.. thank you ibu, sukses terus usaha kulinernya ??

Ohiya, kita suka dengan nuansa restonya yang jawani ditengah sawah, makanannya juga yummy, jenangnya endesss (sampe nambah trus ??).. sama es kleponnya eeenaakkk..."
1,2022-07-03T03:28:49.883Z,tina N.wahab,Makanan enak tpi sayang bad service... Minuman datang lama... Pesen bakwan jagung ga dtg sampai pulang...
5,2022-07-02T09:48:02.652Z,Astri Gamanuari Zawati,"Makanannya enak2, vibesnya enak bgt. Harga terjangkau. Pelayanan baik. Sukses teruuuss"
5,2022-06-30T12:01:39.274Z,WHIeN,"Untuk harga Jogja sebenernya agak mahal, tapi tempatnya cukup bagus...view sawahnya cakep, bersih, pelayanannya juga ramah"
5,2022-06-30T10:58:50.471Z,Rizqon,Tempatnya asik
5,2022-06-29T04:28:41.521Z,Erlina Pertiwi,"Ga nyangka di belakang jakal yg cuma masuk sedikit itu masih ada sawah dan kebonan yg asri . . .
Semoga tetap terjaga suasana pedesaan yg sll bikin semangat  ."
5,2022-06-28T09:57:07.984Z,Daphin_ Naura,"Tempatnya enak buat nyantai bareng keluarga..
Adem di tengah sawah jg..
Lumayan luas..
Menyediakan menu masakan ndeso ya.. konsepnya prasmanan gitu.. ambil sendiri2..
Enak jg masakannya.. recommended lah buat yg suka masakan jawa"
3,2022-06-26T12:16:32.572Z,Ika Kusuma,"Pelayananan kurang, harga makanan mahal per orang.."
5,2022-06-26T10:12:54.463Z,Winarno Badjuri,makanan enak tempatnya bersih
5,2022-06-25T06:57:25.741Z,Amin Wahyudi,"Masakan pas  dilidah, menu cukup variatif, suasana nyaman disekitar persawahan, parkiran mobil terbatas. Harga minuman relatif mahal....

Sukses selalu"
5,2022-06-23T06:03:43.737Z,Kartika Aulina F,"Salah satu tempat makan yang family friendly dan punya view sawah yang adem, mau kesini pagi atau sore gak akan pernah salah, tempatnya bersih dan nyaman recommended"
5,2022-06-23T05:19:15.910Z,Ida Rita Susanti,Owner sangat ramah dan pelayanan sangat bagus. Sukses terus untuk Pawon Mbah Gito.
5,2022-06-22T09:08:44.218Z,Yulianto Nugroho,"Pawon Mbah Gito menurut kami salah satu spot makan yg recommended, tidak terlalu ramai, makanan enak, suasananya juga enak, semilir di pinggir sawah di sisi timur Jalan Kaliurang KM 11-12.
Harga standar warung prasmanan satu orang antara 15-30rb. Menu lengkap, jajanan, camilan, dan minuman banyak pilihan.
Paling enak kesana waktu Sarapan pagi-pagi, belum terlalu panas.
Salah satu poin plus di Pawon Mbah Gito Musholla bagus, enak buat sholat."
5,2022-06-22T06:07:37.129Z,Widyalita Rindiani,"Semua makanannya enak, banyak macamnya. Ada beragam pilihan tempat duduk, ada di bawah pendopo, di tepi sawah, di gazebo, di rooftop, ada juga di indoor jika ingin lebih tenang dan sepi. Untuk harga tidak murah, standar untuk wisatawan"
5,2022-06-21T15:04:32.635Z,aryadi asari,"Tempatnya nyaman, d area persawahan yang sejuk. Menunya juga lengkap, pelayanan memuaskan."
4,2022-06-21T06:50:01.762Z,Lyna Audiena Wijayanti,"1. Terkaget kaget dengan harga wkwkkw. Tidak ramah untuk ke sini di akhir bulan ygy. Aku ber-dua dengan suami abis 120anrbu wkwkw. Kirain tuh kalau Pawon tu lumayan ekonomis harganya. Jebul tidak ekonomis wkwkw.
2. Makanannya terlalu manis which is tidak sesuai utk org yang ga suka manis kayak aku. ?? Makanya aku agak mengkaget rasa makanannya tu manis bgt tapi harganya selangit. Minumannya sih lumayan ya standar.
3. Tempat bagus sih. Ga bikin panas. Tentu pemandangannya pun natural bgt. Sawah banget. Itu plusnya.
4. Toilet juga yaaaa lumayan bersih. Ada musola juga.
5. Lumayan bisa utk IG-able
6. Pelayannya ada yang ramah dan ada yang tidak. Kasirnya yg awal2 td ngelayanin aku agak rese ??"
5,2022-06-20T05:19:10.215Z,Bambang Yoko,Nyaman
5,2022-06-20T04:16:22.208Z,nur chaliq,Lebih enak dan nyaman jika perkunjung pada pagi sampai sore. Makanan rumahan yg bikin nagih
4,2022-06-19T11:39:01.106Z,Boby Wibowo,Lumayan...... Enak dan harganya lumayan
5,2022-06-19T01:41:19.283Z,"AZSA, CIKA & ELFA",Secara keseluruhan bagus..Pemandangan Bagus dan Selera Bagus ????
5,2022-06-18T11:32:11.057Z,Galuh Seto Aji,good view ngadep sawah.. yg punya muslim lagi..
4,2022-06-18T10:52:35.122Z,dian indah,Masakannya enak
4,2022-06-17T06:49:03.493Z,Wita Herwita,Makanan jawa standar + lumayan mahal?? dibandingkan dengan restoran serupa
5,2022-06-16T14:14:30.597Z,Hartoyo Gandhi,Sangat nyaman utk santai
5,2022-06-16T09:21:45.505Z,M Mustofa,Bagus
4,2022-06-14T12:49:31.047Z,Arif Samsudin,"tempat yg sangat cocok buat nongkrong dengan nuansa pedesaan, menu sangat variatif dan rasanya enak- enak harga terjangkau, dengan cara penyajian prasmanan."
5,2022-06-13T06:09:00.386Z,Sri Yanto Qodarbaskoro,"Ini a la carte, dengan berbagai makanan tradisional. Mereka juga mengambil beberapa makanan ringan berdasarkan permintaan. Makanannya enak dengan harga terjangkau. Mereka juga memiliki berbagai macam minuman dan minuman (kopi juga).
Mereka memiliki area yang luas di belakang dengan atap dan area dalam ruangan. Dengan pemandangan persawahan sebaiknya datang ke sini pada pagi atau sore hari untuk menikmati pemandangan dan semilir angin yang sejuk.
Restorannya rapi dan bersih dengan kru yang sangat sopan dan membantu. Saya merekomendasikan Anda mencoba tempat ini, terutama untuk menikmati masakan lokal dan pemandangan indah.
Ada juga musala yang sangat nyaman di dalam restoran, meskipun ada masjid di dekatnya."
5,2022-06-12T15:37:25.242Z,walkingtourbin,"Saya datang ke sini karena saya menemukannya di Google Maps yang dekat dengan tempat tinggal saya. Ya, aku telah jatuh cinta pada tempat ini pada langkah pertamaku ketika aku datang. Sawahnya hijau, suasana kawasannya begitu sejuk dan santai. Gaya interior dan desain Jawa merupakan kombinasi sempurna. Barangnya bagus dan ramah. Dan yang paling penting, mereka memiliki makanan yang lezat. Mushollanya besar dan saya senang karenanya. Ada baiknya ketika waktu magrib Anda ingin shalat dan tidak perlu menunggu dan mengantri."
4,2022-06-12T07:21:52.660Z,Eko Prasetyo Aji,Enak suasananya. Rame di weekend tp ga terlalu padet antri. Tempat luas
5,2022-06-12T00:32:20.516Z,Lilis Maria,"Tempat nongkrong yg asyik…makanannya enak..masakan rumahan dan  prasmanan
Cuman nasinya dingin..mungkin karena sudah malam ya…"
4,2022-06-11T09:28:19.873Z,dikha,"Tempat nya luas, cozy. Makanannya overall enak, cm bbrp kali kesana nasi nya keras. Huhu"
5,2022-06-09T16:53:06.841Z,Kemuning Jingga,"Tempat yg bagus dengan view sawah ijo. Karena datangnya siang, cuaca agak panas. Mgkn bagus datang sore hari.
Tempat cukup luas, parkiran juga, dan banyak tempat duduk, tinggal pilih mau duduk dimana..
Toilet juga bersih, ada tisunya, wastafel.
Sayangnya blm sempat icipin makannya, soale cm pesen kopi dan pisang goreng aja, coz pas datang udah dalam keadaan perut kenyang, abis sarapan buryam...
Pesen kopi tubruk susu dan pisang goreng. Lumayan."
3,2022-06-09T06:51:06.349Z,Ilmawan Havada Taqwa,"Beraneka macam masakan khas Jawa Ndeso, brongkos, lodeh, dll...
Menikmati makan dengan suasana sawah ...
Selamat mencoba aja he.."
5,2022-06-07T07:31:25.874Z,muhamat suropati,Kopi Mbah Gito mantap ????
5,2022-06-06T12:35:06.178Z,Jourdan doang,Enak murah..tempatnya lumayan.
5,2022-06-06T09:29:54.953Z,Beni Agus Sulistyo,Mak nuzzz
5,2022-06-06T06:54:36.183Z,Hadi Aris Purwanto,"Masakan Jawa Paling wenak... Mantap pol..
Semoga Pawon Mbah Gito semakin terkenal di pelosok Nusantara."
5,2022-06-02T21:59:21.252Z,Artha Official,Tempatnya bagus
5,2022-06-01T13:01:40.117Z,Iwan Kurniawan,"Tempatnya nyaman, makanannya enak.."
5,2022-06-01T10:42:56.323Z,Rani Gusbet,"Kesini itu ga sengaja karena bener2 get lost awalnya buat jalan sore. Mampir buat nyemil doang dengan pesan bakwan jagung dan teh, udah enak banget di sini. Tempatnya nyaman ala ala pedesaan, persis seperti yang rame di kaliurang atas. Di sini tempatnya kecil, tapi bikin nyaman banget karea sebelahan sama sawah. Menu makanannya banyak dan ada prasmanan juga. Asa wifi, tempat solat dan parkiran yg luas."
5,2022-06-01T09:53:53.130Z,Erwin Azman,"Tempat asyik, utk istirahat gowes"
4,2022-05-31T16:50:32.741Z,Hario Prabowo,"Rasanya enak, lokasi juga tidak terlalu jauh."
5,2022-05-30T10:00:29.972Z,Yuli Icum,Nyaman di peinggir sawah
5,2022-05-29T11:45:42.584Z,Dwi Nugraha,"Tempat enak buat nongkrong atau pun makan berat, cocok buat berpasangan, teman atau keluarga.
Score 1-10 :
Kenyamanan : 10
Kebersihan : 10
Fasilitas : 10
Rasa : 9,5
Suasana : 10
Akses lokasi : 9
Harga : 9,5
Layanan : 10
Parkir : 9"
5,2022-05-28T14:16:26.968Z,aris santoso,"Enak, tempat nyaman dan bersih."
5,2022-05-27T14:32:56.057Z,Asep Suherman,Markotop menu nya
5,2022-05-27T09:23:01.870Z,Yudhistira Wijaya,Makanan tradisional banget.tempat nyaman.top lah..
5,2022-05-25T10:35:09.994Z,Benjamin Onwaci,Asik nih tempatnya
5,2022-05-24T09:53:33.153Z,Shafira D. Cahyani,"Tempatnya bagus ya, bisa buat healing karna dikelilingi sawah. Bangunan nya juga cocok banget dipadupadankan sama sawah sawah sekitarnya. Rasa makanan relatif, balik lagi ke selera masing-masing orang. Kalau saya sekeluarga ya standar saja rasanya. Kami pesan beberapa menu yang tidak prasmanan dan menunggunya agak lama, yang akhirnya dibungkus saja. Ada musholanya juga yang bersih dan baby chair untuk balita."
5,2022-05-22T17:18:57.201Z,Indah Kusumawati,Bagus tempatnya nyaman suana desa
4,2022-05-22T15:00:17.786Z,Catur SP,"Tempat nya syahdu kali ya kali ya kl dtg pas sore hari dan gk hujan, kmrn pas kesana udah malem dan hijan lagi jadi view nya gk dapet. Overall pelayanan bagus, mas nya komunikatif, berhubung kesana malam, jadi makanan yang disajikan udah dingin, jadi pesen yang fress menu bakmi jawanan, standar sih rasanya,  porsi nya dikit, porsi ala2 resto gtu kali ya. Sukses terus pawon mbah gito"
4,2022-05-22T01:31:51.424Z,Cerita Dari Saya,nice place to hang out. makanannya enak but lil bit pricey
5,2022-05-19T14:58:41.929Z,Anyka Mayasari,Asik buat mkn dan ngobrol sm kelrg to tmn
4,2022-05-18T09:40:18.597Z,Johny Tiolemba,Perlu lebih banyak variasi menu. Rotasi menu berbeda setiap hari.
5,2022-05-17T06:52:22.213Z,Atika Puspita Wardani,
5,2022-05-16T08:13:32.397Z,Didin Wicaksono,Nyaman
3,2022-05-16T02:40:28.901Z,Timotius Sumarauw,"Update terbaru : Penentuan harga kurang pas, jadi jatuhnya makan seperti menu warteg tapi harga resto.

Tempatnya nyaman dan view sawahnya cukup menambah keasrian suasana. Sarapan atau ngopi sore hari jadi syahdu banget."
4,2022-05-15T03:06:54.835Z,Zee New,"Makanan enak, minuman enak, parkiran agak kecil, t4 nyaman, ada aliran selokan...ada mainan utk ank²...ank² suka"
5,2022-05-14T22:52:48.123Z,Mawarti Wati,"Keren abis , bagus pemandangan sawahnya membuat mata sejuk , udaranya juga adem Banget, tempat nya juga bersih dan tekstur bangunan nya Jawa banget ..
Makanannya prasmanan rasanya juga enak.. saat kita datang sdh disuguhkan singkong goreng dan beberapa minuman teh hangat dan wedang jahe
Pokoknya view resto Bagus
Cocok buat kumpul keluarga, atau nongkrong bareng teman-teman"
4,2022-05-14T07:31:34.062Z,Utik Kristi,"Tempatnya nyaman..pelayanannya ramah
Bubur Candil beda dengan yang lain.. ada apa??"
5,2022-05-13T23:42:14.503Z,Say Budiani,Tempatnya cozy bangeettt..diapit sawah kanan kiri...makanan enak..lokasi daerah kaliurang yg cuacanya lumayan sejuk untuk daerah jogja...next balik lagi ??
5,2022-05-11T10:06:18.769Z,Dewi s. wahyuningtias,Manteb iki. Kekinian bgt. Harga wajar
1,2022-05-11T06:37:38.790Z,BludStory,"over rate. banyak yang merekomendasikan tempat ini makanya sampai ngajak ibuk jauh-jauh ke sini. ternyata tempatnya biasa aja. bagian depannya tampak belum sempurna, bagian dalamnya pun tidak istimewa. rasa makanannya biasa dan yang lebih parah adalah alat makan yang seperti tidak dicuci sempurna. masih kuning-kuning. bahkan salah satu wedang yang kami pesan masih banyak tanah liat dari rempah yang digunakan. kenapa pesan wedang? karena minuman-minuman lain yang ingin aku pesan tidak tersedia semua. saran saja, jika tidak tersedia tolong diberi tanda atau diinfokan sebelumnya. jadi saat order tidak selalu dijawab 'tidak ada'. untuk kali ini saya merasa tidak puas dengan tempat makan di jogja."
4,2022-05-11T03:06:33.203Z,KAlesio64,"Saya suka makanan yang mereka masak, pemandangan di luar, dan terdapat banyak meja yang dapat diduduki oleh banyak orang. Saya menikmati pengalaman di Pawon Mbah Gito"
4,2022-05-09T13:51:32.487Z,Anggun Dwi,Beragam pilihan menu lauk dan sayur dan tempat yg nyaman di tepi sawah serta mushola yg luas dan bersih
5,2022-05-08T12:07:43.264Z,Agus Waluyo,"Excelent, religi, nyaman mantap"
5,2022-05-08T09:31:07.245Z,Eka Ahmad,"makanannya enak
tempat oke

mantappp????"
4,2022-05-08T07:36:55.596Z,Anthony wong,"Standard, servicenya ramah, kemarin ke sini pas bulan puasa dan ada paket all you can eat tapi pilihannya menurut ku kurang variatif, harganya standar (masih masuk akal). Bakal ke sini lagi."
4,2022-05-07T16:52:47.311Z,loka hita,lumayan
5,2022-05-07T14:20:21.545Z,Ch Putra,Tempat yang bagus dengan konsep otentik. Tempat yang bagus untuk bersantai bersama keluarga atau teman. Mereka menyediakan pemandangan sawah dengan berbagai gaya duduk.
5,2022-05-07T09:25:41.990Z,Angga Firmansyah,Tempat dan makanan nya enak.. cuman akses masuk dari jalan raya saja yang kurang lebar.. untuk rombongan bus masih susah masuk..
5,2022-05-06T22:06:30.092Z,dwi nurcholisyah,Enakk... Tempatnya juga nyaman
3,2022-05-06T05:57:34.680Z,Melva,"Untuk tempat makan dengan masakan ndeso, rasanya biasa aja. Enaknya ga wow yang luar biasa banget sih. Nasi kalau di tempat lain itu masih panas, di sini nasinya dingin. Pesan mie godog juga datangnya hangat2 aja, ga panas. Pengaturan tempat duduk kurang lega. Jarak antar meja dekat, jadi kalau mau jalan sempit.
Wedang temu kangennya lumayan. Kalau mau ke sini enaknya sore2 menjelang magrib jadi viewnya bagus. Kalau malam, pemandangannya ga keliatan."
5,2022-05-04T02:17:43.921Z,Novian Kurniawan,Tempat nyaman di tepi sawah. Makanan pun enak rasanya.
5,2022-04-28T14:31:49.175Z,Annisa,"Mantab, ini menu buka paling menyenangkan, enak, komplit, pas, murah ????????
Very nice ambience ??
All you can eat ??
Menu banyak, ada 12 macam ??
Takjil enak dan pas, minuman, duh pokoke the best ??
Murahh ??
Humble and friendly staff ??
Best experience so far ??"
4,2022-04-26T08:16:10.512Z,Ningsih Sulastri,lumayan lah karena datang saat menjelang lebaran dan ada promo all you can eat mulai 55rb/pax. pemandangan menurut saya bagus. ada musholla di sekitaran rumah makan. fasilitas memadai dan bersih. pegawai ramah2 dan masih pada muda juga
5,2022-04-26T05:58:08.110Z,Shakeera Ameera,Bagus tempatnya makanan nya jg enakk
5,2022-04-23T15:42:00.814Z,jogja motorlistrik,Berkembang luas sekarang
5,2022-04-17T21:50:24.357Z,Nur Azmi Ainul Bashir,"Rekomended banget buat kamu dan temen-temen atau keluargamu yang pengin makan ditemeni suasana pedesaan sejuk nan asri tur nyenengi. Lokasi di pinggir sawah, agak masuk kalo dari jalan besar jadi suasana nyaman buat ngobrol. Nuansane njowoni banget, bakal betah berlama-lama di sini bareng temen atau kekuarga.
Harga termasuk murang dengan tag all you can eat. Mengunjungi saat bulan ramadhan banyak pilihan takjil.
Mantap.
18 04 2022"
4,2022-04-14T04:35:34.915Z,Sri Murtono,Tempat bagus sih pinggir sawah tapi sayangnya Pelayanan sangat lambat dan parkir kurang luas...kalau soal rasa silahkan coba sendiri...krn selera orang beda2
5,2022-04-12T07:23:51.757Z,jenk ita,"Tempatnya Nyaman,Tenang dan makanannya enak harga murah"
2,2022-04-11T11:46:52.175Z,Zesa Ade Putri,"Tempatnya bagus, estetik. Tp sayng AUCEnya sangat tidak rekomen. Saya sudah reservasi, berhubung buka puasa pukul 17.45 saya ambil makanan pukul 17.30 tp saat mau ambil sudah habis2an. Hanya kebagian gorengan dan live cooking bakmi jawa. Saya pikir akan direvil jd saya tunggu di jam lain. pukul 18.30 saya liat prasmanan tidak ada revilan sama sekali masih sama. Alhasil saya hanya buka puasa dengan gorengan, bakmi jawa, dan 2 gelas teh yg tdk manis :("
4,2022-04-10T02:28:57.263Z,norma presdiana,"rasa makanan enak,
tempat aestetik banyak spot buat foto,
pelayanan ramah tapi pas pesan sop ayam agak lama, teman2 sudah selesai makan baru sopku datang ??
salah satu tempat makan siang masakan jawa yg recommended dengan suasana jawa ketika berkunjung ke jogja…"
5,2022-04-06T10:43:51.816Z,Rizki Darmawan,Makanannya enak suasana juga enak. Suasa pinggir sawah
2,2022-04-05T03:08:00.787Z,Anggita Saraswati,"Pelayanan sangat lama, padahal udah reservasi sebelumnya. Mana yang prasmanan udah habis lagi. Semoga kedepannya lebih baik lagi."
3,2022-04-01T09:24:21.351Z,Mulkan Matondang,"Tempatnya bagus dengan view sawah, namun kalau pesan makanan lama sekali dan pelayanan nya juga lambat, menu juga tiba - tiba habis"
3,2022-03-29T10:05:21.763Z,Mama Carllota,"Pas kesana lewat aja sih dilihat menarik aku langsung kesana....
Ketika di sajika. Menu prasmanan sudah ambil donk ya..makanan 2 porsi..tapi menurut ku kurang bervariatif atau udah habis gak tau...sama dapat kebagian nasi yg keras gak nasi yang pulen gtu....ya udah lah ya..habis itu milih tempat duduk yang di pinggir kolam...anak ku duduk di pinggir kolam..karena agak gerimis ada mas mas nya langsung ambil bantal yg ada di kursi anak ku..tanpa ngomong apa apa tiba tiba nylonong...ya gimana ya....?? Ya kan bisa yawh bilang ""permisi bu"" atau apa bukal.langsung angkut padahal ada bantal buat mainan anak ku...mas nya ada masalah apa sih...lagi kalah kripto?? Atau lagi putus cinta...????"
5,2022-03-25T02:24:33.022Z,Rahman seblak,Kopinya mantul segar.suasananya memang pas dengan namanya.cocok untuk singgah dari luar kota
5,2022-03-23T06:21:20.324Z,prasetyo pribadi,"Tempat yang sangat nyaman buat nyantai sambil menikmati hidangan nikmat, view sawah dan pedesaan yang masih asri, alunan tembang jawa syahdu mengiringi dan sesekali sautan kicauan burung burung........adem tentrem rasanya melihat pak tani memanen padi."
5,2022-03-22T22:37:03.503Z,Anik Susilowati,"Sedap dan njawani masakannya , asri damai nyaman lokasinya menyatu dg alam"
4,2022-03-22T14:31:41.972Z,Yudharinto Imam,Bisa juga resto...suasana dan rasanya oke
5,2022-03-20T03:56:22.431Z,Vrida Sugandhi,"keren tmpt nya
makan nya murah meriah
view nya merapi mountain"
5,2022-03-20T02:31:10.880Z,KOPRAL YUDHI,
4,2022-03-19T07:25:51.919Z,Kemangi,"Berada di tengah persawahan, menyenangkan sekali makan siang di sini. Menu bawa pulangnya pilihan nasi putih dan nasi merah, sop ndeso, sayur asam, brongkos, lodeh, aneka oseng: oseng tempe, kikil, usus, daun pepaya, pare. Lauk pauknya juga bervariasi: tahu tempe bacem, tempe goreng, telur kribo, telur asin, aneka lele, sambal dll. Rasanya enak.

Ada jenang-jenang juga, biji salak, sumsum hijau, dan jenang coklat.

Es Dawet paling suka. Sangat segar!"
5,2022-03-16T04:23:59.658Z,Hariyanto KTM,Suasana asri ditengah sawah…sambil menyantap masakan rumahan Indonesia
5,2022-03-15T02:16:21.891Z,Pranowo Harsrahardjo,Masakan2 nya semuanya uenak......
1,2022-03-14T06:02:04.649Z,Julendra Ariatedja,Suasana bagus. Family dan milenial pasti suka. Sayang nasinya kayak bubur dan ... ada bonus kec*a
5,2022-03-14T05:22:41.233Z,Danu Aprilianto,"Suasanya santai, pegawai ramah” makannya enak”.. timun mesem the best sih sueger poll"
4,2022-03-13T01:46:12.914Z,Imam Jatra,Tempat keren untuk sarapan
5,2022-03-08T17:08:30.698Z,Ichsan Luqmana,"Tempatnya cozy, makanannya enak terutama ayam suwirnya.."
5,2022-03-07T06:35:16.352Z,Christina Mayang,"Walaupun pintu masuknya kecil dan sempit, tapi dalamnya luas memanjang kebelakang. Makanan enak2 apalagi dawetnya seger banget. Ada dimsum juga. Pemandangan sawah asri apalagi kalau sore. Parkiran untuk mobil kapasitas mungkin cuma sekitar 6-7 mobil."
5,2022-03-06T08:56:08.936Z,Etnan Suwondo,Tempat dan makanannya oke
5,2022-03-06T06:18:05.878Z,Atika Atika,Pagi2 habis gowes...istirahat di Pawon Mbah Gito ..sangat asyik dan cocok... hilang semua rasa lelah...ditambah terhidang makanan dan minuman yang enak.....  Rokumendet deh.... ??
5,2022-03-06T05:56:30.366Z,Amdad Aly65,"Menunya beragam dan dengan sistem prasmanan.
Makanannya enak, tempatnya santai dan luas"
4,2022-03-05T01:49:34.326Z,Rasmi Nur Aeni,"Resto bergaya campuran tradisional dan modern dengan berbagai pilihan menu - semua miroso dan lezat... Nasi Putih, kuning dan merah, berbagai lauk dan sayur, pilihan berbagai minuman panas dan dingin, ada jenang campur, snack, gorengan, dll ... Harga terjangkau dan kompliiit !
Area joglo cocok utk yg ingin merasakan suasana tradisional...area selain joglo bernuansa ""kekinian""..."
5,2022-03-04T09:51:20.044Z,Siti,MashaAllah.. viewnya keren banget?? suka sekali.. makanannya enak masakan khas jawa.. mangut lele
5,2022-03-03T19:45:50.857Z,Pandawa Lantai 2,Recomended banget
5,2022-02-28T09:32:49.735Z,Tri Purnomo Aji,"Berkesan saat pertama kali berkunjung. Tempat nyaman untuk menghilangkan stress, jauh dr keramaian kota, makanan enak harga terjangkau, ada spot foto, musholla cukup luas dan juga bersih.
Bisa berlama lama disini untuk sekedar santai.
Semoga bisa berkunjung lagi lain waktu untuk bersantai dan mencoba menu yang lain. InsyaAllah.

Saran untuk pemilik, mungkin lebih baik kalau parkiran motor nya dan jalan menuju parkir ada tempat berteduh sehingga tdk kehujanan.
Barokallahu fiikum."
3,2022-02-28T09:29:59.206Z,Rahayu Ernawati,"Makanan minuman biasa saja ga ada yg istimewaaaa, yg istimewa pelayanannyaaaa luuuaaaaaaaamaaaaaaa pake bangetssss"
5,2022-02-28T04:39:17.871Z,Agung Wicaksono,Sarapan dengan harga yang cukup affordable dan bisa sambil main karena ada mini playground lumayan untuk anak-anak bisa sambil main
5,2022-02-26T02:31:36.584Z,·S A B E R G H O S T·,"Sangat Enak, Ada Banyak Variasi Makanan"
5,2022-02-21T13:45:27.006Z,Rahmat Ramadhani,"varian makan dan minum tradisional. suasana sangat nyaman seperti suasana tengah sawah. area makan luas. terdapat mushalla dan toilet bersih.
sangat saya rekomendasikan sebagai lokasi makan bersama keluarga.
Top Markotop!"
5,2022-02-21T03:49:12.325Z,Nur Rianto,Tempat yg super enak di sertai pemandangan ssawah dan kicauan burung. Nyaman san bersih. Makanan enak dan terjangkau. Mohon agar pelatihan karyawan untuk pelayanan perlu di tingkatkan menjadi lebih baik lagi.
5,2022-02-18T00:25:01.961Z,Denas Nugraha,"Suasana pedesaan asri, menu pilihan banyak, tradisional sampe modern..."
5,2022-02-15T05:33:20.271Z,isnaini subkhi,Tempatnya asik..area belakang bisa buat momong anak kecil. Rasa dan harga oke lah
4,2022-02-14T23:19:56.084Z,Arsita Dian Anggraeni,"tempatnya enak, di tengah sawah. Sepertinya kalau ke sini lebih baik makan siang. Untuk makanan rasanya cukup enak. Nasi goreng PMG yg paling oke"
5,2022-02-14T14:13:25.535Z,Arini Rahayuning NK,"Tempatnya agak masuk kedalam, viewnya bagus untuk masakannya lumayan enak harga juga sesuai ko kalo ala carte. Untuk menu prasmanannya gak sempet cobain.. so far good"
3,2022-02-14T01:57:10.840Z,Ninik Sri Suryandari,"Rasa makanan biasa aja, cenderung sama kayak warung-warung di sekitar rumah, cuma dikemas dalam bentuk yang fancy jadi harganya mahal. Terletak di kampung dan di tengah sawah, cukup asri jadinya.
Bikers friendly, cukup menyenangkan utk para goweser melepas lelah sebelum lanjut gowes lagi.
Untuk perkiraan harga, kami bertiga, makan prasmanan, pesan beberapa gelas minum dan 2 porsi gorengan, habis 180rb-an."
5,2022-02-14T00:07:57.552Z,Mohamad Bayu,Cocok untuk ngantuk
5,2022-02-13T10:24:26.236Z,Genkze,Tenok
5,2022-02-10T11:13:39.908Z,Bella Stasia,"untuk makanan enak, jenang nya enak, minuman jeruknya manis tidak asam enak, tapi pelayanan kasirnya gak sabar, panik juga, tempatnya enak kok, kalau harga di atas rata rata masakan rames pinggir jalan, ada rupa ada harga nya"
5,2022-02-09T08:13:30.063Z,R Mulya Djak (rollymb),"Tempatnya enak, mkn an nya juga, terutama sop ayam kampungnya.."
5,2022-02-09T05:49:23.859Z,Sasmeita Barliani,Estetik.. nyaman..??????
5,2022-02-08T07:48:15.706Z,Sekar Taji,"nyaman tmpatnya,hrg terjangkau...??"
5,2022-02-08T04:28:58.180Z,SARIF HIDAYAT,"Makanannya enak, kopinya rasanya kayak kopi."
4,2022-02-08T00:30:55.183Z,Abah Andromax,Saya menyukainya...??
4,2022-02-07T10:07:48.278Z,Martin Jati,"tempat yang asik dengan nuansa mewah (mepet sawah) klasik, dengan hidangan yang klasik
asik untuk kumpul kumpul
cukup ramai di akhir pekan"
5,2022-02-06T02:02:28.199Z,Yuliana S,"Makanan enak
Tempat enak
Harga enak

Kalo rame.. binugn parkir dan cari tempat duduk"
5,2022-02-06T02:02:21.523Z,Mardhiya Hayaty,"Tempat finish favorit ketika jogging pagi. Menu sarapan traditional lengkap, ownernya Muslim, masakan halal, tempat bersih, fasilitas toilet dan musholla selalu dijaga kebersihannya. Viewnya hamparan sawah, menyejukkan pandangan.."
5,2022-02-05T04:29:40.777Z,Jo A,Enak temptnyaaa makanannya juga beragamm
5,2022-02-05T02:30:30.788Z,Matheus Umakela,Makanan di sini enak dan murah
4,2022-02-03T13:45:27.956Z,Niikakichi -,ini makanannya enak semua ?? mo nanges. Cendolnya juga juara. Makan segitu banyak buat 6 orang cuma 200 ribuan ??. Makan sambil liat sawah enak banget!
5,2022-02-03T12:17:54.379Z,Andhika Mas Maulana,"salah satu rumah makan yang cocok untuk keluarga. terletak di tengah area persawahan membuat suasana asri dan segar. terdapat menu prasmanan yang bisa dipesan sejak buka, dan menu alacarte yang dapat dipesan setelah jam 2 siang"
5,2022-02-02T11:50:03.156Z,ulfah alfiana,Nyaman
3,2022-01-31T01:57:56.534Z,Anastasia Ela,"Suasananya Jawa banget,bersih dan adem banget buat mata??"
5,2022-01-30T07:29:06.918Z,Dwi Oktianita,"Tempatnya bagus, makanannya juga enak, murah dan ramah di kantong.. Yang penting masjidnya masyaAllah bersih banget.. Anginnya sejuk."
4,2022-01-29T08:57:13.879Z,andik w.,Direkomendasikan untuk makan siang atau makan malam keluarga
5,2022-01-28T16:03:11.684Z,Arif tri wibowo,Dingin
5,2022-01-28T09:35:56.929Z,Marcella Pradita,"Tempatnya luas, mejanya banyak, tapi space antar meja sempit. Menu prasmanan beragam dan enak. Snack cukup enak, minuman ada banyak pilihan."
4,2022-01-27T20:51:56.232Z,Agus Gendut,"Tempat nya bagus
Makanannya enak
Harga juga biasa"
5,2022-01-27T12:29:15.112Z,eecaak “woychull”,"tempat ngopi yang nyaman ditambah dg susana pedesaan yang asrii banyak spot foto yang instagramable??
wajib banget buat yang belum pernah kesini,,apalagi masakan khas ndeso yg tidak kalah enaknyaa??"
5,2022-01-26T22:53:41.341Z,Arif Nugroho,"Suasana pedesaan, pas buat yang ingin menikmati pemandangan. Paling pas saat pagi pagi ke sana. Menikmati kopi dan pisang goreng nya. Jos gandos"
5,2022-01-26T13:54:52.310Z,Nisa Karimatu,"Tempat yang nyaman,mempunyai banyak spot foto yang bagus suasana asri ditengah persawahan untuk masakan tidak kalah enak rasanya??"
5,2022-01-26T13:35:13.656Z,Fauyan 25,"Kuliner jogja yang bikin ketagihan, rasanya enaknya banget makan,minum dengan view alam persawahan. Tempatnya bikin candu banget"
5,2022-01-26T13:18:16.981Z,Firhand Pahlevi,Restoran yg cocok untuk family kopi nya rasanya ga kaleng2 kopi sachetan aja kalah… semoga pawon semakin maju laris manis ????????????????
5,2022-01-26T05:49:14.649Z,R. Ajeng Prameswari,"Masakan rumahan, enak pol. Fasilitas juga oke. Kalo kesini pagi sepertinya suasananya enak."
5,2022-01-25T13:51:51.198Z,Arinda Puspitasari,"Dari suasana sekitar dan dalam restoran, kasir, mbak2 mas2 yg antar makanan, semua bintang 5. Buka dari pagi jadi cocok yg pingin sarapan sambil nikmatin alam pagi syahdu disini. Menu relatif enak dan variatif, ortu saya aja suka. Mushola luas bersih terawat, parkir luas & petugasnya helpful. Toilet bersih."
5,2022-01-24T18:08:54.657Z,Ibnu Mulkan,Disini masakannya enak2. Tempatnya adem. Viewnya sawah2.
2,2022-01-24T10:08:01.913Z,Miranda Azari,"Kaget, syok untuk harga menu prasmanan nya berdua dg menu seperti ini 80k lebih. Jiwa emakku meronta, padahal tempatnya masuk bgt ga dipinggir jalan besar ini melebihi Jakarta harganya, ambil ayam suwir dikit bgt dihitung 10k, sate juga 10l, nasi 12k ya Rabb. Semoga ownernya baca, supaya makin Barokah usahanya kalau customer yg makan ridho dan puas."
4,2022-01-24T08:37:15.771Z,Khusnu Ramadhan,"Masakan enak,kayak ditengah sawah."
5,2022-01-23T14:54:31.262Z,rony trilaksono,"Lokasi mudah ditemukan dengan menggunakan googlemap. Parkiran cukup luas, suasana pedesaan, dikelilingi sawah, arsitektur tradisional jawa.

Pramusaji sangat ramah dan sangat membantu. Kita dapat melakukan reservasi tempat dan pemesanan menu dapat dilakukan sebelum kedatangan untuk menghemat waktu.

Tersedia menu prasmanan dan ala carte.  Menu makanan khas citarasa Jawa-Jogja. Menyediakan minuman tradisional yang menghangatkan tubuh.

Terdapat mushola yang bersih dan cukup luas. Fasilitas toilet duduk cukup bersih. Banyak spot untuk dijadikan latar belakang berfoto.

Harga makanan dan minuman terjangkau. Pembayaran dapat dilakukan menggunakan cash, debit card, maupun QRIS."
5,2022-01-23T13:09:45.079Z,Joinem Amin,Tempat yang bagus
4,2022-01-23T11:26:49.022Z,Naomi Hana,"Untuk makanannya ngga banyak komen, enak. Porsi pisgornya banyak, sebelum ini beli harga 10K cuman dapet sebiji yg diiris jadi 5, di mbah gito harga 12K banyak bgt ??. Seneng banget anakku pas disini, bisa liat ikan, burung dan ayam, pemandangannya juga bagus banget ??.
Moon maap menu sarapan ngga kepoto, udah keburu nyuapin anak, tapi enak kok ??"
4,2022-01-22T15:21:04.744Z,agung wibowo,Enak makanan
5,2022-01-17T16:57:08.981Z,ika rahma susilawati,Resto dg aneka menu rumahan... rasanya mantebbb abiss... harga lumayan mahal krn dihitung per tambahan item di piring.. tapi yakin worth it dg rasanya... suasana dipinggir sawah juga bikin seru dan asyik
4,2022-01-16T08:56:57.945Z,Marcellino Andri,"Enak,mantab"
5,2022-01-16T06:39:32.228Z,Sigit priyo sambodo,Makanan rumahan dipadu suasana sawah
5,2022-01-16T00:37:44.586Z,Arief Syambodo,"Tempatnya nyaman, masakan prasmanannya enak. Ada nasi merahnya juga ??"
5,2022-01-15T12:57:14.748Z,Wage Tri setyo,Enak
5,2022-01-12T13:05:16.451Z,Abine Akbar Syifa,"Nyaman, nuansa pedesaan"
5,2022-01-12T12:28:50.451Z,Anjung Sri Setyawati Nur Hayati,"tempatnya nyaman,makanannya uenakkkk tenann lo rekkkk,????"
3,2022-01-12T03:37:19.746Z,Sigit SETIAWAN,Sudah bbrp kali ke sini. Sayang yang terakhir seperti terjadi kebingungan dalam menghitung porsi pesanan. Lbh baik harganya ditulis saja jadi ga bikin bertanya2. Mahal gapapa asal enak.
5,2022-01-10T08:22:03.456Z,hasan,"Tempatnya enak bgt, asri dan makanan tradisionalnya enakk"
5,2022-01-09T08:45:24.401Z,deddy mediyanto,"Tempat nyaman untuk santai sambil menikmati hembusan angin persawahan, menu makanan komplit dan rasanya wuenak pooolll...????????"
5,2022-01-08T02:56:55.730Z,Roby Wijanarko,Tempat sarapan yg lumayan nyaman utk sarapan dengan diapit hamparan sawah hijau jadi betah berlama lama.
5,2022-01-05T01:10:47.682Z,r.shufiyati,"View-nya bagus (lebih bagus lagi kalo pas sawahnya belom panen hehe), pelayannya ramah, ada menu prasmanan & non-prasmanan, pilihan tempat duduk banyak, menu kopi juga banyak, ada mushola, prokes ok. Sayang medannya kurang friendly utk orang tua yg pakai tongkat/kursi roda ya kak, pdhl menu2 ndesonya cocok utk orang tua."
5,2022-01-04T06:18:09.830Z,Amalina Budiati,"Suasana santai, makanan menu rumahan dan enak, cocok untuk makan siang dengan keluarga"
4,2022-01-02T14:51:51.027Z,Reizki Fitriani,"Tempatnya nyaman,, luas... Menu makanan dan minuman beragam,, banyaaaaakkk pilihannya. Dan semuanya enak dooonkkk... Sayang utk menu jawa²nya open order mulai dr jam 14.00 siang. Suka bgt sih sama citarasa masakan ndeso dsni. Bener² bikin kelingan jaman dulu masakan simbok ??"
5,2022-01-02T13:39:22.447Z,Zaida Aulia,"Kami duduk disini hampir 2 jam, menikmati kebersamaan dengan keluarga dalam suasana pedesaan.

Nyaman banget, teduh, sembari melihat hamparan padi.

Menu makanan juga ala ndeso, sesuatu yang kami rindukan dan tak ada di metropolitan. Mulai aneka lodheh, mangut, sambal goreng, tempe bacem, oseng daun pepaya, semua nya ??????...

Sayang nya, tempat parkir nya ngga luas, jadi dari tempat parkir ke tempat makan jalan nya lumayan, cukup menyiksa kalo tengah hari panas panas.

Tapi overall bagussss....

Semoga tambah Lariss"
5,2022-01-02T12:47:08.620Z,Sanjaya Tomy,Enak dan tempatnya asik
5,2022-01-02T06:00:52.064Z,Kang Poer,"Pawon mbah Gito menyajikan kuliner alquran ndeso, dengan rempah dan bumbu yang pas memberikan citarasa yang berkelas, harga juga terjangkau, view dapat melihat Merapi secara langsung. Pokoknya top plesir channel"
4,2021-12-31T02:55:40.991Z,Pranz SU,"Tempat ok, masakan ok, hanya masalah parkiran dan untuk lantai tangga (undakan) musholla licin bila sudah terkena air/ hujan ??"
4,2021-12-28T05:35:43.885Z,Murtijanto Surogapluk mr,"Porsi kecil, harga terjangkau, makanan lezat"
5,2021-12-26T23:18:13.997Z,HS Siregar71,"Tempat yg asyik buat santai dgn alunan musik yg sangat romantis,,, makanan dan minuman jg sangat enak rasanya dan pelayanan sangat ramah,,,, dan harga terjangkau murah,,,,"
5,2021-12-25T03:44:53.619Z,Okky Krisna Achmadi,Enak makanannya dan enak untuk ngumbar anak2. Kali kecilnya sangat pas untuk bermain anak2.
5,2021-12-23T04:57:44.841Z,Stefanus Agoes,kopi hitam gula aren nya ??sedep
5,2021-12-17T12:49:37.003Z,Aprilian Ayu,"Menu masakan Jawa, enak,, tempatnya juga nyaman
Kopinya enak"
5,2021-12-16T05:52:42.992Z,Alina Rahma,Makanan enaaak…variasi banyak dan yang paling nyaman gak perlu antri hanya untuk ambil makan????
5,2021-12-14T10:15:08.698Z,Sigit Setiawan,"New Place for kongkow pagi2. Enak, otentik makanan Jawa. Ownernya ramah. Ada harga ada rupa. Recommended place to visit."
5,2021-12-12T13:35:14.731Z,Eko Setyorini,"Tempatnya enak buat nongki,makanannya jg recommended,harga sesuai dengan rasanya ??"
5,2021-12-11T04:24:50.523Z,Ayah'e Dimas,..losshh .. ga' pake' rewel ..masakan.Na huenak ..suasana.Na huapik ..moga ada waktu kunjungan lagihhh
5,2021-12-07T10:13:45.167Z,Kazzu,Sip lah kayak makan Salang
5,2021-12-03T04:45:24.849Z,Zulfian Muhasyar,"Makanannya enak, suasannya enak dan asri, dan juga klo pagi hari banyak pesepeda yg mampir dan makan disini. Jdi ada parkir sepeda, parkir mobil dan motor pun sangat luas. Pelayannya ramah, jdi recommended"
5,2021-12-02T18:31:34.402Z,Nuni Rini S,"Suasana tempat yg nyaman, sejuk dg pemandangan alam sawah yg terbentang dg area parkir luas, tempat ibadah, dan unik.
Menu yg disajikan khas dg daerah."
5,2021-11-30T11:46:53.987Z,goesboed,"Harga aman, menu komplit, lokasi tengah sawah, cocok buat  orang dari kota"
5,2021-11-28T18:49:21.400Z,bintoro buwono,"makanannya enak semua, tempatnya nyaman, romantis??"
5,2021-11-28T09:23:11.784Z,Caraka Yuga,Lumayan lah makanannya
5,2021-11-27T16:08:29.088Z,tiffa sutopo,"Salah satu tempat di jogja yang menawarkan atmosfer pedesaan dan makanan rumahan yang disajikan secara prasmanan. Secara situasi dan lokasi ukup asik untuk nge-chill di akhir pekan.

NAMUN, saat weekend, lebih baik ke sini saat jam buka (sekitar pukul 7), jika ingin sesi bersantai tidak terganggu dengan banyak orang yang beristirahat setelah bersepeda atau rombongan keluarga yang sarapan di jam-jam di atas jam 7.30-an. Selain itu, semakin siang, parkiran dekat lokasi cukup susah didapat, meskipun mereka juga menawarkan valet.

Jangan kaget kalau begitu jalan masuk, kamu disambut area yang isinya kursi meja dan pojok suvenir karena lokasi untuk makan ada di belakang. Ketika masuk, ambil makanan yang diinginkan, ke kasir untuk hitung makanan serta pesan minuman. Setelah itu, akan diberikan nomor meja untuk pengantaran minuman.

Pastikan sebelum pulang bayar yakkk.. soalnya, proses pembayaran dilakukan di kasir sebelum kamu pulang. Apalagi kalau kamu memilih duduk di area depan resto. Lalu, sekalian menghindari bingung antri bayar karena kasir checking makanan dan bayar jadi satu. hehehe.

Nah, dari segi makanan, makanan yang ditawarkan cukup bervariasi mulai dari pilihan nasi merah dan putih, sayur lodeh, hingga lauk pendamping seperti telur, tahu tempe bacem, dan sate ayam, serta masih banyak lagi.

Minuman yang ada di menu juga beragam mulai dari wedang-wedangan seperti teh, minuman sereh, lalu ada juga jus, hingga kopi tubruk hingga americano.

Secara harga relatif harga restoran berada di range medium tergantung jenis lauk yang diambil serta minuman yang dipesan.

Secara keseluruhan, aku suka sih makan di sini. Hal yang terpenting, proses jalan dan naik turun di lokasi tidak ekstrem, jadi untuk yang bawa orang tua atau kursi roda, jalan tidak terlalu bumpy dan berbahaya."
5,2021-11-27T09:53:02.795Z,Bambang Handoko,Pemandangan yang bagus
5,2021-11-26T12:34:35.306Z,D A,"Mungkin ini jadi pilihan terbaik buat yg rindu masakan jawa tradisional (ibarat di rumah kakek nenek) , makananya enak2.. bumbu2 nya pas menurut aku. .

Cuman kebetulan pas kesana lagi rame karena ada orang2 dari kementrian pemerintahan, rombongan dengan sepeda mahal mahalnya ituuuuu.. jadi kesanya semrawut. Dan kurang ada pegawai yg jaga pintu utk sekedar mempersilahkan duduk di tempat yg masih tersedia atau harus duduk dimana ketika sdh rame ??."
5,2021-11-26T09:01:36.500Z,Diasa Raharni,"Taste: ???? of 5. Suka banget sama opor ayamnya.
Ambience: semi outdoor. Kalau habis hujan jd sejuk, asri rasanya. Tp kalau pagi atau siang yang terik cukup panas. Pemandangan bagus.
Parkir: cukup banyak
Pegawai: ramah-ramah"
5,2021-11-21T15:50:43.376Z,nita kurniawati,Enak bgt tempatnya. View nya bagus. Makanannya juga enak. Untuk harga nya lumayan worth it lah...
5,2021-11-19T12:17:38.951Z,Irfan JTW,"Masuk parkiran cukup luas tempat memanjang cocok buat kumpul keluarga temen sahabat pacar (kalau ad) makananya ad yg prasmanan ada yg tdk,  minuman hangat beraneka ragam daribteh hingga kopi yang sger2 juga ada, mushola cukup besar dan bersih, sayangnya hujan jd kurang nyaman"
5,2021-11-18T07:58:08.347Z,Candra Dewantoro,Sangat cocok untuk keluarga dan teman. Suasana yang cocok seperti di pedesaan.
5,2021-11-16T07:53:11.678Z,Kabul Seriacita YW,"Lokasi Rumah makan ditengah pedesaan, dikelilingi tanaman jagung dan suasana sedikit sejuk .
Menu makanan yang bervariasi dan enak."
5,2021-11-16T03:21:27.011Z,Paramita K,"Ini warung yg bisa direkomendasikan untuk cari sarapan, makan siang, makan malam, dengan tempat yg kekinian dengan konsep ruangan terbuka tanpa dinding di tengah sawah"
5,2021-11-16T02:24:05.180Z,achmad avandy,Untuk sarapan untuk makan siang suasana pedesaan...jadi pengen balik lagi ke pawon mbah gito
4,2021-11-15T23:13:40.815Z,Gieartho Gie,sangat santai untuk dinikmati
5,2021-11-15T17:08:23.091Z,Antonia Amandipa,"Nyaman,asri"
3,2021-11-15T07:51:05.530Z,Yunita Fera Rahmawati,Pelayanannya lamaaaa
5,2021-11-14T04:32:25.787Z,Riza Yitnawati,Asyik tempatnya luas nyaman
5,2021-11-14T04:23:16.072Z,Ardhini Meikhana Sari,Saat-saat bahagia bersama PMG
5,2021-11-13T06:45:38.784Z,Emy Kusparyati,"Rasanya enak, pemandangannya indah"
5,2021-11-13T03:59:07.475Z,Nassar Paluseri,Tempat bagus
5,2021-11-11T09:30:56.326Z,Andina Sekar,"Pas kesini pagi2 mau sarapan, awal masuk ke resto biasa aja depannya, kaya resto model joglo pada umunya.. Pas masuk ke belakangnya ternyata wow, suasana syahdu (pas ujan jg ak ksini) tradisional mix modern, ada ruang makan dgn meja2 panjang utk keluarga, ada juga kursi2 ato tempat makan lesehan yg khas anak muda, Sayur dan lauknya pagi2 dah komplit, jajanan dan minuman juga banyak macemnya.. Rasanya enak, harga standar.. Malem2 ksini ama suami enak kayaknya??... Sukses selalu yaaa"
5,2021-11-09T11:05:49.895Z,Kartika Ayik,"Resto dengan ambience pedesaan masa lalu, menu masakan khas ndeso Jawa. Mengajak orang tua makan serasa dirumah atau sekedar wedangan berikut camilannya, serta bercengkrama penuh kehangatan. ??????"
4,2021-11-07T07:57:06.287Z,Mamah Tatik,"Mantul ????
Rasa masakan enak, sedep, bumbunya pas, tempatnya nyaman, bebas tapi ttap *prokes*.."
5,2021-11-07T01:03:10.420Z,Dhony Fitriyana,"Suka dengan menu khas masakan ortu.. suasananya juga cocok dengan lingkungan pedesaan, natural banget. Untuk nasinya ada beberapa pilihan, nasi kuning, nasi merah dan nasi putih seperti umumnya. Sayur dan lauknya banyak pilihan khas pawon (dapur) desa. Minumannya juga komplit, terutama untuk menghangatkan badan di suasana yang agak dingin."
3,2021-11-02T14:55:34.286Z,nia effendi,Tempatnya bagus tapi jauh dari yogya
4,2021-11-02T04:57:21.042Z,vivo vit,"kesini pas malam minggu
makanan buffetnya tinggal sisa sisa
kalo mau pesen katanya lama, karena rame
tapi restonya keren penatannya, lumayan buat cuci mata lihat aksesoris, dan bisa inspirasi kalo bangun taman belakang rumah"
5,2021-11-01T14:11:23.944Z,Ruli Renata,Termpatnya tersembunyi namun suasanqnya asik banget. Makanannya juga enak enak
5,2021-11-01T13:27:49.227Z,Nisa Mutia,"Tempatnya nyaman dikelilingi tanaman pertanian. Fasilitas lengkap (parkir motor dan mobil, mushola, toilet pria dan wanita, tempat mencuci tangan). Datang di masa pandemi, alat makan seperti sendok dibungkus rapi di dalam plastik khusus."
3,2021-11-01T08:10:44.054Z,lusi anara,"Tempatnya sebenernya nyaman cuma sayang sekali banyak banget lalatnya, apalagi pas makanan sudah datang lalat semakin banyak sampai harus minta lilin ke CS, sudah dikasih lilin lumayan berkurang tapi tetap masih ada saja lalat yang datang.
Rasa makanan lumayan enak, pelayanan kurang memuaskan, kami datang cuma berdua tapi makanan utama yg dipesan (ala carte) datangnya tidak bersamaan, untuk snack tidak masalah kalau datangnya sendiri-sendiri.
Semoga pelayanan penyajian makanan ditingkatkan, terimakasih"
5,2021-11-01T02:23:07.480Z,Ikhsan Nurhidayat,Cocok buat self healing tempatnya
5,2021-10-30T10:16:36.165Z,philip suryadi,"Makanan enak , tempat bikin rileks banget"
5,2021-10-27T09:21:09.009Z,adhe lia,"Tempatnya sejuk karena banyak pohon2, menu standar murah. Betah lama2 dimari"
5,2021-10-27T03:20:37.725Z,Aimee Glow up,"Enak, murah, asri dan sejuk"
5,2021-10-24T08:41:56.510Z,Nik Istiningsih,Asyiiik sekali
5,2021-10-24T01:51:34.739Z,HLN Puspita,"tempatnya nyaman, adem , pas buat selfhealing deh liatin sawah"
5,2021-10-23T11:16:33.969Z,Ingka Tiyastika Akasse,Tempat yang bagus??
5,2021-10-22T15:13:55.950Z,budi Isnindro,Tempat yang bagus
5,2021-10-22T09:20:09.802Z,Deny Kusuma,"Masakannya enak, pelayanan ramah, suasana persawahan"
4,2021-10-22T02:19:26.834Z,Widyastuti Widyastuti,"Piknik ... Makan...
Oke lahh"
5,2021-10-21T01:57:35.616Z,Ade Lia,"Suasana nyaman, menu masakan rumahan yg tradisional, rasa??"
5,2021-10-20T13:49:58.621Z,wanita tangguh Tutut,"Hari ini mencoba menghilangkan kepenatan dikantor. Ee.. teman coba tawarin mampir ke pawon mbah gito. Saya langsung kesana.mumpung libur.
Mencoba icip icip menu dipawon mbah gito.
Pemandangan dan tempatnya OK Minumannya OK, nasi kuning OK, jenangnya juga OK. Tapii...sayang, soon dan oseng oseng ususnya ASIN.
Maaf saya bukan penggemar rasa asin ??"
4,2021-10-19T15:25:36.333Z,William Djaja,Kopi Susu Tradisional dan mendoannya enak... pisang goreng nya standard.  lain kali kita coba lagi menu lainnya.
4,2021-10-19T07:42:22.037Z,Wahju Subachri,Makanannya enak dan suasana yang santai
5,2021-10-19T06:11:56.253Z,Trie Hadayanti,"Resto yg di kelilingi ladang jagung...
Natural dan asri"
4,2021-10-18T10:37:15.509Z,Indah Setya L,Getarannya bagus terutama di malam hari. Makanan dan minumannya begitu-begitu saja.
4,2021-10-17T06:37:42.369Z,Winda Nur Cahyo,"Di sini, Anda bisa menikmati banyak pilihan makanan dan minuman tradisional khas Jawa. Harganya sangat masuk akal dan suasananya bagus. Namun tempat parkir mobil sangat terbatas."
4,2021-10-14T04:13:22.100Z,Muhammad Syamsul Musyafa (Musyafa Ritel),Bagus
4,2021-10-13T13:04:22.497Z,Wong Ndeso,"Buat nyantai,leyeh2pass bgt"
5,2021-10-12T13:56:08.674Z,Via Paramitha,"Sukaa sama ambience dan makanannya
Harganya gak mahal dan rasanya mantap...
View nya ok dan bersih juga..
Ada mushola disini dan bersih!!"
5,2021-10-12T05:52:10.867Z,Ephyfania Mahesti,"Tempatnya asik banget, view nya sawah
Makanannya enak²
Tempat makannya luas
Visa pilih spot mana yg asik sambil cari view yang kece
Cocok banget kalo sambil menikmati sunset
Family resto favorit ??"
1,2021-10-10T11:30:38.102Z,Sadana Hari,Biasa dan mahal
4,2021-10-10T09:42:33.865Z,Zubaidah Halim,"7/10 untuk makanannya
8/10 untuk suasana resto"
5,2021-10-09T14:01:15.665Z,Yhonas Oktavian,Bakmi Godog dan Sup ayamnya enak. Menu cukup variatif. Suasana dan tempatnya nyaman di tengah sawah dan ladang jagung. Harga standard cafe umumnya. Minus kamar mandi kurang terang dan tempat parkir kurang luas.
5,2021-10-08T01:07:36.033Z,pujo danur gito,"Mantab...suasana nyaman, harga bersahabat dan pelayanan memuaskan"
5,2021-10-04T21:30:42.945Z,aluna,"View nya bagus,t4nya nyaman makanannya enakk,"
5,2021-10-04T17:35:06.354Z,Ofix Okefix,"tempat  nya asik dan nyaman banget, makanan nya banyak varian dan enak-enak banget gak nyesel deh kalau kesini walaupun tempatnya agak masuk dikit sih tapi semua itu terbayarkan dengan pemandangan yang indah disekitar."
2,2021-10-03T10:47:03.761Z,Fariz Agati,"Singkatnya: Overpriced and not worthed.
Klo review yg lain bilang bab pelayanan yg kurang, agak setuju sih. Karena ngalamin miss order juga. Tapi gak semua pelayannya kayak gini sih, ada mbak2 yg halus dan sopan bgt bahasanya. I appreciate her.
Bakmi jawa godog nya nggak recommended. Racikannya nggak konsisten satu sama lain. Mesen 2 bakmi, cuma beda yg satu gak pake msg, yg satu normal, tp kualitas kuahnya beda banget (cenderung encer, apalagi yg non msg yg di foto ini, cek aja, putih). Ini masih kalah kualitas kaldunya sama bakmi pinggir jalan harga 15rban. Dengan harga 22k kayak gini? Monggo dipertimbangin klo mau mesen ini.
Cuma cocok buat nongkrong dan ngopi aja, untungnya tempe mendoannya agak mendingan. View pemandangannya enak sih buat nongkrong.
Ohya, lahan parkir terbatas ya, mentok sekitar 6 mobil aja. Mending motoran aja klo pengen kesini, karena yg dateng rata2 pada pake mobil (karena pengunjungnya kebanyakan keluarga)."
5,2021-10-03T08:59:25.157Z,arjun fatah,Pagi yang cerah setelah gowes bisa santai disini geng
2,2021-10-03T07:21:31.170Z,Rolag Junaedy,"+ Staffnya responsif & cekatan
+ tempat bersih bagus

- brongkos daging tp kok cuma seiprit dagingnya ?? tuh ada fotonya
- tempat parkiran kurang oke
- banyak meja reserved tp kok g ke isi2. ??"
5,2021-10-02T14:30:15.051Z,Farras Shiddiq,"Tempatnya sangat asri karena jauh dari jalan raya jl.kaliurang... menu prasmanan banyak, minuman bervariasi, tempat luas dan bernuansa jawa"
5,2021-10-02T11:45:24.891Z,Syahid Fithratullah,Tempatnya enak dan makanannya juga juga.. airnya segar bisa ngajak anak utk bermain sambil liat indahnya alam
5,2021-10-02T01:41:47.406Z,Kunto Wiyono,Makanan enak banyak pilihan.  Masakan rumahan
4,2021-10-01T14:33:19.699Z,khansa phelia,Tempatnya oke..nyaman..pelayanan ramah dan cepat.utk rasa...lumayanlah..sepadan dgn harganya.
4,2021-10-01T02:37:45.101Z,Arif Sutanto,"Makanannya enak, cita rasanya mantab. Cocok untuk carbo reload habis gowes.

Harga juga bersahabat.... Layak untuk dijadikan tempat makan favorit"
5,2021-09-28T10:57:12.423Z,Billy H_Tan,"Tempat yang sangat amat bilang baru lah untuk tempat nyantai di pinggiran kota yogya,tempatnya aman,nyaman,bersih harga jangan ditanya ya pasti lebih hemat he he he"
5,2021-09-28T08:28:01.344Z,Roy Anshor,Murah nyaman
5,2021-09-28T08:13:50.824Z,tyas,"Tempatnya nyaman dan bersih, makanannya enak varian juga banyak, toilet bersih, ada juga mushola yg nyaman.. Luas jd enak buat kumpul2, layanannya juga cepat n ramah.. gud lah pokoknya..

Yuks ke pawon mbah gito..????"
5,2021-09-28T06:32:43.200Z,Nanang Kurniawan,"Tempatnya bagus, padahal lokasinya tersembunyi??"
5,2021-09-28T06:05:15.994Z,Sikebud Channel,"Makanannya enak , diapit oleh perkebunan jagung Dan area sawah. Tempat nya sangat luas dgn suasana asri . Very recommended"
5,2021-09-27T22:16:44.725Z,Erna Sulistiawati,"Tempatnya nyaman, mewah (mepet sawah) xixixix... Buat yg dtg sama anak anak, bisa sambil main air di aliran sungai kecil pinggir sawah."
5,2021-09-27T11:08:25.545Z,Anton Iwan,Mantapp jiwa ????
5,2021-09-26T16:32:43.395Z,Elisabeth Yanti,"Tempatnya nyaman, asri , bersih, luas memanjang ke belakang, pemandangan sekitarnya hijau tanaman jagung, angin sepoi sepoi, banyak spot foto yang apik dan  instagramable. Makanannya juga beragam, ada  prasmanan dengan bermacam macam sayur dan lauk ada sayur lodeh, sop, asam,tuna asam, balado terong dll lauknya ada tempe, bandeng , telur, soun, kikil, kering tempe,dll, nasi nya ada tiga macam, nasi putih, nasi merah dan nasi kuning.Ada juga menu lain, nasi goreng, rawon, brongkos, sop ayam pawon mbah Gito, Bakmi godog, ayam goreng, bebek goreng,dll.Minumnya ada teh, kopi, dawet, timun mesem, dll. Makanan ringannya juga beragam, ada mendoan, telo mekrok, kentang goreng, tahu tuna, dll. Rasanya enak semua, harganya juga tidak mahal, cocok untuk acara keluarga , nongkrong bareng teman. Bukanya pk 07.00 sd pk 21.00.Masukan, agar tempat parkirnya diperluas ,di meja makan pengunjung di sediakan tissu , untuk tempat cuci tangan nya ditambah, over all saya puas makan di Pawon Mbah Gito ini, recommended gaess ??."
4,2021-09-26T14:32:01.025Z,zaki,"Tempatnya luas sejuk, pemandangan sawah cantik, makanan enak harga standar warung kopi...wedang nya enak, tadi pesen wedang teh mbah gito, rasanya mantep, nasgitel tenan ??, teh lecinya juga enak, apalagi wedang temu kangen nya joss segerrr banget, rempah2nya banyak, gak pelit, rasanya mantep????
Sayang pas kesana ujan... Jadi spot yg diluar basah, pdhl cantik2 pengen duduk di luar ??,

Overall bagus, next kesana lg ajak keluarga yg lain"
5,2021-09-26T11:32:05.107Z,Almira House,lumayan
4,2021-09-26T03:27:57.055Z,Bimo Pramono,Cukup enak
4,2021-09-25T16:45:35.291Z,Vinny Anugraha,"tempatnya asri dengan pemandangan sawah, cocok buat rame-rame, penataan tempatnya oke ada kolam ikan, ada tempat duduk dengan bean bag, untuk daerah belakang sayangnya agak kurang bersih waktu itu jadi kita makan di depan karena di depan bersih, mushollanya bersih, untuk makanannya saya pesan spaghetti bolognese dan tbh nothing special in the dish, kopinya sih lumayan"
5,2021-09-25T05:28:41.635Z,Mohamad Pizza Zyarif,"Tempat yg sangat nyaman utk santai bersama keluarga, menu ala ndeso bngt, sesuai lidah jaman tempo dl, mangut manyun the best bangett, wajib di coba, overall menu nya variatif soal harga 10k-50k, masih terjangkau utk semua kalangan ..."
5,2021-09-24T11:48:20.634Z,Aris Haryanto Abu Azka,"Bersih, ada musholla, dan harga bersahabat"
5,2021-09-20T16:51:19.808Z,Sugi Arto,"Masakan jawa sajiannya,  dengan nuansa persawahan di kanan kirinya..."
4,2021-09-19T13:59:07.216Z,Jengkar UNY,viewnya bagus ..instagramable....sayang..masakannya biasa banget...
4,2021-09-19T07:04:13.519Z,Apps Bimo,Cukup enak dan murah
5,2021-09-19T04:53:01.188Z,ArindaDY,"Ada berbagai jenis nasi, sayur dan lauk banyak varian dan rasanya enak, jawa banget. Suasana tempat nyaman dan syahdu. Pelayanan juga ramah."
5,2021-09-18T11:35:22.870Z,damar jati,Tempatnya luas nyaman
4,2021-09-15T06:15:26.849Z,garuda pembaharu,"masakannya rumahan enak, juga bisa pesen yg lain"
5,2021-09-14T13:19:01.266Z,Septy Nur Wulandari,"Pelayanan aramah, cepat.
Banyak pilihan menu.
Tempat nyaman, bersih, luas, dan klasik semilir area persawahan.

Parkiran lumayan luas.
Toilet bersih.
Spot foto banyak.

Kalau malem sepertinya lebih syahdu????

Jangan lupa jajan, makan, rebahan, dan jaga kesehatan.

Kerja kerja kerja, cari duit biar hidup nggak pait dan rumit.

Klaten bersinar gaiiis"
5,2021-09-14T12:11:57.688Z,endar setya ningsih,Tempatnya ok untuk nongkrong..acara arisan reuni dll ????
5,2021-09-13T14:24:27.797Z,Mutiara Chika _,"Tempat bersih, nyaman, suasana asri dan tenang, pilihan makanan beragam dan nikmat."
5,2021-09-13T13:23:32.583Z,dyah rinda,mantuL......
5,2021-09-13T06:07:04.102Z,Gerarda gita,Saya sering kesini hanya sekedar untuk menikmati sore hari
5,2021-09-12T23:23:23.592Z,annisa perdany,"Menemukan tempat ini di Instagram. Tempat ini mirip dengan restoran tradisional modern lainnya. Dengan view sawah, makanan tradisional dan resto joglo. Harganya agak mahal dibandingkan yang lain, rasanya tidak istimewa. Tapi mereka menyajikan menu carte lebih dari jam 1 siang. Tapi ada selokan yang bisa dijelajahi anak-anak Anda. Menurut saya, tempat parkirnya kurang luas untuk menampung banyak mobil di akhir pekan"
5,2021-09-12T10:47:56.912Z,zazizu 3Z,Harga murmer menu masakan prasmanan
4,2021-09-11T12:22:38.635Z,Adiyuni Nurcahyo Widiyanto,"Tempat parkirnya tidak luas, suasananya enak untuk restoran tradisional"
5,2021-09-08T12:10:50.296Z,Dedy Christanto,"Baru pertama kali ke t4 ini, menyenangkan t4"
5,2021-09-08T04:49:03.533Z,I Nurmalia Evitawati,Rasa enak harga enak tempat enak ??
4,2021-09-07T13:58:18.595Z,Pratika Sari,"Asik, ga bikin kapok"
5,2021-09-05T04:53:02.738Z,D K,"Nice place, banyak menu pilihan makanan dan ada kopi juga, view sawah"
2,2021-09-04T11:25:49.669Z,Austin Kanggoana,oleh gay
5,2021-09-04T06:15:17.757Z,LovelyMama,"Tempatnya cozy dan harganya terjangkau. Varian makanan dan minumannya banyak,, alhamdulillah enak. Klo jenangnya dibikin lebih manis lg kyknya tambah mantab, tp selera aja sih. InsyaAlloh kpn2 balik lagi kesini ??"
5,2021-09-03T12:14:39.044Z,Victor Mahrizal,Tempat yang bagus dan makanan enak.
5,2021-09-02T13:41:02.112Z,Sisca's Life,"Suasana asri,sejuk dan sepi,tempatnya luas dengan berbagai sudut yang memiliki nuansa berbeda,toilet nyaman,terdapat mushola,makanannya medok sekali rasanya seperti masakan ibu"
4,2021-09-02T13:02:17.492Z,Anis Hernandez,Seperti tempat2 ngopi yg lain..yg membedakan adalah disini ada menu rawon yg enak persis rawon Jawa timuran...
4,2021-09-01T15:04:29.261Z,Iin Endarwati,Tempatnya walu di persawahan bisa melihat pemandangan juga cocok untuk berfoto" bikin betah
5,2021-08-28T16:48:28.867Z,Fita Gazala,Tempat yang bagus untuk liburan singkat...
2,2021-08-20T05:47:26.058Z,Bebs,"Sepi, pelayanan lama... kopi kurang panas... request pisang yg lembek di kasih yg keraaas"
5,2021-08-17T07:15:43.045Z,Ety / shidqi,Cocok... Dengan aneka masakan Indonesia dan pandangan sawah....
5,2021-08-17T00:17:07.945Z,Indartanta Pd,
5,2021-08-16T11:28:34.469Z,Gabriella Ratna,"Makanan nya enak, tempatnya nyaman, bersihh, staf nya ramah, harganya murah, sangat2 value for money!"
4,2021-08-15T14:35:38.545Z,agnes gp,"Makanannya enak2,komplit,pelayanannya sangat baik.cuma harganya sangat priecy."
5,2021-08-11T08:18:03.626Z,Bharanyu,"makanan enak,menu banyak,penyajian juga oke ga asal asalan..tempat juga ga rame,langganan keluarga banget kalo lagi pengen makan diluar selalu kesini"
5,2021-08-11T03:19:06.822Z,Bodro Widi,agak mahal tapi sepadan dengan pemandangannya yang indah
5,2021-08-11T02:56:44.073Z,Hasian Hasian,"Tempatnya keren, makanannya enak????"
4,2021-07-20T12:58:14.425Z,Fitrah Deri Saputra,"Tempat bagus nyaman, makanan lumayan lah"
5,2021-07-18T00:52:34.221Z,Nunik Pangestuti,"Tempatnya nyaman kalo pas sepi bisa menikmati angin sepoi pinggir sawah,makanan oke enak ga ada masalah,minuman jg enak,harga masih masuk akal"
5,2021-07-16T23:40:32.776Z,bambang eka,Restoran yang nyaman dengan makanan lezat
5,2021-07-03T08:40:04.526Z,zain nugroho,"Suasana dan masakan, baik menu siang atau malam, semuanya mantap. Sebagian besar pandangan mata akan tertangkap oleh hamparan sawah yang luas. Ketika saya memilih tempat duduk menghadap ribuan tanaman padi itu, saya memastikan, bahwa saya tidak salah memilih tempat duduk. Sangat menyenangkan"
5,2021-07-03T07:38:00.211Z,Walmeo Cute,"Asri
Yang suka sawah cocok
Syahdu"
5,2021-07-02T13:22:45.868Z,Nurdin Alvi,Ajiiib
4,2021-07-01T14:40:56.507Z,Nuning Purwanti,"Suasana yg nyaman, tmp bersih n prokesnya bagus"
5,2021-06-30T01:13:52.009Z,tyas,Nyaman sekali buat anak2 dan bagus tempatnya. Tidak terlalu ramai. Cocok buat bekerja
3,2021-06-29T03:42:47.056Z,elly ros,Untuk rasa lmyn....enak tapi untuk harga terlalu mahal
5,2021-06-26T02:19:20.725Z,Aulia Akbar Harahap,Saya sangat menyukai tempat ini??
5,2021-06-25T12:13:42.544Z,Galih Wisnu,Tempat nyaman untuk makan.
5,2021-06-24T08:26:18.036Z,Vina,"Pemandangannya bagus, dan harganya juga masuk akal
Harus dikunjungi"
3,2021-06-21T14:27:46.754Z,Mas Arya Jogja,"Viewnya bagus,,,tempatnya bagus,,,rasa makanannya harus ditingkatkan lagi...tapi tempatnya bagus"
5,2021-06-17T01:55:52.553Z,Heri Kusdianto,"Nyaman, enak, bagus buat foto-foto..."
5,2021-06-15T04:39:02.317Z,Ursula Tj,"Tempat baru yg asik dan nyaman banget. Suasananya santai dan hawanya sejuk adem gitu. Menu makanan nya beragam, prasmanan masakan Jawa rumahan gitu. Minumannya jg byk pilihan nya. Utk harga, td 3 porsi habis 60an ribu. Standar lah, ga terlalu mahal. Rasa makanan nya jg enak kok. Pelayanan nya ramah, sopan jg. Recommended klo ad tamu keluar kota utk diajak ke sini."
2,2021-06-13T11:13:02.481Z,Yosua Wisanto,"Menu lama, 1 jam lebih itu juga karena dikomplain
Alasannya antri
Antri dr mana, yg baru dateng dengan menu yang sama, udh dapet duluan
Harga tergolong mahal"
5,2021-06-13T10:54:16.441Z,Kantor Pos Godong,enak
1,2021-06-13T10:48:12.870Z,Annora Bennita,"pelayanan nya sangat lama , pesen bakmie goreng dr jam 5 smp maghrib masih gk ready ,, emang karyawanya gk bs ngecek apa pesanan customer dan memastikan lagi . org mau makan jd gk mood  . thnx"
5,2021-06-13T03:33:57.556Z,niknik haryanti,"Pawon Mbah Gito bagus tempatnya, bagi yg suka poti"" bisa puas berpori ria disini dgn view persawahan, hijau"" segar Dimata ??????"
5,2021-06-12T11:54:49.876Z,maulana pradika,"Sore2 paling nyaman dan sejuk. Variasi cemilan banyak, makanan ndeso paling favoritnya mangut manyung.."
5,2021-06-10T15:46:59.708Z,Jul Dario,"Enaaa..
Es jeruk nipis ya terbaik.. Saya nambah sampe 3 gelas.. Segerrrr..

Rekomen mangutnya.. Kena nasi panas.. Beeeeehhh m.."
5,2021-06-10T10:08:27.532Z,m shochib,enak diperkampungan tengah sawah.
5,2021-06-09T05:58:52.366Z,Mas Ugie,Masakan jowo kesini aja gaesss
2,2021-06-09T05:36:17.721Z,Grac Nv25,"Suasananya enak, asri dan pelayannya ramah..
mungkin masukan aja buat semua kasir dan karyawan. Untuk menu prasmanan harus labih dikasih edukasi mana yang paketan dan mana yang bukan paketan.... agar satu dan lain karyawan sama ngasih harganya, bukan berbeda2 ngasih harganya... sayang banget lho kalau sampai pengunjung kecewa karena standard harga yang berbeda2. Pdhl t4nya bagus..."
3,2021-06-02T03:26:32.796Z,Arief Fajar Syambodo,Tempatnya asik ditengah sawah tapi sayangnya untuk proses penyajian makanannya tergolong lama
4,2021-06-01T13:24:33.029Z,Mama Baim,"Lokasi mudah dijangkau, walaupun masuk gang... Harga standar.. parkir lumayan luas.... Cocok untuk nyore..."
4,2021-06-01T01:59:17.469Z,Ramlan Syah,Kemalaman banyak menu yg sdh habis padahal enak enak loh
5,2021-05-31T03:04:03.848Z,Rinna wahyuny,Impresif. Akan jadi tempat favorit bersantai sembari menikmati santapan khas jawa
5,2021-05-30T16:08:02.988Z,mutiah t.a,"Seneng banget dpt tempat makan mewah (mepet sawah) lagi di sleman.. fasilitas jg lengkap apalagi ada mushola yg luas dan bersih makin nyaman... cocok utk semua kalangan dr muda-tua, bocil bosen ada tempat bermainnya juga?? ada menu makanan snack, nasi lauk pauk sayur sampai varian kopi-latte, harga standar harga jogja, spot foto bnyk juga, pokoknya nyaman banget buat nongki"
5,2021-05-30T09:17:14.481Z,Candra Dimuka,Tempatnya nyaman banget Alhamdulillah hygenis masakannya enak suasana hommy syukaak banget berlama2 di pawon mbah gito
2,2021-05-30T08:18:20.121Z,bondee wijaya,"Tempat bagus, minuman enak, tapi masakan asin total dan saya tidak mampu menghabiskan (sop iga dan nasi goreng). Pesanan lama datangnya, padahal tidak terlalu ramai. Datang siang mau pesan brongkos sama rawon sudah habis"
5,2021-05-29T02:45:57.651Z,Via Vianiya,"Tempat nongkrong dgn suasana yg nyaman, tmptnya panjang ke belakang. Makanannya utk yg prasmanan biasa aja, sambelnya bener-bener ngga pedes (kurang mantap sambel prasmanannya), tp utk makanan yg bisa di pesan seperti nasi goreng, bakmi, dll bisa dikatakan lebih enak dibanding prasmanan. Varian minumannya lumayan banyak dan juga enak. Harga terjangkau untuk kalangan menengah ke atas bisa. Ada area utk bermain anak, bisa nyebur di sungai kecil aliran sawah juga. Kalo kesini baik siang maupun malem tetap enak suasananya. Karyawannya juga memberikan pelayanan yg ramah."
4,2021-05-29T00:39:10.520Z,Chef _ades03,"Tuk yg kangen makan masakan si mbok, sambil menikmati hamparan sawah,... Ini salah satu tempat baru yg wajib dicoba... ??"
5,2021-05-27T00:26:21.993Z,Dyah Lestari Pangestuti,Suka..bisa ngomong utara dan selatan tanpa suara kendaraan?? makanannya juga enak....sip
4,2021-05-26T16:03:34.992Z,Dian Ovy,Menunya enak tempat asri pemandangan sawah...pelayananny jg ramah dan cepat
5,2021-05-25T12:31:47.267Z,Miyahana Dwirahayu,"Tempatnya enak, makanannya apa lagi. Recommended buat pergi bareng keluarga maupun teman-teman."
5,2021-05-24T11:09:45.041Z,Mas,Merasa Baik
5,2021-05-24T07:08:04.410Z,Fajar Prasasto,Seep sekali lokasinya
5,2021-05-22T11:20:12.674Z,yunita susi andriani,Tempat yang bagus dengan makanan lezat (Indonesia)..
4,2021-05-21T08:56:18.849Z,Azizatul Jannah,Enak banget tempat dan makanannya luvv
5,2021-05-19T05:29:42.505Z,Citra Lintang,"Luas tempatnya, bagus viewnya, makanannya pun enak"
5,2021-05-16T13:18:22.365Z,Thomas Riadi,"suasana resto nyaman, banyak spot yg bagus untuk foto2"
4,2021-05-15T12:39:26.894Z,Stefan khrisnanto,Alternatif yg cukup bagus
5,2021-05-14T09:02:55.451Z,Budiono Santoso,".tempatnya cukup luas..nyaman..bersih..asyik untuk kongkow bersama keluarga atau teman..masakan enak dan harga standar, pelayanan ramah.. Rekomendasi.."
4,2021-05-14T04:55:38.013Z,try s,rasa makanannya sangat enak.
5,2021-05-10T00:57:54.938Z,Dennis Galih,"Alhamdulillah beberapa kali makan disini,termasuk bukber disini,tempatnya besar,makanannya enak,insyaAllah Halal

Bisa buat makan bersama se kampung,hatga juga nego ke ownernya,"
3,2021-05-09T11:44:57.264Z,dedi jls,"Tempatnya cukup nyaman, begitu pesan langsung terlihat ada irisan jeruk."
5,2021-05-09T04:03:48.711Z,Nur k hamid (Nurkhamid),"Monggo mompar mampir di sini saja yah, tempat lega bisa buat ngobrol dengan leluasa sambil ditemani hidangan khas Pawon Mbah Gito.

(ke sini pas nganter rombongan sekolah kuliner mustabseera saat kula nuwunan buat magangkan peserta didiknya di sini, ada menu es klepon lho)"
5,2021-05-06T21:28:54.174Z,Darmo Sanjaya,Masakan ala ndeso yg nikmat
5,2021-05-02T12:48:21.989Z,Achmad Irawan Purwanto,"Tempatnya asyik, makanannya enak, orang²nya ramah pelayanan memuaskan."
4,2021-04-29T15:24:22.090Z,Martha Haenry Agt,Tempat cukup dekat dengan rumah bebas polisi.
5,2021-04-29T13:44:16.079Z,Micinaries FPV,Pilot FPV bertemu di sini dan menerbangkan drone mikro di sekitar area di tempat yang nyaman ini untuk bersantai dan menikmati menu lezat yang disajikan.
5,2021-04-27T07:24:17.386Z,Lin Lin,Hai... Saya pelanggan tetap Anda haha.. Saya sangat suka tempat yang nyaman ini... Saya biasanya duduk di belakang dekat kolam ikan... Suka situasi ini di samping sawah dan makanan enak juga.
5,2021-04-17T09:53:15.948Z,Yopi kopi,Consep nya Syahdu dan menyatu dengan alam
5,2021-04-16T00:40:50.833Z,Kencana Hikmah,Tempat yang tenang dengan sawah hijau dan sungai bersih sebagai keunikannya
5,2021-04-11T12:58:25.986Z,Dwi Lestari,Tempatnya recomended bgt nyaman asri pkoknya sukakk
4,2021-04-11T10:56:35.998Z,Aventi Trisnia,"Suka sama suasananya, tenang sejuk nyaman ????
Ada sungai kecil dangkal,airnya ngalir lumayan kenceng tapi gak berarus. Cocok utk main anak2, family time & suasananya cocok utk refresh pikiran. Ada mushollanya juga,lumayan luas,nyaman, & cukup bersih ??
Makanannya kalo pagi-siang menu prasmanan,masakan nusantara tapi kalo mau pesen yang ala carte juga bisa.
Rasa & harganya pas, sesuai seleraku si.
Pelayanannya ramah  ????????"
4,2021-04-11T06:31:54.163Z,Purwadi,Tempatnya nyaman....
5,2021-04-08T08:07:37.680Z,Adi Kuncoro,Tempat yg nyaman dan asri
4,2021-04-05T14:52:12.400Z,Agus Supriyadi Saleh,"Viewnya oke
Makanannya enak"
5,2021-04-05T00:48:40.393Z,dan Ardi,"Tempate asri, pokoknya khas desa banget deh... menunya indonesia punya.. orang-orange ramah pake banget. Menu sarapan pagi juga sudah tersedia, bisa nih buat tempat menu sarapan kalo abis jalan2 pagi mampir PMG. Terima kasih."
4,2021-04-04T20:47:10.864Z,Rima Cahya,"Pas ke sini masih baru banget bukanya, pengen duduk di luar tapi pas hujan. Beneran pinggiran sawah banget tanpa pembatas."
4,2021-04-04T05:18:18.150Z,Gun guapo,"Tempat nya enak banget, untuk rasa makanan cukup, but little bit pricey"
5,2021-04-03T10:19:24.314Z,Sony,Tempat keren yang keren
5,2021-04-02T22:46:07.336Z,MF,"Enak, harga terjangkau ??"
5,2021-04-02T14:58:10.870Z,Yohanes Ekoyono,"Tempatnya bersih, makanan enak, nyaman, harga tidak terlalu mahal"
5,2021-04-02T02:58:17.750Z,aufa ibrahim,"Tempat buat istirahat nyepeda yang enak, buka dari jam 7 - 9 malem. Tempatnya lumayan luas kebelakang, modelnya beberapa spot dan asik untuk mendapatkan beberapa suasana, ada spot lantai 2 yg asik juga buat liat pemandangannya. Makanannya sederhana dan banyak makanan tambahan dan snack. Ada juga kopi nya buat para pecinta kopi. Ini paling enak kopi jahe nya dengan gula aren. Seger bangettt... untuk tempat 5/5, rasa makanan 4/5, lokasi 5/5 (tidak terlalu atas tapi sudah dapet suasana dan view yang enak), atmosfernya nyaman. Jika pagi ramai juga para pesepeda. Cocok buat pemberhentian sepeda pagii.."
5,2021-04-02T00:40:22.925Z,Ines A,"Tempat asri, suasana jawa :)"
5,2021-03-30T05:06:49.504Z,Hari Suparwito,Restoran suasana Jawa yang bagus...
4,2021-03-27T11:33:40.513Z,Dunia Vana,Tempat yang bagus
5,2021-03-26T06:50:23.929Z,Joko Siswanto,Tempat yang bagus dan bagus
5,2021-03-25T13:04:30.776Z,Mursyid Hensides,Tempatnya nyaman...harga lumayan terjangkau
5,2021-03-25T07:14:22.531Z,DE. Sulistyono,"lokasinya gampang dicari, masakannya enak dan murah"
5,2021-03-24T10:39:56.076Z,Winda Lin,My fav place... Nyaman banget ada sawah masakan khas rumahan... Harga ok tempat ok banget... Love this place very much
4,2021-03-23T13:15:24.949Z,abah_oik_hafiis 163,tempat yang nyaman untuk bersantai
5,2021-03-22T08:23:09.384Z,bambang kun cahyono,"Tempat makan baru di antara petak-petak sawah aktif yang masih dikelola petani lokal.
Menyajikan pemandangan yang indah dan alami.
Masakan menu pagi dan malam nya juga OK."
4,2021-03-22T00:34:06.316Z,Mommy Inda,"Tempatnya nyaman karena pas tidak banyak pengunjung, pelayanan ramah, masakan relatif manis, parkiran kurang luas..."
5,2021-03-19T11:39:33.985Z,adhisara kridowasono,makan siang atau makan malam dengan pemandangan
5,2021-03-18T08:06:50.252Z,Sam,"Resto yang nyaman untuk dihabiskan bersama teman dan keluarga. Kopi dengan gula palemnya enak, saya menyukainya. Itu bersih dan pelayanannya baik. Lanjutkan kerja bagusnya kawan.."
1,2021-03-18T05:26:01.556Z,endang soelistiyowati,"Tempat parkir sempit, kapasitas 4-5 mobil saja. Makanan kurang berasa, dominan manis. Variasi cemilan dan minuman cukup banyak. Harga, menurut saya, relatif mahal, untuk ukuran Yogya. Di meja tidak disediakan tisu. Tempat cuci tangan terletak jauh dari tempat makan. Saya kurang cocok sih."
1,2021-03-18T05:16:30.678Z,dr endang soelistiyowati,"Parkir sempit. Hanya cukup 4-5 mobil saja. Makanan standard, cenderung manis. Variasi masakan kurang. Variasi cemilan cukup: pisang bakar, pisang goreng, telo, dll. Harga bagi saya yg di Yogya, tergolong mahal, 2 orang saja habis 84 ribu. Anehnya, tidak disediakan tisu, dan tempat cuci tangannya minim, jauh pula. Menurut saya sih, kurang recommended."
5,2021-03-14T02:51:33.132Z,Ismed Riyanto,"Overall pelayanannya baik, mengikuti protokol kesehatan, tempatnya nyaman, segar dan asri.  Mangut lelenya enak, kopi gula jawanya seperti minum kopi fika ala Swedia, harganya pas, paket nasi sayurnya menarik.  Es jeruk nipisnya segar.  Saya merekomendasikan Pawon ini untuk dikunjungi."
5,2021-03-13T13:51:06.212Z,Halili Hasan,"Mulai dari nasgor, mie jawa, pisgor, spageti, kentang goreng, sampai teh PMG semuanya enak..."
5,2021-03-13T10:49:37.252Z,The Tjien Fuk,"Tempat makan dengan pemandangan indah, sawah di sekelilingnya, desain tempat yg unik dan bersih, makanan yang ramah dengan kantong. Sungguh tempat makan yg ideal untuk hangout dengan teman-teman, tapi jangan lupa protokol kesehatan ya."
5,2021-03-13T10:40:13.484Z,Brada Lamba Manuray,Favorit.. tempatnya istimewa view nya..makanannya enaak enaak..harganya muraah.. mantabbb pokoknya
5,2021-03-11T10:12:54.316Z,Vivi Andrika,"Asik nih tempatnya, berasa nemu hidden gems!

Ada menu prasmanan dengan menu-menu tradisional, kayak mangut lele, pecel dll. Mau gorengan macam mendoan atau pisgor juga tersedia. Minuman pun bervariasi, yang jelas tehnya sungguh kental, mantap. Ada juga es timun yang seger banget. Rasa masakannya enak-enak kok. Favoritnya para pesepeda.

Banyak banget spot foto yang cakep. Tempatnya sungguh mewah alias mepet sawah. Seger banget asli lihat ijo-ijo. Rekomen banget ke sini pagi atau sore karena suasanya adem ayem, asiklah pokoknya!"
5,2021-03-10T06:28:03.292Z,bangun nagoro,Rumah makan dengan suasana sawah dan pedesaan yang memanjakan mata dan membuat damai di hati. Bakmi jawa-nya mak nyus...
3,2021-03-06T02:05:19.139Z,Ali Sodiqin,"Lumayan, meskipun parkirnya terbatas"
5,2021-03-04T10:00:55.419Z,gusfi,Cocok buat pit stop gowes??
4,2021-03-03T03:17:23.182Z,Ika Nurania,"Tempat Nyaman alam banget masyallah,, maknanan nya tradisional dan murah .. enak jugaa ,, sukses terus"
5,2021-02-27T13:51:49.060Z,Hanif Alfian Rezafataa,"Merekomendasikan untuk restoran dengan pemandangan pedesaan Indonesia (sawah, desa, dll)."
4,2021-02-27T05:50:06.931Z,ymn _bird,bagus
4,2021-02-25T22:21:15.201Z,Handziko Rio,"Tempat unik dan bagus untuk anak-anak, tapi sayangnya merokok diperbolehkan di sini"
5,2021-02-25T02:44:23.482Z,agus yuniharto,Menyesap
4,2021-02-24T05:28:12.661Z,Martawati,"Masakannya enak, menu lengkap, ada coffee nya juga.
Suasana menyenangkan, dipinggir sawah, tempat duduk juga nyaman.
Tempat cuci tangan ada di depan atau pun di tengah.
Hanya saja pengukuran suhu tidak ada, mungkin bisa ditambahan krn masih dlm situasi pandemi."
1,2021-02-23T12:09:40.181Z,nurul anisa,tempat parkir tdk memadai
5,2021-02-23T09:53:28.785Z,CAHYA ANDRIAWAN,tempat yang bagus untuk Nyori
5,2021-02-22T15:41:17.662Z,Vita Agustina,"Etnik banget, furniture tempatnya, makanannya jaweni banget, harga lumayan lah ya? Paling suka sama view nya, adem, sepi, cocok utk menenangkan diri. selamat mencoba.."
5,2021-02-21T09:30:38.801Z,Mas Arif,"Pas buat makan bareng keluarga, anak lanang seneng bisa main air di saluran irigasi samping warung,"
5,2021-02-20T09:12:54.084Z,Eri Setiawati,Tempat yang bagus
5,2021-02-20T02:19:01.218Z,Nur Achmad,"Makan banget di rumah ibadah... Sayur ndeso ne jos gandos..????
Suasananya nyaman dan mau balik lagi Lur.."
5,2021-02-19T07:23:53.488Z,Nagara B S,"Kebersihan 10/10
Keramahan 7/10
Kelengkapan Makanan 9/10
Rasa Makanan 8/10

Suasana persawahan sangat nyaman sehingga terasa seperti kembali ketika dimana Yogyakarta 53 tahun lalu. Meskipun akses tidak terlalu dekat dengan jalan utama, tapi mudah ditemukan di map. Sayangnya petunjuk dari jalan Kaliurang sangat minim. Kami sempat sangka salah jalan, tapi ternyata memang lokasinya jauh dari peradaban perkotaan.

Kesini saat hujan memang syahdu, dimana kita akan melihat hijaunya sawah, ditemani ular sawah yang bersembunyi dibalik hijaunya sawah. Sungguh indahnya hidup ini."
4,2021-02-19T02:23:26.284Z,Lufiana Ayu,"tempatnya enak, makanannya lumayan.. untuk rasa, bumbunya tidak terlalu pedas.."
5,2021-02-19T01:56:32.903Z,Susan Okifia,Tempatnya asik banget buat santai dan meetup
5,2021-02-19T01:14:23.407Z,Zamrudi Rizki Putra,Terima kasih banyak
5,2021-02-14T11:46:09.788Z,Iwan Saputra,"Tempatnya bagus, nyaman untuk keluarga kecil"
5,2021-02-09T10:20:53.881Z,Genjah Pulung Jati,Tempatnya tenang buat nongkrong...
5,2021-02-08T04:40:54.842Z,wini devina,"Makanan ndeso ala jogja dengan tempat yg bersih, luas, pilihan makanan dan minuman banyak, dan view sawah dan kebun yg cantik. Es cendol dan kopinya enak!!!"
5,2021-02-06T13:20:05.123Z,Monica,"Anak sy suka sekali tempatnya, dia jd doyan makan..wkwkwk"
4,2021-02-05T05:40:50.644Z,Firman Anggi Saputra,"Suasana nyaman di deket sawah, rasa masakan biasa saja"
4,2021-02-04T12:19:26.756Z,Nurliyati Rahayu,"Tempatnya agak masuk dari jakal (jalan kaliurang). Tempat asri disekelilingi oleh sawah. Banyak spot foto. Menu makan ada makanan berat dan snack. Untuk minuman bervariasi mulai dari kopi, teh dan minuman tradisional seperti es cendol/dawet. Harga standar rumah makan, tidak murah tp ya tidak mahal."
5,2021-02-03T03:09:31.613Z,Erlangga D Andika,asri tempatnya
5,2021-01-30T16:18:39.028Z,umi lestari (Ari),"Tempat asyik untuk segala acara... Mau rapat, ngokrong, arisan, acara keluarga atau reuni..
Menu komplit n enak... Harga terjangkau..."
5,2021-01-30T10:18:47.625Z,Lauren Tyas,"Tempatnya msh baru, bersih. Seharusnya dibedakan smoking area biar lbh nyaman. Pelayanannya cepat, makannya enak. Untuk hrga mgkn agak pricey tp worth it sm rasanya"
5,2021-01-25T05:03:55.132Z,Asahi Idamanto,Kwetiaunya enak
5,2021-01-24T07:39:37.486Z,Stief A. Susanto,"Harga rata-rata, tempat yang nyaman dan menyenangkan untuk waktu keluarga dan hangout bersama teman-teman... Makanan enak dan banyak pilihan menu jawa.. Recomended tempat... ??"
5,2021-01-19T15:28:49.132Z,Siti Bayan Arifin,Tempatnya adem. Cocok untuk bawa mertua kesini. Dijamin makin disayang mertua! Hehe.
5,2021-01-18T08:09:37.834Z,Evi Marliana,adem viewnya endul pulak makanannya
5,2021-01-18T06:52:52.723Z,dwi nurhadi,mantab . .
3,2021-01-17T10:55:19.215Z,188 Joan Scarlett,"Tempat bagus, berangin dan dingin, ada kali jernih kecil, makanan terjangkau. Tapi pelayanan kasir bahasanya tidak ramah."
5,2021-01-16T23:05:51.538Z,benedictus lie,"Masakan variatif, yummy ...
Harga ok ??
Service bagus ??
Tempat nyaman bisa utk take????
Recomended utk bfast para goweser ...?????"
5,2021-01-16T07:53:31.972Z,Made Arya,Rekomen !!! Enak masakannya dan view nya bagus2. Ada tempat bermain juga.
3,2021-01-15T07:04:23.083Z,Erhanuddin,Lumayan . . .
5,2021-01-15T02:45:50.141Z,Lucy Qanita,kopinya enak
4,2021-01-13T13:26:56.357Z,Nur Aini,Masakan ndeso nya .....mengingatkan jaman jih di masak ne  SIMBOK ku....????????
5,2021-01-13T12:59:03.148Z,raymundus untaryadi,Ademm... Nyaman..
5,2021-01-11T06:27:10.075Z,Wong Ndiro Channel,Cukup natural
5,2021-01-10T10:43:50.134Z,Reti Channel,"Pawon Mbah Gito

Lokasinya ada di utara jogja, masuk daerah sleman tempatnya itu diantara sawah-sawah, mudah dijangkau kendaraan roda 2 maupun roda 4.
Tempatnya semi otentik, seperti joglo/pendopo ornamennya dari kayu dan besi gitu.
Ada khas klasik dan kekinian pokoknya ??

Disini tersedia masakan jawa atau masakan rumah gitu, untuk segi rasa masakan menurutku 4,5/5 ?
Gak cuma masakan jawa, tersedia juga snack, aneka minuman tradisional, kekinian hingga perkopi'an ?

Model Pawon Mbah Gito itu memanjang kebelakang yaa, dari view masuk nanti kita disuguhkan dengan pendopo kecil yang terdapat semacam butik gitu, tapi saat aku berkunjung  butiknya dalam keadaan tutup. Setelah itu kita melewati jalan setapak,untuk memasuki pawon mbah gito. Langsung saja ambil piring dan mangkuk kemudian pilih menu prasmanan, kalian bisa memilih sesuka kalian, bisa langsung menuju kasir untuk memesan minuman dan melakukan transaksi pembayaran. Berkunjung kesini, kalian gausah khawatir kalo mau sholat, musholanya cukup gede dan bersih ada di bagian tengah. Di balik mushola juga ada spot lucu gtu, di bagian samping ada selokan kecil yang airnya jernih juga masih ada spot lucu juga karena terdapat kursi taman diantara ilalang-ilalang lanjut di bagian belakang ada spot lantai 2 juga beberapa trampolin yang ramah anak-anak ??

Cocok untuk bersantai bersama keluarga, dan sahabat. View yang menurutku Oke ketika datang kesini sekitar jam 15.00 WIB
Sekian ulasan dari RETi dan silahkan berkunjung"
4,2021-01-09T12:26:00.048Z,Heru Djatmika,Bakminya ok
5,2021-01-07T07:38:49.379Z,Pujo Wiyanto,"Istimewaaaaa.... rasa enak, tempat nyaman, pelayanan ramah.... menunya lengkap, bnyak pilihan dan enak2.. minumanya uenak2... rekomennnnn.."
3,2021-01-06T18:13:46.260Z,Agung Pradjoko,"Kuliner baru dg setingan menarik, menu mantap rasa dan porsinya. Anda dpt maksimal menikmati tempat ini asalkan ga hujan, model kuliner semacam ini biasanya dikunjungi rombongan besar/ kecil dan kdg dtg bersamaan,  jd perlu sistem order/ koordinasi yg baik antara pegawai di depan maupun di pawon/ dapur, utk mengindari miscom/ kelupaan pesanan makanan ! ??"
4,2021-01-06T13:26:07.905Z,kharisma anindhita,"Beberapa kali makan di sini, makanan bervariasi. Ada yg cita rasa cocok ada yg perlu ditingkatkan lagi dari kualitas makanan."
4,2021-01-06T05:01:31.596Z,Gestan Prima Pariska,"Tempatnya enak, nyaman. Mewah, mepet sawah. Menu masakan jawanya sesuai dg selera orang jawa. Sambalnya cenderung manis"
4,2021-01-05T01:41:53.758Z,Nurni Mariyani,"Makanan biasa, hanya spot foto aj seh sbnrnya.."
3,2021-01-04T07:30:10.099Z,Rosyid Rizky,"Tempatnya nyaman, namun menu yang di tawarkan kurang beragam, lumayan pricey untuk rasa yang di tawarkan"
5,2021-01-03T07:27:40.242Z,danial ridwan,"Nyaman bgt, cocok buat org kota yg kangen kampung halaman, makanan rumahan kya masakan emak"
5,2021-01-02T05:53:58.816Z,R Hadi Susanto CPA,"Tempat nyaman walau tdk terlalu besar, model memanjang, disamping ada aliran irigasi yg bersih, anak saya bisa nyaman dan aman main air disana"
5,2021-01-01T16:05:35.712Z,Chandra X,Enak nyaman
5,2021-01-01T14:10:03.638Z,pertiwi anggi,"Bismillah..tempat yang recomended banget buat nikmatin suasana alam yang bisa bikin hati dan perasaan rileks..makanan nya enak, seluruh pembuatan nya in syaa Allah mempertimbangkan unsur halal dan haram..pegawai nya ramah2, lokasi nya jauh dari keramaian makin mendukung buat orang2 yang pengen refresh pikiran nya..

Mushola nya luar biasa..bikin betah buat lama2 beribadah disana..harga makanan termasuk murah dengan fasilitas dan kebersihan yang ada disini

Cocok buat tongkrongan anak muda ataupun sudah berkeluarga..??"
4,2021-01-01T10:21:05.989Z,Agus Setiawan,"Bagus tempatnya, suasananya nyaman. Apalagi pas mendung dan hujan gerimis...tambah??"
4,2021-01-01T09:24:41.895Z,Fardi Romansyah,"Bagus, tempatnya keren makanan nya oke, hanya kebersihan perlu sedikit ditingkatkan lagi"
4,2020-12-31T14:33:02.827Z,Dwi W.L,kopi item dan pisang gorengnya mak nyus. tempatnya bersih dan viewnya bagus??????
5,2020-12-31T09:57:51.220Z,minomartani 43,Nyaman
5,2020-12-30T11:56:40.607Z,Dimas Yunus Tirtana,Nyaman bgttt
5,2020-12-29T10:17:17.172Z,Indri Yp,"Bagus protokol covidnya, perlengkapan bersih dan tempat makan terbuka di bawah pendopo dan ditengah kebun yang asri. Sangat direkomendasikan untuk sarapan karena lebih sepi dan adem. Masakannya lezat khas ndeso."
5,2020-12-29T00:22:30.615Z,budiwe,"Tempat menyenangkan dengan pemandangan kebun Jagung khas pedesaan.
Makanan juga enak dan serba ndeso."
5,2020-12-26T12:21:55.576Z,Zulaika Astuti,"Tempat yang enak dan asyik untuk ngopi
Dengan spot foto yang Bagus juga"
4,2020-12-26T11:05:43.020Z,Pakdhe_ Prapto62,"Tempat nyaman area persawahan  asri nyaman  suasana tenang,banyak menu  makanan dan minuman  serta gorengan harga terjangkau
Viewnya tinggal pilih diarea sawah atau  dilantai atas....mantap"
5,2020-12-26T09:10:55.421Z,Ratih Melati,"Suasana menyenangkan, menu klasik jawa, banyak pilihan teh dan kopi."
5,2020-12-25T13:25:58.314Z,Ali Akbar Berkabar,Makanannya enak dan tempatnya bagus! Betah sampai sore dan malam karena suasananya keren. Wajib kunjung saat di Yogyakarta!
5,2020-12-24T14:23:21.816Z,Maulana Ibrahim,Tempatnya nyaman dan makanan enak
5,2020-12-23T06:51:08.526Z,Choirul Nur Ahmad,Asri banget suasananya. Cocok buat family.
5,2020-12-19T15:41:10.888Z,Narajuwi Channel,"Baru tau klo ada tempat enak buat kumpul enak di daerah sana. Biasa kumpul di referensi sebelahnya.

Pawon Mbah Gito OK, view sawahnya juara di bagian belakang. Ada arena bermain buat anak2nya juga.

Recommended !!!"
1,2020-12-18T04:15:26.455Z,Meira Andini,"tolong untuk waitress dan kasir nya di training lagi, pesen roti bakar nutella sampe 2 jam lebih ga dateng2 smpe akhirnya saya pulang, padahal sudah masuk nota. Pas saya komplain malah balik tanya roti bakar apa, emang ga ngecek pesanan nya apa aja. Menu nya juga kurang bervariasi, padahal tempatnya lumayan cozy."
5,2020-12-15T08:39:05.516Z,Bobi Jovi,Enak semua makanannya
5,2020-12-15T02:22:57.411Z,tin arta,"Parkiran masih terbatas mungkin sedang diperluas.
Makanan enak banyak pilihan cemilan dan minuman juga. .
Ada sungai kecil yg airnya jernih.
Sport foto banyak"
5,2020-12-13T13:52:38.863Z,Dewi Andarwati,"Tempat wisata kuliner&spot foto keren dengan nuansa alam yang Yogya banget.
Bisa pilih menu prasmanan atau ala carte. Berbagai menu mulai dari menu tradisional Jawa&ada beberapa menu western juga.

Ada rooftop yang asik buat menikmati pemandangan alam sekitar yang masih asri&jauh dari hiruk-pikuk kota.
Ada playground yang membuat anak-anak leluasa bermain di alam dan fasilitas-fasilitas lain.
Dan juga ada fasilitas-fasilitas pendukung lainnya yang membuat nyaman dan betah di sini.

?? Pawon Mbah Gito
Jl.Pasirluhur Jl.Mendiro Raya No.03 Rt.26 Area Sawah,Sukoharjo,Ngaglik,Sleman,Yogyakarta.
? 07.00-22.00 (Buka setiap hari)"
5,2020-12-11T12:33:42.488Z,Suci Harry,"Tempat makan yg enak terutama view nya, bawa rombongan lebih enak lagi bisa berlama2. Yg menghendaki ayam goreng hanya ada pukul 14.30. Menuju lokasi ikuti google map pasti nyampe. Parkir cukup luas, bersih. Recomended bagi yg mau berkunjung."
5,2020-12-11T12:04:10.093Z,Yunus Setiawan,"Tempatnya nyaman banget
Bisa rileks dengan kebun jagung lokasi di sekitarnya
Sirkulasi udara jelas alami ????
Makanannya enak murah ,pisang goreng ,singkong goreng dan tempe mendoan disajikan hangat
Mulai jam 3 sore menu lebih lengkap
Recomended gaes"
5,2020-12-11T08:49:38.531Z,Nurul,Masakan tempo dulu..????
4,2020-12-06T10:58:59.509Z,Lis Wahyuti,Restoran dengan konsep persawahan dan menyediakan makanan khas kampung. Restoran berupa rumah adat joglo. Dan makanan konsepnya prasmanan. Lokasi restoran ke arah Kaliurang. Di sekitaran restoran terdapat kebun jagung sehingga suasana pedesaan sangat terasa. Ini adalah restoran baru buka tapi sudah sangat ramai.
3,2020-12-06T10:15:53.631Z,Didit Mbulgant,Pas datang masakannya abis padahal masih jam 2 siang...dan ngga ditawari menu yang lain.
2,2020-12-05T11:52:07.571Z,Spin tennis,"Di promosinya jelas tertulis nasi sayur sepuasnya seharga 10rb tapi kenyataannya hanya untuk nasi putih saja. Untuk sayuran, Anda akan dikenakan biaya untuk setiap porsi yang Anda ambil, jadi itu hanya iklan palsu, jika bukan iklan yang salah arah."
4,2020-12-04T04:12:42.665Z,herdi kurniawan,"Tempat cozy,masakan enak...."
4,2020-12-03T19:16:45.526Z,siti azizah,Suasana ndeso..lokasi ndeso tapi dekat dan lumayan gampang di akses
4,2020-12-03T12:17:10.989Z,Nieken Adjie,Termasuk mahal yo..
4,2020-12-03T04:28:01.966Z,Puspa Puspita,"Adegannya sangat bagus. Mereka memiliki masjid kecil yang bersih dan rapi, luar biasa! Makanannya enak, tapi agak mahal"
4,2020-12-03T03:11:36.805Z,Sofia Jauza,Tempat  makan yg sangat nyaman bgt..ditepi.persawahan
5,2020-11-30T11:17:14.184Z,aryo septian,"Asik tempat nya, nyaman, ada tempat main utk anak kecil juga. Makanannya enak rumahan banget, harga juga relatif murah, nyaman buat makan bareng keluarga atau sekedar mau nongkrong sama temen2."
5,2020-11-28T10:00:47.707Z,Bakpia Tugu Jogja Tajem,Asyik tempat nya
5,2020-11-28T06:31:33.630Z,Agus Junaidi,tempat nya nyaman sejuk . suasana pedesaan  .rumah joglo . masakan traditional
5,2020-11-27T06:39:23.710Z,Wibi,"Tempat yang indah, suasana hati, dan makanan"
5,2020-11-26T13:06:49.752Z,Sulis Tyo,"Yuk yang masih nyari makanan khas dari Ndeso bisa kesini..nyaman, adem adem.."
3,2020-11-25T08:36:44.600Z,Yudhi Dk,"bagus tempatnya saja, nyaman, dan silir karena dekat perwasahan sama kebun jagung. Selebihnya itu untuk masakan dan harganya tidak se ""worth it"" Itu."
5,2020-11-24T13:11:54.010Z,Brillian (Horta),"tempatnya oke, makananya kurang gercep , kesana pas habis dan kudu nunggu jam 4"
2,2020-11-23T15:01:45.160Z,r2d2,"Makanan tidak direkomendasikan, terlalu asin
Tempat yang nyaman
Harga oke
Pelayanannya bagus"
1,2020-11-23T12:22:01.537Z,tria indriastuti,"Mengecewakan sekaliiiii...
Kesini bersama keluarga besar, banyak menu yg sudah kosong & menunya luamaaaaaaa banget gak keluar2, keluar pun satu2 ( jarak keluar antar menu lama ).
Setiap pelayan antar menu, Kita selalu update menu apa aja yg keluar, tau2 ntar dibilang habis menu yg dipesan ( antara bagian dapur, kasir & pelayan gak sikron, yg satu bilang habis, yg satu bilang masih ).
Setelah sebagian menu keluar, menu yg lain gak keluar2 lagi tapi menu pengunjung yg lain, yg datengnya jauhhhhh duluan Kita sudah keluar ( padahal menu pengunjung yg lain itu sama dgn menu Kita yg belum keluar ).
Setelah Kita tunggu sekian lama, akhirnya Kita cancel & alasan mereka antri sesuai urutan ( sesuai urutan drmn, yg dateng setelah Kita aja udah keluar menunya ), setelah agak Pake year, akhirnya mereka mau mengcancel pesanan Kita yg belum keluar & sebagai kompensasi Kita dapat 2 bungkus nasi goreng ( disusulkan ketika Kita di parkiran ).
Untuk rasa makanan & minuman menurut kami gak enak ( maaf, tp selera setiap org berbeda ).
Pokoknya kesan pertama yg sangat mengecewakan.
Semoga jadi pelajaran buat pawon mbah gito ( karyawan ), semoga ke depan lebih baik."
5,2020-11-23T01:55:54.205Z,Grace K,"Datang kesini jam 20.30 dan cuma ada 1 tamu lain sehingga terasa sangat nyaman. Kami duduk2 makan di udara terbuka (dikelilingi kebun jagung) sambil ditemani suara serangga & kodok. Tempatnya cukup luas & bersih dgn design yg apik. Banyak opsi seat : indoor, outdoor dgn view taman, teras atas dgn view kebun jagung, dan teras samping yg langsung bersisian dgn kebun jagung. Karena sudah banyak yg sold out jadi hanya order nasi goreng. Makanan datang dalam 15 menit. Keunggulannya rasa masakan sedap & berempah, khas nasi goreng jawa.
Anehnya jam 20.30 minuman TEH sudah sold out, which is cukup mengherankan bagi saya."
3,2020-11-22T12:37:41.043Z,Iwan Prasetyo,Garnis nya nasi goreang klu bisa jgn pakai daun jagung dong...kita kan ndak tau..phon jagung nya higienes atau tidak...kita ndak tau daun nya kena obat pestisida ndak nya...masuakan aj..jadi kita raguvmau makan nya...
5,2020-11-22T06:16:18.378Z,Hafiz Salman,makanan enak tempat enak. rekomended
4,2020-11-21T10:49:00.681Z,Triono Djoko,"Enak sih masakannya, sekedar masukan mungkin tarifnya perlu disesuaikan dengan kompetitor yang lain, misal kopi 12, kopi klothok dll lagi..."
5,2020-11-21T06:37:54.441Z,tolibatu _ridhoAllahi,"Mantap, enak masakan ya, lodeh nya enak, pemandangan rindang tempat bersih, mantap"
5,2020-11-20T23:45:05.949Z,Bang Pitung,Tempat yg enak buat tempat persembunyian.... Paham ga Lo "tempat persembunyian" tong? Whahahahahaha
5,2020-11-20T15:00:32.070Z,Evi Hera,"Tempat makan yg murah, nyaman sambil menikmati kebun jagung dan pelayanan yg ramah."
5,2020-11-20T09:01:13.146Z,Tutuko Jalanjalan,Bersih
4,2020-11-19T22:45:20.952Z,atmojous,Alami. Makanan utamanya enak.
5,2020-11-18T12:40:15.600Z,mamas chanel,Karena sanga strategis dan sejuk
5,2020-11-17T10:11:36.467Z,Hendi Avanda,Tempat nya enak. Sayur dan tahu bacem nya juga enak.
5,2020-11-15T11:42:58.384Z,Ridwan Rahman,Suasana syahdu. Masakan enak.
4,2020-11-14T01:56:40.337Z,Basuki Wibowo,Suasananya nyaman. Makanannya enak. Cobain minum "Temu Kangen"......??????
5,2020-11-13T02:24:56.632Z,ady prabowo,"Spotnya asiiik bgt..
Kereeeen..
Buat selfie, buat ngopi, buat sarapan, buat ngumpul kluarga, arisan dll
Ada musholanya gede, toilet dipisah dan bersih bgt..
Pelayanannya ramah bgt..so welcome..
Feels like home..
Samping2nya pohon jagung, udaranya segeeer bgt, ada spot lantai 2 semi roof top gt..
Makanannya enaaak bgt..
Rekomendasi untuk menghabiskan me time kalian dengan kluarga..atau sahabat.."
